year,cutoff,n_train_rows,train_signal_dates,positive_class_rate,n_predict_rows,max_train_exit21,causal_ok
2017,2017-01-01,220,22,0.5181818181818182,120,2016-12-01,True
2018,2018-01-01,340,34,0.538235294117647,120,2017-12-01,True
2019,2019-01-01,460,46,0.5304347826086957,120,2018-12-03,True
2020,2020-01-01,580,58,0.5431034482758621,120,2019-12-03,True
2021,2021-01-01,710,71,0.5605633802816902,120,2020-12-31,True
2022,2022-01-01,830,83,0.5650602409638554,120,2021-12-31,True
2023,2023-01-01,940,94,0.5638297872340425,120,2022-12-01,True
2024,2024-01-01,1060,106,0.5490566037735849,120,2023-12-01,True
2025,2025-01-01,1180,118,0.5491525423728814,120,2024-12-03,True
2026,2026-01-01,1310,131,0.5618320610687023,60,2025-12-31,True
