signal_date,global_winner,ltr_top1_ticker,ltr_top1_ret21,hybrid24_only_ticker,hybrid24_only_ret21,cascade_ticker,cascade_ret21,cascade_hybrid24_score,ltr_top1_is_global_winner,hybrid24_only_is_global_winner,cascade_is_global_winner,top5_contains_global_winner,top5_names_ltr_order,top5_names_hybrid24_order
2017-01-31,XBI,PALL,0.0027548182225876072,PALL,0.0027548182225876072,PALL,0.0027548182225876072,0.993801998079086,False,False,False,False,PALL|EZA|GDX|URA|GDXJ,PALL|URA|EZA|GDX|GDXJ
2017-02-28,UNG,UNG,0.1261128205244304,GDXJ,-0.0033517245786205407,GDXJ,-0.0033517245786205407,0.981793560394937,True,False,False,True,UNG|XRT|GDX|GDXJ|URA,GDXJ|GDX|URA|XRT|UNG
2017-03-31,EPOL,EZA,0.05199520514601108,URA,-0.1372549717814594,EZA,0.05199520514601108,0.9156962296271648,False,False,False,True,EZA|TUR|DBO|FXI|EPOL,EZA|FXI|TUR|EPOL|DBO
2017-04-28,EWY,GDXJ,-0.014375153554917253,URA,-0.010646348792332283,URA,-0.010646348792332283,0.913789279778499,False,False,False,False,GDXJ|GDX|BNO|SLV|URA,URA|GDXJ|GDX|BNO|SLV
2017-05-31,XBI,USO,-0.0689311207073462,UNG,-0.028818484791540033,UNG,-0.028818484791540033,0.8517304939133019,False,False,False,False,USO|KRE|UNG|XLE|URA,UNG|KRE|URA|USO|XLE
2017-06-30,KWEB,SMH,0.05814527264463454,SMH,0.05814527264463454,SMH,0.05814527264463454,0.9025156537672562,False,False,False,False,SMH|UNG|EWZ|SOXX|USO,SMH|SOXX|UNG|EWZ|USO
2017-07-31,DBB,IHI,-0.010675685883497654,SMH,0.010565469117636894,SMH,0.010565469117636894,0.9117454400223473,False,False,False,False,IHI|SOXX|HACK|FDN|SMH,SMH|SOXX|FDN|HACK|IHI
2017-08-31,KRE,USO,0.06354162837896227,EPHE,0.03480938367130748,USO,0.06354162837896227,0.7217331996266145,False,False,False,False,USO|USL|GDXJ|UNG|CORN,USO|USL|CORN|GDXJ|UNG
2017-09-29,TAN,EZA,0.01762491704499425,ICLN,0.0366258305449223,EZA,0.01762491704499425,0.8754908903211982,False,False,False,True,EZA|UNG|URA|TAN|KWEB,EZA|TAN|KWEB|UNG|URA
2017-10-31,URA,IBB,0.002473928290811944,GDXJ,-0.01678058059003862,GDXJ,-0.01678058059003862,0.954988785503904,False,False,False,False,IBB|XBI|GDXJ|EWZ|UNG,GDXJ|UNG|EWZ|XBI|IBB
2017-11-30,TUR,UNG,-0.030944635399350773,GDXJ,0.1078461940746136,SLV,0.04993517859623342,0.9129731479746972,False,False,False,True,UNG|SLV|KWEB|TUR|FXI,SLV|FXI|UNG|KWEB|TUR
2017-12-29,EWZ,UNG,0.01697019246695186,ICLN,0.018143430330150645,EWZ,0.12907117350730601,0.8297878302260091,False,False,True,True,UNG|XBI|URA|EWZ|KBE,EWZ|UNG|XBI|KBE|URA
2018-01-31,HACK,URA,-0.06925801739415327,IYT,-0.05173469829697208,PALL,-0.047546327533254606,0.8506432128007235,False,False,False,False,URA|PALL|EPHE|XLE|TAN,PALL|TAN|EPHE|URA|XLE
2018-02-28,BNO,URA,-0.055686313977411195,EIDO,-0.058885094284085615,EIDO,-0.058885094284085615,0.8599345958749256,False,False,False,False,URA|GDX|EIDO|TUR|FXI,EIDO|URA|FXI|GDX|TUR
2018-03-29,URA,URA,0.0980066194956164,SOXX,-0.05703744928313881,SOXX,-0.05703744928313881,0.8969211640206645,True,False,False,True,URA|XBI|FDN|EWZ|SOXX,SOXX|URA|XBI|FDN|EWZ
2018-04-30,SOXX,EIDO,0.0035573270705617777,XBI,0.08506480513450976,ITA,0.05092111154477741,0.8121131076098366,False,False,False,False,EIDO|ITA|XLI|KWEB|TUR,ITA|XLI|KWEB|TUR|EIDO
2018-05-31,USO,DBO,0.047377527728016844,IGV,-0.012567030756603481,USL,0.05944350287642175,0.8350125535950927,False,False,False,True,DBO|USL|USO|EZA|URA,USL|DBO|USO|EZA|URA
2018-06-29,EWZ,ARGT,0.10419775953218391,MTUM,0.02933851737445292,FDN,-0.005931875067675563,0.7988380715429924,False,False,False,False,ARGT|URA|FDN|KBE|XBI,FDN|KBE|ARGT|XBI|URA
2018-07-31,HACK,XBI,0.04457046729512304,MTUM,0.05584356361466303,IGV,0.08336924314993066,0.8601903256857426,False,False,False,True,XBI|IGV|HACK|FDN|KWEB,IGV|FDN|HACK|XBI|KWEB
2018-08-31,EWZ,EWZ,0.21056028321463605,EZA,0.014691616775190486,EZA,0.014691616775190486,0.8342059213658486,True,False,False,True,EWZ|EZA|ARGT|KWEB|ASHR,EZA|EWZ|ARGT|ASHR|KWEB
2018-09-28,EWZ,KRE,-0.11131582669886586,EWI,-0.10114784440418356,KRE,-0.11131582669886586,0.6936285771729965,False,False,False,False,KRE|KBE|EPI|TUR|BNO,KRE|KBE|EPI|TUR|BNO
2018-10-31,UNG,GDXJ,-0.025815542442161332,GDXJ,-0.025815542442161332,GDXJ,-0.025815542442161332,0.8939262099866518,False,False,False,False,GDXJ|ARGT|GDX|XBI|EZA,GDXJ|ARGT|EZA|GDX|XBI
2018-11-30,GDXJ,GDXJ,0.14134522742881028,ARGT,-0.07407878370565935,GDX,0.0955027765102594,0.8984228491919071,True,False,False,True,GDXJ|GDX|USO|USL|BNO,GDX|GDXJ|USL|BNO|USO
2018-12-31,TAN,UNG,0.026424496909220885,UNG,0.026424496909220885,UNG,0.026424496909220885,0.9325094543405228,False,False,False,False,UNG|KWEB|DBO|BNO|USO,UNG|BNO|DBO|USO|KWEB
2019-01-31,ASHR,BNO,0.0724138078451444,BNO,0.0724138078451444,BNO,0.0724138078451444,0.8968337103490034,False,False,False,False,BNO|USL|XBI|KWEB|UNG,BNO|USL|UNG|KWEB|XBI
2019-02-28,EPI,EZA,0.01045008847872575,VNQ,0.0438651726722854,UNG,-0.06101422433216164,0.7719473907734691,False,False,False,False,EZA|UNG|GDX|GDXJ|XBI,UNG|GDXJ|GDX|XBI|EZA
2019-03-29,SOXX,TAN,0.08923210679117277,QUAL,0.03363231691202073,UNG,-0.04641351671135119,0.8156252002438453,False,False,False,False,TAN|UNG|ARGT|KWEB|XBI,UNG|TAN|XBI|ARGT|KWEB
2019-04-30,CORN,ARGT,0.07907895946079191,XBI,-0.06362759052224842,XBI,-0.06362759052224842,0.8367890739423953,False,False,False,False,ARGT|XBI|GDXJ|ASHR|TUR,XBI|ARGT|TUR|GDXJ|ASHR
2019-05-31,PALL,PALL,0.16693105100887173,DBO,0.07465841919470129,USO,0.08053095858867687,0.8593138993273011,True,False,False,True,PALL|EWZ|USO|KWEB|TUR,USO|PALL|EWZ|TUR|KWEB
2019-06-28,GDXJ,UNG,-0.012886598191538479,VNQ,0.015458164197158064,IYR,0.01733709399005612,0.7662793559724734,False,False,False,False,UNG|TUR|SMH|SOXX|IYR,IYR|SOXX|SMH|UNG|TUR
2019-07-31,EDV,UNG,-0.015014977173866795,XLU,0.055509133898344,UNG,-0.015014977173866795,0.7431785159317128,False,False,False,False,UNG|XBI|DBO|KWEB|BNO,UNG|KWEB|BNO|XBI|DBO
2019-08-30,PALL,ARGT,-0.004424672484659942,IHI,-0.02195290445042586,GDXJ,-0.09762529882064885,0.7677521622846173,False,False,False,False,ARGT|UNG|EZA|EWZ|GDXJ,GDXJ|ARGT|EZA|EWZ|UNG
2019-09-30,UNG,KWEB,0.08229061192930742,GDXJ,0.04889488681059251,GDXJ,0.04889488681059251,0.8817146156086508,False,False,False,True,KWEB|UNG|USL|GDXJ|USO,GDXJ|KWEB|UNG|USL|USO
2019-10-31,XBI,TAN,-0.019121741272098314,ARGT,0.0411766078217064,ARGT,0.0411766078217064,0.8559648662756505,False,False,False,False,TAN|ARGT|USO|USL|BNO,ARGT|TAN|USL|BNO|USO
2019-11-29,GDXJ,UNG,-0.0655829633568823,UNG,-0.0655829633568823,UNG,-0.0655829633568823,0.9187489092073948,False,False,False,False,UNG|DBO|BNO|SLV|TAN,UNG|TAN|DBO|SLV|BNO
2019-12-31,PALL,UNG,-0.13377327448737575,BNO,-0.14463009910747016,BNO,-0.14463009910747016,0.9329974245733956,False,False,False,False,UNG|EDV|USO|BNO|DBO,BNO|UNG|DBO|USO|EDV
2020-01-31,TAN,USO,-0.059534915657930565,XLE,-0.12610088744243242,ASHR,0.1491159331536287,0.8537501443006885,False,False,False,False,USO|GDXJ|SOXX|GDX|ASHR,ASHR|SOXX|USO|GDXJ|GDX
2020-02-28,EDV,XLE,-0.3500795104083475,XLE,-0.3500795104083475,XLE,-0.3500795104083475,0.9520740956550112,False,False,False,False,XLE|ARGT|TUR|PPLT|XBI,XLE|ARGT|TUR|XBI|PPLT
2020-03-31,GDXJ,EWZ,0.07014398712639647,XLE,0.32361267676035466,XLE,0.32361267676035466,0.8572258047010914,False,False,False,False,EWZ|TAN|USO|USL|XLE,XLE|USL|USO|EWZ|TAN
2020-04-30,BNO,PALL,0.02463958107243336,SOXX,0.09770191559119445,USL,0.3180515605326768,0.837971446787769,False,False,False,True,PALL|EWZ|USO|USL|BNO,USL|BNO|USO|EWZ|PALL
2020-05-29,KWEB,XLE,-0.03951865236282859,XBI,0.0658323578073341,USL,0.09179108439747496,0.911544997731601,False,False,False,False,XLE|UNG|USL|USO|PALL,USL|USO|UNG|XLE|PALL
2020-06-30,SLV,UNG,0.04929584964565814,EZA,0.07080653237093082,EZA,0.07080653237093082,0.8475409780014462,False,False,False,False,UNG|EZA|EWZ|EIDO|XLE,EZA|XLE|EIDO|EWZ|UNG
2020-07-31,TAN,XBI,0.011909323427755414,EPHE,0.037456193745730726,EZA,0.040054247409724075,0.8407092793187771,False,False,False,False,XBI|ITA|EZA|EWZ|BNO,EZA|ITA|EWZ|XBI|BNO
2020-08-31,TAN,EWZ,-0.1019607701306926,EWZ,-0.1019607701306926,EWZ,-0.1019607701306926,0.9489950354056438,False,False,False,False,EWZ|XLE|EZA|KBE|KRE,EWZ|KBE|KRE|EZA|XLE
2020-09-30,KRE,KBE,0.09793985949412987,EWZ,-0.010916874499919182,EWZ,-0.010916874499919182,0.9504940090263132,False,False,False,False,KBE|SLV|EWZ|GDXJ|GDX,EWZ|KBE|GDX|SLV|GDXJ
2020-10-30,EWO,ITA,0.21168666885880905,ITA,0.21168666885880905,ITA,0.21168666885880905,0.9099685691425364,False,False,False,False,ITA|BNO|XRT|EPOL|UNG,ITA|XRT|BNO|EPOL|UNG
2020-11-30,URA,GDX,0.026561052497227067,EWD,0.026905718275963775,UNG,-0.14489986055808401,0.8127403502836121,False,False,False,False,GDX|UNG|SLV|GDXJ|EIDO,UNG|GDXJ|GDX|SLV|EIDO
2020-12-31,KWEB,UNG,0.09157893532200867,UNG,0.09157893532200867,UNG,0.09157893532200867,0.8662752316602489,False,False,False,True,UNG|XBI|XLE|IBB|KWEB,UNG|XBI|IBB|KWEB|XLE
2021-01-29,URA,UNG,0.035992207701365686,EIDO,0.009445980664204212,UNG,0.035992207701365686,0.9253492488300594,False,False,False,False,UNG|KBE|KWEB|XLE|EWZ,UNG|KBE|EWZ|XLE|KWEB
2021-02-26,PALL,EWZ,-0.00030883039841744786,IGV,-0.07937685621972668,EWZ,-0.00030883039841744786,0.9190201531314948,False,False,False,False,EWZ|KWEB|TAN|UNG|ICLN,EWZ|UNG|KWEB|TAN|ICLN
2021-03-31,CORN,GDXJ,0.05588287412210757,XLF,0.07558856346387133,KRE,0.04863613215235163,0.8408474048054113,False,False,False,False,GDXJ|ICLN|KWEB|TAN|KRE,KRE|GDXJ|ICLN|KWEB|TAN
2021-04-30,URA,TUR,-0.01710100535911574,ICLN,-0.03216127833271565,TAN,-0.058837591871009565,0.8811739745337277,False,False,False,False,TUR|XBI|KRE|TAN|GDXJ,TAN|KRE|GDXJ|TUR|XBI
2021-05-28,UNG,TUR,-0.05372248261576351,ICLN,0.019004773212460524,KBE,-0.07185396814735767,0.906304193138973,False,False,False,False,TUR|KRE|KBE|IWN|KWEB,KBE|KRE|TUR|IWN|KWEB
2021-06-30,UNG,CORN,-0.08416744403996923,TAN,-0.03027252136905667,TAN,-0.03027252136905667,0.881488615720875,False,False,False,False,CORN|KWEB|TAN|TUR|ICLN,TAN|TUR|ICLN|KWEB|CORN
2021-07-30,ARGT,CORN,-0.0004966876279205445,KWEB,-0.013529281346025268,KWEB,-0.013529281346025268,0.8867909791710783,False,False,False,False,CORN|PALL|URA|KWEB|TAN,KWEB|TAN|PALL|CORN|URA
2021-08-31,UNG,TAN,-0.06046504838504396,ARGT,-0.09393600416589976,TAN,-0.06046504838504396,0.7998547512808251,False,False,False,False,TAN|PALL|URA|GDXJ|KRE,TAN|KRE|PALL|GDXJ|URA
2021-09-30,TAN,KWEB,0.014630804905459538,SOXX,0.0615672358713415,MCHI,0.022413486448596975,0.8392971183556848,False,False,False,True,KWEB|TAN|MCHI|EWZ|KRE,MCHI|KRE|KWEB|EWZ|TAN
2021-10-29,SMH,PPLT,-0.1011729269717958,EWO,-0.04026318125538775,EWZ,0.0027128497009270003,0.8723736760707554,False,False,False,False,PPLT|PALL|UNG|EWZ|GDXJ,EWZ|PALL|PPLT|GDXJ|UNG
2021-11-30,USL,PALL,0.0805303393937975,PPLT,0.010552639837248856,PALL,0.0805303393937975,0.899179568002821,False,False,False,False,PALL|EWZ|ARGT|KWEB|TUR,PALL|EWZ|KWEB|ARGT|TUR
2021-12-31,UNG,UNG,0.49959842267627663,PALL,0.27687837200148735,PALL,0.27687837200148735,0.9476896006481196,True,False,False,True,UNG|KWEB|TUR|PALL|URA,PALL|TUR|KWEB|UNG|URA
2022-01-31,BNO,URA,0.20493004628877398,KRE,0.025798624809743043,GDXJ,0.16425998543063414,0.8683464075822185,False,False,False,False,URA|UNG|KWEB|PALL|GDXJ,GDXJ|URA|PALL|KWEB|UNG
2022-02-28,UNG,EWO,0.0350303820844462,TUR,0.11057722105429435,EPOL,0.08872781754323045,0.92256294476696,False,False,False,False,EWO|EPOL|XRT|KWEB|TAN,EPOL|XRT|EWO|KWEB|TAN
2022-03-31,UNG,USO,0.04838483425746709,XRT,-0.04680499647819447,USO,0.04838483425746709,0.8727754962163605,False,False,False,True,USO|UNG|PALL|USL|GSG,USO|UNG|USL|GSG|PALL
2022-04-29,XLE,KWEB,0.04487174272457062,XBI,-0.05847147078853976,EPOL,0.05799881605972135,0.8472622637392707,False,False,False,False,KWEB|EPOL|URA|UNG|BNO,EPOL|BNO|URA|UNG|KWEB
2022-05-31,KWEB,PALL,-0.03899374157593616,USL,-0.054472873597377736,PALL,-0.03899374157593616,0.8985637496721023,False,False,False,True,PALL|KWEB|FDN|XLY|IGV,PALL|FDN|IGV|KWEB|XLY
2022-06-30,UNG,ARGT,0.12112547552903519,USL,-0.06481252993997366,URA,0.13569486038351197,0.885174268162732,False,False,False,False,ARGT|GDXJ|SOXX|GDX|URA,URA|GDXJ|GDX|SOXX|ARGT
2022-07-29,TUR,GDX,-0.06858651940421567,XBI,0.05514079871240929,GDX,-0.06858651940421567,0.8516479885820301,False,False,False,False,GDX|URA|HACK|EPOL|GDXJ,GDX|GDXJ|HACK|EPOL|URA
2022-08-31,SLV,GDX,0.049250520730371505,XRT,-0.0837214965408497,SMH,-0.1041427144656677,0.8912783739979127,False,False,False,False,GDX|GDXJ|KWEB|SMH|PALL,SMH|GDXJ|GDX|KWEB|PALL
2022-09-30,XLE,KWEB,-0.15272140503154996,XRT,0.11540492542108138,KWEB,-0.15272140503154996,0.8527769468125633,False,False,False,False,KWEB|GDXJ|UNG|EPOL|MCHI,KWEB|EPOL|GDXJ|MCHI|UNG
2022-10-31,KWEB,UNG,0.12002067790900517,VTI,0.045051009847527634,KWEB,0.33461174802708205,0.8277819272747262,False,False,True,True,UNG|FXI|MCHI|KWEB|PALL,KWEB|PALL|FXI|MCHI|UNG
2022-11-30,KWEB,PALL,-0.062372613115235453,MDY,-0.05268340034448904,PALL,-0.062372613115235453,0.8677105043829414,False,False,False,True,PALL|DBO|URA|KWEB|FXI,PALL|DBO|FXI|KWEB|URA
2022-12-30,SMH,EDV,0.09330862640721671,EWD,0.11486901958404294,EDV,0.09330862640721671,0.7888549512933172,False,False,False,False,EDV|PALL|UNG|PPLT|SOXX,EDV|SOXX|PALL|UNG|PPLT
2023-01-31,TUR,PALL,-0.1473248250599858,EWD,0.015078179561549554,KWEB,-0.09449846136141238,0.8738254729665496,False,False,False,False,PALL|FXI|UNG|KWEB|GDXJ,KWEB|GDXJ|PALL|UNG|FXI
2023-02-28,GDX,TAN,0.014302707353363253,SOXX,0.0730524389528544,KWEB,0.017538156938860405,0.8601653337839965,False,False,False,True,TAN|GDX|KWEB|GDXJ|PALL,KWEB|PALL|TAN|GDXJ|GDX
2023-03-31,EPOL,UNG,-0.06259315557469536,PALL,-0.029200292108215287,PALL,-0.029200292108215287,0.944846868733888,False,False,False,False,UNG|TUR|PALL|EDV|XBI,PALL|UNG|XBI|EDV|TUR
2023-04-28,SMH,KWEB,-0.09938775517991516,KWEB,-0.09938775517991516,KWEB,-0.09938775517991516,0.907718502288542,False,False,False,False,KWEB|KRE|TUR|TAN|FXI,KWEB|TAN|TUR|FXI|KRE
2023-05-31,UNG,PALL,-0.09409446557254442,SOXX,0.06394610912976639,KWEB,0.10219567497128601,0.8808952949315036,False,False,False,False,PALL|GDX|KWEB|KRE|XRT,KWEB|XRT|PALL|KRE|GDX
2023-06-30,TUR,GDXJ,0.012569879988606925,SOXX,0.03777560756121501,TUR,0.17449914534851496,0.8914977776419823,False,False,True,True,GDXJ|XBI|TUR|CORN|PALL,TUR|PALL|XBI|GDXJ|CORN
2023-07-31,TUR,PALL,0.00017514932586726317,SOXX,-0.051150194207295385,SOXX,-0.051150194207295385,0.9038782016091664,False,False,False,False,PALL|TAN|GDXJ|SOXX|GDX,SOXX|PALL|GDXJ|GDX|TAN
2023-08-31,URA,PALL,-0.03684728781758417,PALL,-0.03684728781758417,PALL,-0.03684728781758417,0.944846868733888,False,False,False,False,PALL|UNG|CORN|KWEB|EWZ,PALL|CORN|UNG|EWZ|KWEB
2023-09-29,EPOL,EDV,-0.059886486008264295,EDV,-0.059886486008264295,EDV,-0.059886486008264295,0.9154846494279324,False,False,False,False,EDV|GDXJ|ARGT|UNG|GDX,EDV|GDXJ|ARGT|GDX|UNG
2023-10-31,ARGT,TUR,0.06363075578192823,ARGT,0.31269607104941377,EDV,0.13121118004999377,0.850260106809629,False,True,False,False,TUR|EDV|SMH|UNG|TAN,EDV|TUR|TAN|UNG|SMH
2023-11-30,XBI,UNG,-0.005504538352495203,SOXX,0.06969894834283763,UNG,-0.005504538352495203,0.8948920599350771,False,False,False,False,UNG|EDV|SMH|URA|FXI,UNG|SMH|EDV|URA|FXI
2023-12-29,URA,DBO,0.03548617203522486,TUR,0.12018462924206075,TUR,0.12018462924206075,0.922436487146448,False,False,False,False,DBO|TUR|UNG|KWEB|USO,TUR|UNG|DBO|USO|KWEB
2024-01-31,SMH,UNG,-0.10607618217556192,HACK,0.04190569403678057,UNG,-0.10607618217556192,0.891904851567753,False,False,False,False,UNG|KWEB|EZA|PALL|GDXJ,UNG|KWEB|EZA|PALL|GDXJ
2024-02-29,GDXJ,GDXJ,0.23009697857682543,XLY,-0.02322291585608449,KWEB,0.03478939109791512,0.8853485668203143,True,False,False,True,GDXJ|GDX|EZA|KWEB|UNG,KWEB|EZA|UNG|GDXJ|GDX
2024-03-28,DBB,UNG,-0.019646377324261,UNG,-0.019646377324261,UNG,-0.019646377324261,0.934729984672464,False,False,False,False,UNG|KRE|PALL|SOXX|XBI,UNG|SOXX|KRE|XBI|PALL
2024-04-30,UNG,PALL,0.011678981835745894,UNG,0.2501762012482718,UNG,0.2501762012482718,0.9006302597096502,False,True,True,True,PALL|URA|UNG|KRE|XBI,UNG|PALL|URA|KRE|XBI
2024-05-31,PALL,PALL,0.12042071215647376,IGV,0.11857713564244188,IGV,0.11857713564244188,0.9615476011994528,True,False,False,True,PALL|IGV|SMH|GDX|GDXJ,IGV|PALL|GDXJ|SMH|GDX
2024-06-28,KRE,KWEB,-0.015062469147521962,KWEB,-0.015062469147521962,KWEB,-0.015062469147521962,0.875643008897953,False,False,False,False,KWEB|TAN|SLV|GDXJ|URA,KWEB|URA|TAN|GDXJ|SLV
2024-07-31,ARGT,SLV,0.005653962105088839,KWEB,-0.020037791708225283,KWEB,-0.020037791708225283,0.9220326700658869,False,False,False,False,SLV|KWEB|PALL|UNG|URA,KWEB|URA|UNG|SLV|PALL
2024-08-30,KWEB,TAN,0.038554777399935514,TAN,0.038554777399935514,TAN,0.038554777399935514,0.9191304206795888,False,False,False,True,TAN|UNG|PPLT|KWEB|PALL,TAN|KWEB|UNG|PALL|PPLT
2024-09-30,PALL,SOXX,-0.00524949082407411,PALL,0.14242091003200885,TAN,-0.11373644898742397,0.8895062853868689,False,True,False,False,SOXX|SMH|TAN|USO|SLV,TAN|SLV|SMH|USO|SOXX
2024-10-31,ARGT,SOXX,-0.0016817550040801876,XLK,0.05604988839619107,XLK,0.05604988839619107,0.91052509796837,False,False,False,False,SOXX|SMH|UNG|TAN|XLK,XLK|SMH|SOXX|UNG|TAN
2024-11-29,UNG,SOXX,0.00610600138471229,SOXX,0.00610600138471229,SOXX,0.00610600138471229,0.9659163830812438,False,False,False,False,SOXX|SMH|PALL|KWEB|FXI,SOXX|SMH|PALL|FXI|KWEB
2024-12-31,GDX,TAN,0.0005952517461891293,XLK,-0.025089653875567608,PALL,0.08523271963378187,0.844869884365328,False,False,False,True,TAN|URA|GDX|KWEB|PALL,PALL|URA|GDX|TAN|KWEB
2025-01-31,UNG,SOXX,-0.03696028478267721,SMH,-0.03453831671520746,SMH,-0.03453831671520746,0.9762867454731587,False,False,False,False,SOXX|XLK|SMH|IGV|EWZ,SMH|XLK|SOXX|IGV|EWZ
2025-02-28,GDXJ,TAN,-0.05851559761160252,SOXX,-0.11262051692467201,TAN,-0.05851559761160252,0.9424290174031758,False,False,False,False,TAN|URA|MCHI|KWEB|EIDO,TAN|URA|KWEB|MCHI|EIDO
2025-03-31,URA,SMH,0.018818693774058648,SOXX,-0.007735455518096956,SOXX,-0.007735455518096956,0.9645595530019572,False,False,False,True,SMH|SOXX|IGV|XLK|URA,SOXX|SMH|IGV|XLK|URA
2025-04-30,URA,DBO,0.07083335687547554,TAN,0.12495636898335527,DBO,0.07083335687547554,0.7888907115456314,False,False,False,False,DBO|CPER|USO|BNO|UNG,DBO|CPER|USO|BNO|UNG
2025-05-30,PPLT,USO,0.06186600890433969,IGV,0.04725861237284246,UNG,-0.09069357501674158,0.861763892578532,False,False,False,False,USO|DBO|UNG|PALL|BNO,UNG|BNO|DBO|USO|PALL
2025-06-30,THD,DBO,0.08584339333591862,UNG,-0.11772576932015011,UNG,-0.11772576932015011,0.9845001501867524,False,False,False,False,DBO|USL|UNG|XLE|GSG,UNG|USL|DBO|XLE|GSG
2025-07-31,GDXJ,TAN,0.08131396088836218,UNG,-0.08321061272381325,UNG,-0.08321061272381325,0.9589885273093316,False,False,False,False,TAN|WOOD|UNG|EWZ|KWEB,UNG|EWZ|KWEB|TAN|WOOD
2025-08-29,GDXJ,ARGT,-0.11152073140733565,ARGT,-0.11152073140733565,ARGT,-0.11152073140733565,0.8449236869571082,False,False,False,False,ARGT|UNG|EPOL|EIDO|PALL,ARGT|UNG|EIDO|EPOL|PALL
2025-09-30,ARGT,EPHE,-0.02467160574106686,EPOL,0.05507700210705746,ARGT,0.30041498467581107,0.8559488858015185,False,False,True,True,EPHE|CPER|UNG|ARGT|USO,ARGT|UNG|EPHE|USO|CPER
2025-10-31,SLV,XRT,0.04258730795206689,ARGT,-0.040801545397076255,XRT,0.04258730795206689,0.7768008722664739,False,False,False,False,XRT|GLD|IAU|USO|BNO,XRT|GLD|IAU|USO|BNO
2025-11-28,SLV,KRE,0.053330722559731036,PPLT,0.21029900869164653,KRE,0.053330722559731036,0.8662252309233103,False,False,False,False,KRE|KBE|URA|XRT|ICLN,KRE|KBE|URA|XRT|ICLN
2025-12-31,URA,URA,0.2778927461958334,KBE,0.06109018378246511,GLD,0.12701063290123527,0.9069134082313232,True,False,False,True,URA|GDX|GLD|GDXJ|IAU,GLD|IAU|GDX|GDXJ|URA
2026-01-30,BNO,GDX,0.1510056641169859,PALL,-0.02851709866159846,GDX,0.1510056641169859,0.91350866436801,False,False,False,False,GDX|URA|GDXJ|EZA|CPER,GDX|EZA|CPER|GDXJ|URA
2026-02-27,USO,KBE,-0.011748483913032293,KRE,-0.01164467932746771,KRE,-0.01164467932746771,0.9403571831374768,False,False,False,False,KBE|KRE|UNG|PALL|PPLT,KRE|KBE|PALL|PPLT|UNG
2026-03-31,SOXX,SOXX,0.3747638837025058,IGV,0.06650154016033216,IGV,0.06650154016033216,0.9618057449741432,True,False,False,True,SOXX|SMH|IGV|PPLT|PALL,IGV|SOXX|SMH|PPLT|PALL
2026-04-30,EWY,GDXJ,0.007454928968459118,IGV,0.21423598027641666,PALL,-0.09946435039929846,0.7665175386463395,False,False,False,False,GDXJ|PALL|PPLT|GDX|SLV,PALL|PPLT|SLV|GDX|GDXJ
2026-05-29,XBI,BNO,-0.24564389381472118,HACK,0.04748657466119455,DBO,-0.2084853868119546,0.8652360423658618,False,False,False,False,BNO|USL|DBO|USO|UNG,DBO|USL|BNO|USO|UNG
2026-06-30,BNO,USO,0.2451457568235098,PALL,0.05004551430294568,PPLT,0.03212290837640408,0.93352104954837,False,False,False,True,USO|SLV|BNO|PPLT|DBO,PPLT|BNO|USO|DBO|SLV
