ticker,macro_category
IEUR,C01_US_BROAD_STYLE
IEV,C01_US_BROAD_STYLE
SPEU,C01_US_BROAD_STYLE
HEU.PA,C01_US_BROAD_STYLE
EZU,C01_US_BROAD_STYLE
HEZU,C01_US_BROAD_STYLE
CSSX5E.MI,C01_US_BROAD_STYLE
CSX5.AS,C01_US_BROAD_STYLE
CSX5.L,C01_US_BROAD_STYLE
FEZ,C01_US_BROAD_STYLE
SXRT.DE,C01_US_BROAD_STYLE
VEUR.SW,C01_US_BROAD_STYLE
DBEU,C01_US_BROAD_STYLE
FDD,C01_US_BROAD_STYLE
EXSA.DE,C01_US_BROAD_STYLE
SC0E.DE,C01_US_BROAD_STYLE
IMEU.L,C01_US_BROAD_STYLE
IMEU.AS,C01_US_BROAD_STYLE
IQQY.DE,C01_US_BROAD_STYLE
IMEU.MI,C01_US_BROAD_STYLE
0BYJ.MU,C02_US_SECTOR_THEME
EUFN,C02_US_SECTOR_THEME
EXV1.DE,C02_US_SECTOR_THEME
EXV2.DE,C02_US_SECTOR_THEME
EXV3.DE,C02_US_SECTOR_THEME
EXV4.DE,C02_US_SECTOR_THEME
EXV6.DE,C02_US_SECTOR_THEME
EXV7.DE,C02_US_SECTOR_THEME
EXV8.DE,C02_US_SECTOR_THEME
EXV9.DE,C02_US_SECTOR_THEME
EXH1.DE,C02_US_SECTOR_THEME
EXH2.DE,C02_US_SECTOR_THEME
EXH3.DE,C02_US_SECTOR_THEME
EXH4.DE,C02_US_SECTOR_THEME
EXH5.DE,C02_US_SECTOR_THEME
EXH6.DE,C02_US_SECTOR_THEME
EXH8.DE,C02_US_SECTOR_THEME
EXH9.DE,C02_US_SECTOR_THEME
EXH7.DE,C02_US_SECTOR_THEME
FEUZ,C02_US_SECTOR_THEME
DAX,C03_DEVELOPED_GLOBAL
EFNL,C03_DEVELOPED_GLOBAL
GREK,C03_DEVELOPED_GLOBAL
EDEN,C03_DEVELOPED_GLOBAL
CMB1.L,C03_DEVELOPED_GLOBAL
CSMIB.MI,C03_DEVELOPED_GLOBAL
SXRY.DE,C03_DEVELOPED_GLOBAL
BBVAI.MC,C03_DEVELOPED_GLOBAL
IAEX.AS,C03_DEVELOPED_GLOBAL
ISF.L,C03_DEVELOPED_GLOBAL
ISF.MI,C03_DEVELOPED_GLOBAL
C40.PA,C03_DEVELOPED_GLOBAL
EXS1.DE,C03_DEVELOPED_GLOBAL
SXR7.DE,C03_DEVELOPED_GLOBAL
CSEMU.MI,C03_DEVELOPED_GLOBAL
CSSMI.SW,C03_DEVELOPED_GLOBAL
IQQH.DE,C03_DEVELOPED_GLOBAL
IQQW.DE,C03_DEVELOPED_GLOBAL
NORW,C03_DEVELOPED_GLOBAL
FGM,C03_DEVELOPED_GLOBAL
IEUS,C04_EMERGING
CES1.L,C04_EMERGING
CSEMUS.MI,C04_EMERGING
SXRJ.DE,C04_EMERGING
DFE,C04_EMERGING
EUDG,C04_EMERGING
IEVL.L,C04_EMERGING
CEMS.DE,C04_EMERGING
IEFV.L,C04_EMERGING
IEVL.MI,C04_EMERGING
IEFQ.L,C04_EMERGING
IEQU.MI,C04_EMERGING
CEMQ.DE,C04_EMERGING
MVEU.L,C04_EMERGING
MVEU.MI,C04_EMERGING
EUN0.DE,C04_EMERGING
IMV.L,C04_EMERGING
HEDJ,C04_EMERGING
FEP,C04_EMERGING
ZPRX.DE,C04_EMERGING
SEGA.L,C05_BONDS_CASH_CREDIT
EUNH.DE,C05_BONDS_CASH_CREDIT
IEGA.AS,C05_BONDS_CASH_CREDIT
SEGA.MI,C05_BONDS_CASH_CREDIT
IBGM.MI,C05_BONDS_CASH_CREDIT
IBCM.DE,C05_BONDS_CASH_CREDIT
IBGM.AS,C05_BONDS_CASH_CREDIT
ICOV.MI,C05_BONDS_CASH_CREDIT
IUS6.DE,C05_BONDS_CASH_CREDIT
ERNE.L,C05_BONDS_CASH_CREDIT
ERNE.MI,C05_BONDS_CASH_CREDIT
IS3M.DE,C05_BONDS_CASH_CREDIT
ERNE.AS,C05_BONDS_CASH_CREDIT
SXRQ.DE,C05_BONDS_CASH_CREDIT
CE01.L,C05_BONDS_CASH_CREDIT
IEBB.MI,C05_BONDS_CASH_CREDIT
IS06.DE,C05_BONDS_CASH_CREDIT
IEAC.L,C05_BONDS_CASH_CREDIT
IDTL.L,C05_BONDS_CASH_CREDIT
SEMB.L,C05_BONDS_CASH_CREDIT
IPRP.AS,C06_REAL_ASSETS
IQQP.DE,C06_REAL_ASSETS
ZPRP.DE,C06_REAL_ASSETS
D5BK.DE,C06_REAL_ASSETS
XDER.MI,C06_REAL_ASSETS
XDER.L,C06_REAL_ASSETS
SC0Z.DE,C06_REAL_ASSETS
EXI5.DE,C06_REAL_ASSETS
EPRE.MI,C06_REAL_ASSETS
EUNL.DE,C06_REAL_ASSETS
SXR8.DE,C06_REAL_ASSETS
EXS3.DE,C06_REAL_ASSETS
EUNM.DE,C06_REAL_ASSETS
IS3N.DE,C06_REAL_ASSETS
IUSQ.DE,C06_REAL_ASSETS
XDWD.DE,C06_REAL_ASSETS
ZPRG.DE,C06_REAL_ASSETS
ZPRV.DE,C06_REAL_ASSETS
SPY5.DE,C06_REAL_ASSETS
4GLD.DE,C06_REAL_ASSETS
