basket,ticker
0,ACWI
0,BKLN
0,DGS
0,EEM
0,EMB
0,EPP
0,EWK
0,GDXJ
0,GSG
0,IVV
0,KBE
0,KWEB
0,LQD
0,QQQ
0,RWX
0,SCHE
0,SOXX
0,SPY
0,TLT
0,UNG
0,VEU
0,VTI
0,XBI
0,XRT
1,ACWI
1,AGG
1,ANGL
1,DGRO
1,EIDO
1,EPOL
1,EWI
1,EWJ
1,EWS
1,GDX
1,GSG
1,IBB
1,IEF
1,IEMG
1,IHI
1,KBE
1,MCHI
1,RWX
1,SCHB
1,SCHD
1,SHV
1,USL
1,VTI
1,XLI
2,ARGT
2,BND
2,BNDX
2,BNO
2,DBC
2,DBO
2,EFA
2,EIS
2,EWP
2,EWT
2,EZA
2,GLD
2,HACK
2,IHI
2,ITA
2,MTUM
2,QUAL
2,SCHB
2,SCHE
2,SCHX
2,TLT
2,VGIT
2,VGK
2,XLU
3,ACWI
3,ANGL
3,BNDX
3,COMT
3,DGRO
3,EPOL
3,EWY
3,EWZ
3,GDXJ
3,IBB
3,KRE
3,MCHI
3,PPA
3,QQQ
3,RWX
3,SPLV
3,TUR
3,USL
3,VCIT
3,VEU
3,VGK
3,VGLT
3,VUG
3,XLU
4,ACWI
4,ANGL
4,BIL
4,BNO
4,DBA
4,EPHE
4,EWC
4,EWK
4,EWT
4,EWZ
4,FXI
4,HACK
4,ICLN
4,IEFA
4,IYR
4,QUAL
4,RSP
4,SCHX
4,SHV
4,VCSH
4,VNQ
4,VTV
4,XLF
4,XRT
5,ASHR
5,COMT
5,DBO
5,DGS
5,EIS
5,EWA
5,EWM
5,EWN
5,EWO
5,FXI
5,GDXJ
5,IGV
5,IJR
5,IWN
5,JNK
5,MBB
5,RWX
5,SCHP
5,SPLV
5,TAN
5,VB
5,VGSH
5,XBI
5,XLB
6,DBB
6,DBC
6,EFA
6,EPI
6,EWI
6,EWP
6,EWQ
6,FDN
6,FXI
6,HDV
6,IGV
6,IVV
6,IWD
6,KWEB
6,PPA
6,QUAL
6,RWO
6,SCHP
6,TLT
6,TUR
6,VCIT
6,VCSH
6,WOOD
6,XLV
7,ANGL
7,CORN
7,DIA
7,EEM
7,EIS
7,EPOL
7,EZA
7,GDXJ
7,IAU
7,IEFA
7,IEMG
7,IWF
7,IWN
7,KBE
7,MBB
7,PPA
7,RSP
7,SHV
7,SHY
7,TUR
7,URA
7,VEU
7,XLI
7,XLV
8,CORN
8,CPER
8,DBO
8,EDV
8,EMB
8,ENZL
8,EPP
8,EWG
8,EWN
8,HYG
8,IEMG
8,IVV
8,KWEB
8,PPA
8,QUAL
8,RWX
8,SCHB
8,SCHE
8,THD
8,VGIT
8,VTV
8,XLB
8,XLK
8,XLY
9,ASHR
9,BNO
9,DBO
9,EMB
9,ENZL
9,EPHE
9,EWJ
9,EWQ
9,EWS
9,FDN
9,GDXJ
9,IBB
9,IEMG
9,IWF
9,LQD
9,MBB
9,QQQ
9,RSP
9,SCHB
9,TIP
9,USO
9,VEA
9,XLE
9,XLF
10,ANGL
10,ASHR
10,BND
10,COMT
10,DBA
10,EMB
10,EPI
10,EWC
10,EWG
10,EWL
10,EWS
10,EWU
10,GSG
10,INDA
10,IWM
10,RSP
10,SOXX
10,VCSH
10,VNQ
10,VTV
10,VUG
10,XLI
10,XLK
10,XRT
11,DBO
11,DGRO
11,EWH
11,EWI
11,EWJ
11,EWM
11,ICLN
11,IEMG
11,IHI
11,INDA
11,IYR
11,KWEB
11,MUB
11,PALL
11,PPA
11,RWO
11,SCHB
11,SCHP
11,SCHX
11,TIP
11,VB
11,VEA
11,VGSH
11,XLY
12,ACWI
12,BND
12,DBA
12,DBB
12,EDV
12,EMB
12,EWG
12,EWN
12,EWS
12,EWT
12,FXI
12,ICLN
12,INDA
12,PPLT
12,RSP
12,SHV
12,SPLV
12,URA
12,VEU
12,VTV
12,VUG
12,XBI
12,XLE
12,XRT
13,AAXJ
13,BIL
13,BND
13,DGS
13,EIDO
13,ENZL
13,EWI
13,EWL
13,EWM
13,GDX
13,GSG
13,IBB
13,IVV
13,IYR
13,MBB
13,MTUM
13,QUAL
13,SPLV
13,UNG
13,VEU
13,VGSH
13,XLB
13,XLV
13,XLY
14,AAXJ
14,BND
14,DBA
14,DBB
14,DBO
14,EIS
14,EWC
14,EWL
14,EWP
14,EWT
14,EWZ
14,FDN
14,FXI
14,HDV
14,HYG
14,IHI
14,IWD
14,KRE
14,QUAL
14,RWO
14,SCHB
14,TAN
14,TLT
14,VGIT
15,BND
15,COMT
15,DBC
15,ENZL
15,EWG
15,EWT
15,EWY
15,EWZ
15,GDX
15,HACK
15,IYT
15,KBE
15,RSP
15,SCHD
15,SCHP
15,SHV
15,SPY
15,THD
15,UNG
15,VCSH
15,VEU
15,VGK
15,VO
15,XBI
16,COMT
16,DBO
16,EPOL
16,EWH
16,EWS
16,EWU
16,FXI
16,IAU
16,IGV
16,ITA
16,IVV
16,IWD
16,MBB
16,MCHI
16,MUB
16,PALL
16,SCHD
16,SCHE
16,SCHP
16,VCIT
16,VGK
16,VO
16,XBI
16,XLY
17,ACWI
17,BNO
17,CORN
17,DBC
17,DGRO
17,EDV
17,EIRL
17,EMB
17,EWN
17,HDV
17,IEFA
17,INDA
17,ITA
17,IWM
17,IYR
17,IYT
17,JNK
17,KWEB
17,QUAL
17,SCHE
17,VCIT
17,VWO
17,XLB
17,XLF
18,ARGT
18,DBA
18,DEM
18,DGS
18,EPOL
18,EWA
18,EWI
18,EWO
18,EWS
18,GDX
18,HACK
18,HYG
18,IBB
18,IEF
18,IJH
18,LQD
18,QQQ
18,RSP
18,SLV
18,USL
18,VGLT
18,VO
18,XBI
18,XLE
19,ACWI
19,AGG
19,DBB
19,DBO
19,EIRL
19,EPP
19,EWC
19,EWS
19,EWZ
19,EZA
19,FDN
19,GSG
19,HYG
19,IAU
19,IEI
19,ITA
19,MCHI
19,MUB
19,SOXX
19,SPY
19,VB
19,VTV
19,VUG
19,XLK
20,BIL
20,DBO
20,EIRL
20,EMB
20,EPI
20,EWG
20,EWJ
20,EWL
20,EWM
20,EWT
20,GLD
20,HYG
20,IAU
20,IJH
20,MDY
20,QUAL
20,SOXX
20,TUR
20,VGLT
20,VTI
20,WOOD
20,XLB
20,XLF
20,XLV
21,BND
21,BNO
21,DBA
21,DBB
21,DGRO
21,EMB
21,EPHE
21,EPOL
21,EWI
21,FXI
21,HACK
21,IEFA
21,IJR
21,IWM
21,MCHI
21,VCIT
21,VEU
21,VGIT
21,VNQ
21,VTI
21,VWO
21,XLE
21,XLF
21,XLP
22,AGG
22,ARGT
22,ASHR
22,BND
22,DBA
22,DBO
22,DEM
22,EIRL
22,EPP
22,EWH
22,EWK
22,IAU
22,IHI
22,IWD
22,IWM
22,KBE
22,LQD
22,MUB
22,PPA
22,RSP
22,SPY
22,TUR
22,USL
22,XRT
23,ANGL
23,DBA
23,EPOL
23,EWA
23,EWP
23,EWS
23,EWY
23,IEI
23,IVV
23,KRE
23,MDY
23,MTUM
23,SCHE
23,SPLV
23,TIP
23,TLT
23,USO
23,VGK
23,VNQ
23,VWO
23,WOOD
23,XLP
23,XLU
23,XLV
24,ACWI
24,DGS
24,EMB
24,EPI
24,EPOL
24,EWA
24,EWQ
24,EWY
24,EWZ
24,FDN
24,GDXJ
24,GLD
24,IHI
24,RSP
24,RWX
24,SCHB
24,SCHP
24,SLV
24,VGLT
24,VGSH
24,VTV
24,VUG
24,XLF
24,XLK
25,ANGL
25,ARGT
25,BIL
25,CPER
25,DBC
25,DGS
25,EFA
25,EWP
25,EWU
25,EZA
25,GLD
25,IJR
25,IYT
25,RWX
25,SHV
25,SHY
25,THD
25,VB
25,VGK
25,VTI
25,VTV
25,XBI
25,XLF
25,XLP
26,CPER
26,DEM
26,EIDO
26,EWI
26,HYG
26,IEFA
26,IEMG
26,IWF
26,IYR
26,PALL
26,PPA
26,RSP
26,RWO
26,SCHB
26,SCHE
26,SPY
26,TIP
26,VCIT
26,VEA
26,VGIT
26,VGK
26,XBI
26,XLB
26,XLY
27,ASHR
27,DGRO
27,EDV
27,EWA
27,EWD
27,EWI
27,EZA
27,FDN
27,IEFA
27,IEMG
27,ITA
27,IWN
27,MUB
27,RSP
27,RWO
27,SCHE
27,SHV
27,SLV
27,SPLV
27,TAN
27,USO
27,VGLT
27,WOOD
27,XLF
28,ACWI
28,ASHR
28,BNO
28,DBA
28,EDV
28,EEM
28,EIRL
28,EWN
28,EWS
28,GDX
28,IWF
28,IWN
28,KBE
28,MBB
28,MUB
28,RSP
28,RWO
28,SPLV
28,THD
28,VCSH
28,VEU
28,XLE
28,XLV
28,XRT
29,ACWI
29,BKLN
29,CPER
29,EIDO
29,EWC
29,EWL
29,EWQ
29,EWS
29,EWY
29,IEI
29,IHI
29,IJR
29,ITA
29,IYR
29,PALL
29,RWX
29,TUR
29,VCSH
29,VGIT
29,VO
29,VTV
29,VUG
29,XBI
29,XLK
30,AAXJ
30,BND
30,CPER
30,DGRO
30,EEM
30,EIRL
30,ENZL
30,EWO
30,EWP
30,EWZ
30,FDN
30,GLD
30,IHI
30,IVV
30,JNK
30,KRE
30,RSP
30,SCHP
30,SPY
30,THD
30,UNG
30,VGLT
30,VNQ
30,XLV
31,ASHR
31,BIL
31,BNDX
31,DBB
31,DGRO
31,EPOL
31,EWU
31,EWY
31,FXI
31,GDXJ
31,HACK
31,HYG
31,ICLN
31,IEFA
31,IHI
31,IJR
31,INDA
31,RWO
31,SCHD
31,SLV
31,SMH
31,VB
31,VEA
31,VGLT
32,BND
32,BNDX
32,COMT
32,EEM
32,EPOL
32,EWD
32,EWH
32,EWN
32,GDX
32,IJR
32,IYT
32,MCHI
32,QUAL
32,SCHD
32,SCHE
32,SHV
32,TUR
32,URA
32,VB
32,VCSH
32,VNQ
32,XLB
32,XLE
32,XLF
33,AAXJ
33,BNO
33,CORN
33,DBO
33,EMB
33,EPI
33,EPOL
33,EWL
33,EWO
33,FXI
33,GLD
33,HACK
33,IBB
33,ITA
33,IWF
33,MCHI
33,SCHP
33,SHV
33,SPLV
33,VB
33,VEA
33,VGIT
33,VTV
33,XLB
34,BNDX
34,CORN
34,EIDO
34,EWD
34,EWI
34,EWQ
34,EWZ
34,GDXJ
34,HACK
34,IBB
34,IEF
34,IGV
34,INDA
34,IVV
34,IWN
34,IYR
34,RSP
34,SCHD
34,SHV
34,TLT
34,TUR
34,URA
34,VEA
34,XRT
35,AAXJ
35,BKLN
35,COMT
35,CORN
35,CPER
35,EFA
35,EWI
35,EWQ
35,EWY
35,EWZ
35,IEF
35,IEI
35,IJR
35,IWN
35,KBE
35,MUB
35,RSP
35,SMH
35,THD
35,URA
35,VB
35,VEA
35,XLI
35,XLV
36,ARGT
36,BIL
36,BNDX
36,EPI
36,EWJ
36,EWK
36,EWP
36,INDA
36,KBE
36,LQD
36,MTUM
36,PPLT
36,QQQ
36,TAN
36,THD
36,TLT
36,UNG
36,URA
36,USL
36,VB
36,VGK
36,VO
36,XLU
36,XRT
37,ARGT
37,DBO
37,DIA
37,EFA
37,EIDO
37,EMB
37,EPP
37,EWI
37,EWQ
37,EWZ
37,GDXJ
37,GSG
37,IEF
37,IGV
37,IHI
37,IWN
37,LQD
37,MDY
37,PALL
37,SCHP
37,SOXX
37,THD
37,VO
37,XLP
38,BNO
38,COMT
38,DBA
38,DGRO
38,DGS
38,EDV
38,EIRL
38,EPOL
38,EWI
38,EWM
38,EWN
38,FXI
38,ICLN
38,IEI
38,IEMG
38,KBE
38,QQQ
38,QUAL
38,SHV
38,SPY
38,TLT
38,USL
38,XLB
38,XLK
39,AGG
39,COMT
39,DBA
39,DBC
39,EDV
39,EIS
39,EPHE
39,EPI
39,EWK
39,EWS
39,ITA
39,IWM
39,KBE
39,KRE
39,KWEB
39,PALL
39,SCHB
39,SHY
39,TIP
39,VEA
39,VEU
39,VTI
39,VUG
39,XLF
40,ANGL
40,ASHR
40,COMT
40,EWD
40,EWJ
40,EWO
40,EWP
40,IAU
40,IEF
40,IEMG
40,IHI
40,IJH
40,INDA
40,IWF
40,IYR
40,IYT
40,LQD
40,SCHB
40,SCHE
40,VCSH
40,VNQ
40,VUG
40,XLF
40,XRT
41,ANGL
41,BKLN
41,BNO
41,DEM
41,EDV
41,EIDO
41,EWL
41,EWO
41,EWQ
41,FXI
41,HACK
41,IEF
41,IJH
41,ITA
41,MDY
41,RWX
41,SCHE
41,SCHX
41,SOXX
41,USO
41,VGK
41,VTV
41,WOOD
41,XLI
42,BNDX
42,DBO
42,EIS
42,EMB
42,EPOL
42,EWH
42,EWO
42,EWT
42,EWY
42,GSG
42,HDV
42,ICLN
42,IEI
42,IEMG
42,INDA
42,ITA
42,IVV
42,RSP
42,RWX
42,SCHD
42,SOXX
42,VGLT
42,WOOD
42,XLY
43,AAXJ
43,ANGL
43,DBO
43,DEM
43,EFA
43,EIS
43,EWD
43,EWG
43,EWZ
43,EZA
43,GDX
43,HACK
43,IGV
43,ITA
43,IWN
43,PALL
43,SCHD
43,SHV
43,SPLV
43,USL
43,VGLT
43,VGSH
43,VO
43,XLK
44,BNDX
44,BNO
44,DGS
44,EPI
44,EWA
44,EWK
44,EWT
44,EWU
44,FDN
44,GDX
44,GSG
44,ICLN
44,IEMG
44,IWF
44,LQD
44,MTUM
44,MUB
44,QUAL
44,VEA
44,VGSH
44,VO
44,WOOD
44,XLB
44,XLF
45,ASHR
45,DBB
45,DIA
45,EPP
45,EWN
45,EWO
45,EWS
45,FXI
45,IEMG
45,IHI
45,IWN
45,LQD
45,MBB
45,MUB
45,RWX
45,SCHD
45,SHV
45,SPLV
45,USL
45,VEA
45,WOOD
45,XLB
45,XLE
45,XLI
46,ANGL
46,BNDX
46,CPER
46,DGRO
46,EIS
46,EPI
46,EPP
46,EWG
46,EWQ
46,EWY
46,FDN
46,GDX
46,GSG
46,IBB
46,IEMG
46,IGV
46,IJH
46,IWN
46,KWEB
46,RWX
46,SHV
46,SHY
46,VB
46,XBI
47,ANGL
47,BND
47,BNO
47,DGRO
47,EDV
47,EIDO
47,EIS
47,EMB
47,EPHE
47,EWD
47,EWP
47,EZA
47,GDX
47,IEFA
47,KBE
47,PPA
47,PPLT
47,RSP
47,SCHX
47,USO
47,VTI
47,VWO
47,XLU
47,XLV
48,BNDX
48,DBB
48,EIDO
48,EWJ
48,EWL
48,EWO
48,IEMG
48,INDA
48,IWF
48,IWM
48,KRE
48,MCHI
48,MUB
48,PPA
48,QQQ
48,SCHD
48,SOXX
48,UNG
48,USL
48,VCIT
48,VGK
48,VGLT
48,WOOD
48,XLK
49,AGG
49,BNO
49,COMT
49,EDV
49,EPP
49,EWN
49,EWU
49,EWY
49,FXI
49,HDV
49,IEF
49,IEFA
49,IEMG
49,IHI
49,IWM
49,IYR
49,KRE
49,KWEB
49,RWO
49,SCHX
49,SOXX
49,SPY
49,VGLT
49,XLP
50,BNDX
50,EIS
50,EMB
50,EPHE
50,EWC
50,EWN
50,EWS
50,EWZ
50,GDX
50,IAU
50,ITA
50,IVV
50,IWD
50,IYT
50,LQD
50,MDY
50,TUR
50,URA
50,USO
50,VEU
50,VGIT
50,VTI
50,XLE
50,XLI
51,ACWI
51,BIL
51,DEM
51,EDV
51,EPHE
51,EWD
51,EWU
51,IEMG
51,ITA
51,IYT
51,RWO
51,SCHB
51,SCHD
51,SHY
51,SLV
51,SMH
51,SOXX
51,SPLV
51,TIP
51,USL
51,VGK
51,VNQ
51,VTV
51,VWO
52,EIS
52,EMB
52,EPP
52,EWM
52,EWS
52,GDX
52,GDXJ
52,GLD
52,HACK
52,IBB
52,IEI
52,IWD
52,KRE
52,MDY
52,SCHB
52,SCHD
52,SCHE
52,SHV
52,THD
52,URA
52,VEU
52,VGK
52,VGLT
52,XLV
53,ACWI
53,AGG
53,ANGL
53,CPER
53,DGRO
53,EWA
53,EWP
53,EWT
53,EWU
53,EZA
53,GDXJ
53,HACK
53,HDV
53,IEMG
53,IWF
53,KWEB
53,LQD
53,RWO
53,RWX
53,SCHB
53,VGIT
53,XLB
53,XLI
53,XLK
54,AAXJ
54,BNDX
54,DBO
54,EDV
54,EPOL
54,EWM
54,EWO
54,EWY
54,HYG
54,IEFA
54,LQD
54,MDY
54,PPLT
54,RWO
54,SCHX
54,TUR
54,VB
54,VGK
54,VTV
54,WOOD
54,XLE
54,XLF
54,XLI
54,XLU
55,ANGL
55,BIL
55,BNDX
55,COMT
55,DBO
55,EWA
55,EWG
55,EWH
55,EWN
55,EWY
55,FXI
55,IEMG
55,INDA
55,ITA
55,IVV
55,IYR
55,JNK
55,SPLV
55,SPY
55,VNQ
55,VUG
55,XLF
55,XLI
55,XLY
56,AGG
56,ANGL
56,COMT
56,DBB
56,DBO
56,DGRO
56,DGS
56,EWA
56,EWI
56,EWK
56,EWY
56,HACK
56,IEF
56,IEMG
56,IGV
56,IJR
56,ITA
56,IWD
56,KWEB
56,VB
56,VCSH
56,VEA
56,WOOD
56,XLK
57,BIL
57,DBC
57,DBO
57,DEM
57,EDV
57,EIRL
57,EPHE
57,EPI
57,EWA
57,EWJ
57,GDXJ
57,GSG
57,IWN
57,MTUM
57,MUB
57,SCHB
57,SCHD
57,SCHE
57,SHY
57,VEU
57,XBI
57,XLE
57,XLF
57,XLY
58,AGG
58,ASHR
58,CORN
58,CPER
58,EIRL
58,EPI
58,EPP
58,EWQ
58,EZA
58,FXI
58,HACK
58,HDV
58,IEFA
58,IWF
58,MBB
58,SPY
58,UNG
58,USO
58,VCIT
58,VGSH
58,VTI
58,XLE
58,XLF
58,XLU
59,ASHR
59,DBO
59,DGS
59,EIS
59,EPHE
59,EWI
59,EWO
59,EWZ
59,GDX
59,IEFA
59,IHI
59,IWN
59,KRE
59,PALL
59,SCHX
59,SHY
59,TIP
59,VB
59,VCSH
59,VGSH
59,VNQ
59,VUG
59,XLB
59,XLP
60,AGG
60,BNDX
60,DEM
60,EIRL
60,EWI
60,EWP
60,EZA
60,FDN
60,GDXJ
60,IAU
60,IEF
60,IEFA
60,KRE
60,PPLT
60,RSP
60,SCHB
60,SCHD
60,SCHE
60,THD
60,UNG
60,VCIT
60,VTI
60,XLB
60,XRT
61,ACWI
61,BNDX
61,BNO
61,COMT
61,DBC
61,DGRO
61,EWK
61,EWQ
61,EWS
61,EWT
61,EWY
61,GDXJ
61,HACK
61,IGV
61,IWM
61,KWEB
61,LQD
61,MBB
61,RSP
61,SCHP
61,SCHX
61,SMH
61,VGK
61,XLF
62,BND
62,DBB
62,EIRL
62,EPOL
62,EWO
62,EWS
62,EWU
62,EZA
62,HACK
62,IJH
62,PALL
62,RWO
62,SCHD
62,SCHX
62,SHV
62,SOXX
62,THD
62,TUR
62,URA
62,VCIT
62,VGSH
62,VO
62,XBI
62,XLP
63,ARGT
63,CORN
63,CPER
63,DBA
63,DGS
63,DIA
63,EWA
63,EWG
63,EWI
63,EWQ
63,KBE
63,KWEB
63,LQD
63,PPA
63,SCHB
63,SPY
63,TIP
63,TUR
63,VCSH
63,VGIT
63,VNQ
63,VUG
63,XLE
63,XLK
64,ARGT
64,DBC
64,EIDO
64,EWI
64,EWL
64,EWM
64,EWP
64,EWU
64,EZA
64,GSG
64,IEI
64,IGV
64,IHI
64,IJR
64,ITA
64,JNK
64,KRE
64,PALL
64,QUAL
64,RSP
64,RWX
64,SCHD
64,SHY
64,VGLT
65,ANGL
65,BNDX
65,CORN
65,DIA
65,EEM
65,EWN
65,EWQ
65,EWY
65,FDN
65,GSG
65,IEFA
65,INDA
65,IYR
65,JNK
65,MTUM
65,RSP
65,SCHE
65,SLV
65,SMH
65,VB
65,VGK
65,VGSH
65,XLB
65,XLF
66,AAXJ
66,BKLN
66,BNO
66,EPOL
66,EWD
66,EWL
66,EWP
66,EWZ
66,HDV
66,IHI
66,INDA
66,IWD
66,PALL
66,SCHB
66,SCHE
66,SMH
66,TIP
66,TLT
66,USL
66,VGSH
66,VTI
66,WOOD
66,XLB
66,XLF
67,AAXJ
67,ACWI
67,BKLN
67,CPER
67,EPP
67,EWK
67,EWO
67,EWS
67,GDXJ
67,GSG
67,HDV
67,INDA
67,KRE
67,LQD
67,MTUM
67,MUB
67,SCHP
67,SCHX
67,SLV
67,VO
67,VWO
67,XBI
67,XLU
67,XLV
68,ANGL
68,BND
68,BNO
68,DBB
68,DBC
68,DGRO
68,DGS
68,ENZL
68,EWJ
68,EWN
68,EWU
68,EWZ
68,ITA
68,KRE
68,KWEB
68,MTUM
68,SCHX
68,SPY
68,THD
68,UNG
68,VCIT
68,VGSH
68,XLK
68,XLU
69,ACWI
69,AGG
69,BKLN
69,DBO
69,DGRO
69,EPOL
69,EPP
69,EWM
69,EWN
69,GLD
69,IBB
69,IEMG
69,ITA
69,IWM
69,IYR
69,JNK
69,KRE
69,KWEB
69,MTUM
69,SCHD
69,URA
69,VGSH
69,VWO
69,XLV
70,ARGT
70,DBC
70,DGRO
70,EIRL
70,EMB
70,ENZL
70,EWG
70,EWO
70,FDN
70,FXI
70,GDXJ
70,GLD
70,IEI
70,IVV
70,IWD
70,LQD
70,MUB
70,THD
70,TUR
70,VTV
70,WOOD
70,XLE
70,XLP
70,XLU
71,AAXJ
71,ANGL
71,BIL
71,BKLN
71,CORN
71,DIA
71,EDV
71,EPP
71,EWD
71,EWG
71,EZA
71,IAU
71,IEFA
71,IWD
71,IWM
71,KRE
71,MCHI
71,PALL
71,PPA
71,RWO
71,SCHB
71,TAN
71,THD
71,XLF
72,ARGT
72,COMT
72,EIS
72,EPHE
72,EWJ
72,EWO
72,FXI
72,GDXJ
72,HYG
72,IEF
72,IHI
72,IWM
72,IWN
72,IYR
72,KWEB
72,PPLT
72,VCSH
72,VEU
72,VGSH
72,VO
72,VUG
72,XLI
72,XLU
72,XLY
73,ASHR
73,COMT
73,DGRO
73,EIRL
73,EIS
73,EWJ
73,EWL
73,EWY
73,FDN
73,HACK
73,HDV
73,IYR
73,LQD
73,MCHI
73,MTUM
73,MUB
73,PALL
73,RWX
73,SHV
73,VB
73,VGSH
73,VWO
73,XBI
73,XRT
74,ACWI
74,AGG
74,ANGL
74,ASHR
74,EDV
74,EIRL
74,EWA
74,EWZ
74,GDX
74,GSG
74,ICLN
74,IEMG
74,IWD
74,IYT
74,MDY
74,PPA
74,QQQ
74,SLV
74,TUR
74,USL
74,VCIT
74,VEA
74,VTI
74,XBI
75,DBB
75,EIDO
75,EWA
75,EWI
75,EWY
75,EZA
75,IEFA
75,IEI
75,IHI
75,IYR
75,MBB
75,MDY
75,PPA
75,PPLT
75,RSP
75,SCHB
75,SHY
75,SLV
75,VCIT
75,VEU
75,VO
75,VWO
75,XLI
75,XLY
76,BND
76,BNO
76,DBC
76,DGS
76,ENZL
76,EPP
76,EWC
76,EWN
76,EWS
76,GLD
76,IAU
76,ICLN
76,IEI
76,IEMG
76,IJH
76,ITA
76,IVV
76,MTUM
76,MUB
76,QQQ
76,SHV
76,VWO
76,XLB
76,XLV
77,AAXJ
77,AGG
77,BKLN
77,CORN
77,EEM
77,EIDO
77,EWK
77,EWO
77,EWQ
77,GSG
77,HACK
77,IEFA
77,IJR
77,ITA
77,IWN
77,MDY
77,QUAL
77,SLV
77,SOXX
77,TLT
77,VGLT
77,VNQ
77,VWO
77,XLU
78,ASHR
78,BNDX
78,CORN
78,DBB
78,DGRO
78,EPP
78,EWA
78,EWG
78,EWN
78,FXI
78,GSG
78,IEI
78,IHI
78,INDA
78,IWD
78,LQD
78,MTUM
78,PPA
78,QQQ
78,SHY
78,SMH
78,URA
78,VWO
78,XBI
79,BKLN
79,BNO
79,DBO
79,DIA
79,EEM
79,EIDO
79,EPP
79,EWA
79,EWC
79,EWI
79,EZA
79,IAU
79,ICLN
79,IJR
79,RWX
79,SCHE
79,SHY
79,SPLV
79,TAN
79,VCIT
79,VGSH
79,VUG
79,XBI
79,XLV
80,BND
80,BNDX
80,COMT
80,DGS
80,EEM
80,EPHE
80,EWG
80,EWJ
80,EWL
80,FDN
80,FXI
80,GLD
80,HACK
80,IJH
80,ITA
80,IWN
80,IYT
80,JNK
80,SPLV
80,SPY
80,TIP
80,UNG
80,URA
80,VGK
81,ASHR
81,BND
81,BNO
81,CORN
81,DBB
81,EFA
81,EPHE
81,EPI
81,EWL
81,EWQ
81,EZA
81,HDV
81,IGV
81,IHI
81,IYT
81,MBB
81,MTUM
81,RWX
81,SCHP
81,VB
81,VCIT
81,VGK
81,VTI
81,XBI
82,COMT
82,DBC
82,DBO
82,EPHE
82,EPI
82,EWD
82,EWL
82,IJR
82,INDA
82,IWN
82,IYT
82,KBE
82,MUB
82,RWO
82,SCHP
82,SHV
82,THD
82,VEA
82,VEU
82,VGLT
82,VO
82,VUG
82,XLP
82,XRT
83,ARGT
83,BIL
83,BND
83,EIS
83,EMB
83,ENZL
83,EPHE
83,EWN
83,IEFA
83,IWD
83,IWN
83,MDY
83,PPA
83,PPLT
83,SMH
83,THD
83,UNG
83,USO
83,VCIT
83,VO
83,VWO
83,WOOD
83,XLI
83,XLK
84,ACWI
84,ARGT
84,BKLN
84,CORN
84,DBO
84,DGS
84,EMB
84,EWD
84,EWG
84,EWT
84,EZA
84,IBB
84,IWF
84,KBE
84,RWO
84,SCHX
84,SHV
84,VCSH
84,VEU
84,VTI
84,VUG
84,WOOD
84,XLB
84,XRT
85,BIL
85,BNDX
85,BNO
85,DBB
85,DGRO
85,EFA
85,EIS
85,EWD
85,EWJ
85,EWT
85,FXI
85,IEF
85,INDA
85,MCHI
85,PPA
85,QQQ
85,SCHB
85,SCHD
85,SHY
85,SMH
85,UNG
85,USL
85,XLF
85,XLK
86,AAXJ
86,DBB
86,EDV
86,EWP
86,EWU
86,EWY
86,FDN
86,FXI
86,GSG
86,HDV
86,ICLN
86,IEFA
86,IEI
86,INDA
86,IVV
86,IWF
86,IWN
86,MUB
86,PPLT
86,SMH
86,SOXX
86,TLT
86,USO
86,VGK
87,BKLN
87,DBC
87,EIDO
87,ENZL
87,EWM
87,EWN
87,EWP
87,EWY
87,FDN
87,GDXJ
87,IBB
87,IJH
87,ITA
87,IWD
87,LQD
87,MCHI
87,PPLT
87,QUAL
87,SPY
87,USO
87,VCSH
87,VEA
87,VGLT
87,XLB
88,AAXJ
88,ANGL
88,BIL
88,CPER
88,DGS
88,EIRL
88,EIS
88,EWQ
88,EWS
88,EZA
88,IWF
88,KRE
88,PPLT
88,QQQ
88,SCHD
88,SHV
88,URA
88,USO
88,VGIT
88,VGK
88,VTV
88,XBI
88,XLE
88,XLV
89,BNDX
89,DGS
89,ENZL
89,EPI
89,EWC
89,EWG
89,EWQ
89,EWY
89,IAU
89,IJH
89,IWD
89,IYT
89,KWEB
89,PALL
89,SCHP
89,SHY
89,SLV
89,SMH
89,VGLT
89,VNQ
89,VO
89,VTI
89,XLF
89,XLV
90,AGG
90,BIL
90,DBB
90,DIA
90,EEM
90,EMB
90,EWA
90,EWL
90,EWM
90,EWU
90,GDX
90,ICLN
90,IJH
90,INDA
90,IWD
90,KBE
90,MCHI
90,RWX
90,SMH
90,URA
90,VB
90,VCIT
90,VGK
90,XLP
91,AAXJ
91,ARGT
91,BKLN
91,COMT
91,CORN
91,CPER
91,EWI
91,EWK
91,EWS
91,FDN
91,HDV
91,IJH
91,JNK
91,KBE
91,MCHI
91,MDY
91,MUB
91,SMH
91,TAN
91,USO
91,VEA
91,VGK
91,VGSH
91,VTI
92,ACWI
92,ARGT
92,CPER
92,EFA
92,ENZL
92,EWQ
92,EWY
92,IGV
92,IJR
92,IYR
92,MCHI
92,MTUM
92,QQQ
92,RWO
92,SCHP
92,TIP
92,USL
92,VCSH
92,VGSH
92,VUG
92,VWO
92,XBI
92,XLK
92,XLY
93,ACWI
93,BKLN
93,CORN
93,CPER
93,DBB
93,DBC
93,EWI
93,EWS
93,EWU
93,IVV
93,IWF
93,IWM
93,MCHI
93,MUB
93,SCHE
93,SOXX
93,TIP
93,VB
93,VGK
93,VGSH
93,VWO
93,XBI
93,XLP
93,XLV
94,ACWI
94,ASHR
94,BIL
94,BKLN
94,CORN
94,DIA
94,EPI
94,EWH
94,EWK
94,EWP
94,GSG
94,IJR
94,IVV
94,KRE
94,MCHI
94,MDY
94,PALL
94,PPA
94,RWO
94,SCHE
94,SCHP
94,TIP
94,XLV
94,XLY
95,DBO
95,EIS
95,EMB
95,EWC
95,EWL
95,EWO
95,EWY
95,EWZ
95,IEF
95,IEMG
95,IJH
95,KRE
95,MCHI
95,QUAL
95,RWO
95,RWX
95,SCHD
95,SHV
95,SMH
95,USL
95,VGSH
95,VTI
95,XLE
95,XLY
96,COMT
96,CPER
96,DEM
96,DGRO
96,EWA
96,EWG
96,EWN
96,EWU
96,EWZ
96,FDN
96,IBB
96,IEF
96,IWM
96,MCHI
96,MUB
96,PALL
96,RSP
96,THD
96,VCSH
96,VGSH
96,VTI
96,WOOD
96,XBI
96,XRT
97,ANGL
97,BKLN
97,BNO
97,CPER
97,EIDO
97,EMB
97,EWH
97,EWN
97,FXI
97,GDX
97,GSG
97,IHI
97,IJH
97,IJR
97,IWF
97,KWEB
97,MTUM
97,TUR
97,VCIT
97,VEU
97,VGK
97,XLB
97,XLU
97,XLV
98,ANGL
98,ASHR
98,BNO
98,DBA
98,EIDO
98,EPOL
98,EPP
98,EWD
98,EWI
98,EWS
98,FDN
98,GDX
98,IGV
98,ITA
98,IWM
98,IWN
98,MUB
98,RSP
98,RWO
98,SCHP
98,THD
98,TIP
98,VTV
98,XLE
99,ACWI
99,ARGT
99,DBB
99,EDV
99,EEM
99,EWJ
99,EWN
99,EWS
99,EWT
99,GLD
99,IBB
99,IWM
99,IYT
99,QUAL
99,SCHP
99,SCHX
99,SLV
99,TIP
99,USO
99,VGIT
99,VGK
99,VTV
99,XBI
99,XLF
100,DBO
100,EPOL
100,EWA
100,EWD
100,EWP
100,EWT
100,EZA
100,GDX
100,IHI
100,IJH
100,KRE
100,MCHI
100,QUAL
100,RWO
100,RWX
100,SHV
100,SHY
100,SMH
100,SPLV
100,THD
100,VCIT
100,VCSH
100,VO
100,XBI
101,BND
101,DBA
101,DEM
101,EEM
101,EFA
101,EWG
101,EWL
101,EWU
101,EWY
101,FDN
101,FXI
101,GDX
101,HACK
101,HDV
101,IEF
101,IVV
101,MTUM
101,PPA
101,SCHP
101,SPLV
101,UNG
101,USO
101,VCSH
101,XRT
102,ARGT
102,COMT
102,CPER
102,DBB
102,DGS
102,DIA
102,EFA
102,EPOL
102,EWC
102,EWH
102,EWZ
102,FDN
102,GSG
102,HYG
102,ITA
102,IWM
102,KWEB
102,RSP
102,SCHP
102,TLT
102,VGSH
102,VTV
102,XBI
102,XLI
103,BIL
103,CPER
103,DBC
103,DGS
103,DIA
103,EIS
103,EMB
103,EPP
103,EWK
103,EWP
103,EWZ
103,GDXJ
103,IBB
103,ICLN
103,IEI
103,IJH
103,KWEB
103,MCHI
103,PPLT
103,RSP
103,SCHX
103,SOXX
103,TAN
103,VCSH
104,AAXJ
104,AGG
104,BKLN
104,BNO
104,DBC
104,DGS
104,EPOL
104,EWC
104,EWJ
104,EZA
104,GDX
104,IBB
104,IWM
104,MCHI
104,MDY
104,SCHB
104,SHY
104,TAN
104,TIP
104,USO
104,VB
104,VGK
104,XBI
104,XLK
105,ACWI
105,BIL
105,CORN
105,DBO
105,DIA
105,EDV
105,EIDO
105,EIS
105,EWC
105,EWJ
105,EWM
105,EWS
105,GLD
105,HACK
105,HYG
105,IBB
105,IEMG
105,IVV
105,IWM
105,SCHB
105,VCIT
105,VNQ
105,XLF
105,XLP
106,BIL
106,BNDX
106,BNO
106,DGRO
106,EIRL
106,EPHE
106,EWH
106,EWI
106,EWK
106,GSG
106,ICLN
106,IJH
106,INDA
106,MCHI
106,MUB
106,QQQ
106,RWX
106,SOXX
106,TUR
106,VGLT
106,VNQ
106,VTV
106,XBI
106,XLU
107,BNDX
107,EEM
107,EIRL
107,EMB
107,EPI
107,EWL
107,EZA
107,FXI
107,GDX
107,HACK
107,IGV
107,IHI
107,IWF
107,LQD
107,PALL
107,RWO
107,SCHD
107,VEA
107,VEU
107,VGSH
107,VNQ
107,VO
107,VTV
107,XLV
108,ARGT
108,BNDX
108,BNO
108,DBA
108,EIRL
108,EWC
108,EWK
108,EWM
108,EWN
108,IBB
108,IEF
108,IWM
108,IYR
108,IYT
108,JNK
108,PALL
108,QQQ
108,SCHB
108,SCHE
108,SHY
108,THD
108,VTI
108,XLF
108,XRT
109,AAXJ
109,ACWI
109,AGG
109,CORN
109,EDV
109,EMB
109,EWH
109,EWL
109,EWZ
109,FDN
109,FXI
109,GLD
109,GSG
109,HDV
109,ICLN
109,IVV
109,KBE
109,MUB
109,RWX
109,THD
109,VEA
109,VO
109,VTV
109,XRT
110,AGG
110,COMT
110,EWG
110,EWL
110,EWM
110,EWQ
110,EWT
110,EWY
110,FXI
110,IEI
110,PPLT
110,RSP
110,SCHP
110,SMH
110,SPLV
110,URA
110,VGIT
110,VGK
110,VO
110,VTV
110,WOOD
110,XBI
110,XLI
110,XLP
111,BIL
111,BKLN
111,CPER
111,EIDO
111,EPP
111,EWJ
111,EWM
111,EWP
111,FDN
111,IEMG
111,INDA
111,ITA
111,LQD
111,MDY
111,RWO
111,SPY
111,UNG
111,VB
111,VGK
111,VGSH
111,VNQ
111,VTV
111,XLF
111,XLI
112,ACWI
112,BND
112,COMT
112,DBA
112,DBB
112,EFA
112,EIDO
112,EIS
112,EMB
112,EPHE
112,EWI
112,FDN
112,IEMG
112,JNK
112,KWEB
112,LQD
112,MTUM
112,SCHD
112,SOXX
112,USO
112,VB
112,VTV
112,XLP
112,XLY
113,BND
113,DBC
113,DIA
113,EIRL
113,EPHE
113,EWC
113,EWM
113,EWP
113,EWT
113,EWZ
113,HYG
113,IEF
113,IGV
113,IJH
113,IWF
113,MDY
113,MUB
113,RWX
113,SLV
113,VGK
113,WOOD
113,XLB
113,XLF
113,XLV
114,BKLN
114,CORN
114,CPER
114,DGS
114,EPI
114,EPP
114,EWA
114,EWC
114,EWI
114,HDV
114,IBB
114,IEF
114,IEI
114,IEMG
114,IHI
114,IJH
114,LQD
114,MDY
114,RWO
114,SCHB
114,TUR
114,USL
114,XLI
114,XLP
115,AGG
115,BNO
115,COMT
115,EIDO
115,EIS
115,EMB
115,EPI
115,EWJ
115,EWN
115,IBB
115,IEMG
115,IWM
115,MCHI
115,PPA
115,PPLT
115,SPLV
115,USO
115,VCIT
115,VEA
115,VGSH
115,VO
115,VUG
115,XBI
115,XLY
116,ANGL
116,BKLN
116,DBO
116,EIDO
116,EIRL
116,EMB
116,EPOL
116,EWC
116,EWQ
116,EZA
116,FXI
116,GSG
116,HACK
116,HDV
116,IWM
116,IYR
116,LQD
116,QUAL
116,SLV
116,SMH
116,THD
116,VB
116,XBI
116,XLV
117,ARGT
117,BIL
117,BNDX
117,CORN
117,DEM
117,EWA
117,EWD
117,EWG
117,EWS
117,HACK
117,IEI
117,IGV
117,IJH
117,IJR
117,IVV
117,IWM
117,KBE
117,PALL
117,THD
117,UNG
117,USO
117,VGK
117,VGSH
117,XLI
118,AAXJ
118,ANGL
118,EPP
118,EWG
118,EWJ
118,EWP
118,EWS
118,FXI
118,GSG
118,ICLN
118,IWM
118,IYR
118,LQD
118,MTUM
118,QQQ
118,SCHP
118,SLV
118,SMH
118,USL
118,VCIT
118,VO
118,VWO
118,XLI
118,XLP
119,BIL
119,BNDX
119,BNO
119,DBA
119,DIA
119,EEM
119,EFA
119,EWD
119,EWL
119,EWQ
119,EZA
119,IHI
119,INDA
119,KRE
119,KWEB
119,RWO
119,SCHX
119,TLT
119,USL
119,VGSH
119,VTV
119,VUG
119,XLK
119,XLP
120,ASHR
120,DBB
120,EEM
120,EPP
120,EWJ
120,EWL
120,EWM
120,EWP
120,EZA
120,GDXJ
120,GLD
120,GSG
120,IBB
120,ITA
120,IWD
120,IWM
120,KRE
120,MBB
120,MDY
120,SCHX
120,TIP
120,VGLT
120,VGSH
120,XLB
121,ARGT
121,DBC
121,EWN
121,EWO
121,EWP
121,FXI
121,IEFA
121,IEI
121,IHI
121,IWN
121,PALL
121,QUAL
121,SHY
121,SOXX
121,TUR
121,UNG
121,URA
121,VB
121,VGIT
121,VGSH
121,VO
121,VWO
121,XLP
121,XLY
122,AGG
122,ANGL
122,DBB
122,DBO
122,EWJ
122,EWK
122,EWM
122,EWZ
122,GDX
122,HACK
122,HYG
122,IBB
122,IEFA
122,IVV
122,IWM
122,LQD
122,MDY
122,SCHB
122,SCHE
122,SLV
122,TAN
122,THD
122,VEA
122,XLU
123,ANGL
123,ASHR
123,DBO
123,EPHE
123,EWH
123,EWL
123,EWO
123,FXI
123,GLD
123,IEI
123,IJH
123,IYR
123,MDY
123,SHY
123,SPLV
123,TUR
123,VEU
123,VGIT
123,VTI
123,WOOD
123,XLF
123,XLI
123,XLU
123,XLV
124,DEM
124,DGS
124,EIRL
124,EWN
124,EWP
124,GDX
124,IJR
124,INDA
124,JNK
124,KWEB
124,MBB
124,MDY
124,RSP
124,RWO
124,SCHP
124,SMH
124,UNG
124,USL
124,VEU
124,VGSH
124,VO
124,XLB
124,XLE
124,XLK
125,BNO
125,CPER
125,EIS
125,EPOL
125,EWH
125,EWQ
125,EWZ
125,GSG
125,IAU
125,IEF
125,IHI
125,JNK
125,LQD
125,MDY
125,QQQ
125,SCHE
125,SOXX
125,SPY
125,THD
125,TUR
125,VB
125,VCIT
125,XLU
125,XRT
126,AAXJ
126,ARGT
126,BND
126,DGRO
126,DIA
126,EPP
126,EWD
126,EWM
126,EWQ
126,EWZ
126,GLD
126,GSG
126,IWN
126,JNK
126,KRE
126,MBB
126,RWX
126,SOXX
126,USL
126,VB
126,VEU
126,VGIT
126,XLB
126,XLE
127,ANGL
127,ASHR
127,CORN
127,DBC
127,DIA
127,EPHE
127,EPI
127,EWA
127,EWI
127,EWL
127,EWY
127,FDN
127,IEF
127,IHI
127,ITA
127,IWM
127,MUB
127,QUAL
127,SHY
127,SPY
127,URA
127,VEU
127,WOOD
127,XLI
128,ANGL
128,DBC
128,EIDO
128,EPOL
128,EWI
128,EWL
128,EWM
128,EWP
128,EZA
128,HYG
128,ICLN
128,IEF
128,IWM
128,IYR
128,RWX
128,SCHE
128,SHY
128,SMH
128,USO
128,VB
128,VTI
128,VTV
128,XLF
128,XRT
129,AAXJ
129,ACWI
129,AGG
129,BNO
129,COMT
129,DGRO
129,EIRL
129,EPHE
129,EWH
129,EWQ
129,GDX
129,INDA
129,ITA
129,IWF
129,KWEB
129,PPLT
129,SHY
129,VB
129,VGIT
129,VGLT
129,VO
129,XLE
129,XLF
129,XRT
130,ACWI
130,ARGT
130,ASHR
130,BKLN
130,EIRL
130,EPOL
130,EWO
130,GDX
130,GLD
130,HDV
130,HYG
130,ICLN
130,IGV
130,IWD
130,IWM
130,IYT
130,MBB
130,RWO
130,TAN
130,TUR
130,USO
130,VB
130,VGSH
130,VWO
131,ANGL
131,BND
131,BNDX
131,DBO
131,EWA
131,EWJ
131,EWP
131,EWQ
131,EWY
131,FXI
131,HACK
131,IEMG
131,PALL
131,RSP
131,SCHB
131,SLV
131,SPY
131,TIP
131,TUR
131,USO
131,VTI
131,XLE
131,XLI
131,XLY
132,AGG
132,ARGT
132,DBO
132,DEM
132,EMB
132,ENZL
132,EWA
132,EWI
132,EWY
132,GLD
132,IEMG
132,IJR
132,IWN
132,MUB
132,RWO
132,RWX
132,SCHD
132,SOXX
132,VGK
132,VGSH
132,VTI
132,XLE
132,XLF
132,XLY
133,DBC
133,DBO
133,DEM
133,EDV
133,EFA
133,EIDO
133,EPHE
133,EPOL
133,EWG
133,IBB
133,IEF
133,ITA
133,IYR
133,KRE
133,LQD
133,MTUM
133,MUB
133,SCHD
133,SLV
133,TAN
133,VGK
133,VO
133,VTV
133,VWO
134,BNO
134,EEM
134,EFA
134,EWK
134,EWN
134,EWT
134,EWY
134,EZA
134,GDX
134,HDV
134,HYG
134,ICLN
134,IGV
134,IVV
134,IYT
134,MUB
134,RSP
134,SCHD
134,SLV
134,SOXX
134,USO
134,VCIT
134,VEA
134,VGSH
135,AAXJ
135,CORN
135,EWC
135,EWU
135,EWZ
135,EZA
135,IEFA
135,IEI
135,IGV
135,IJR
135,IWM
135,IYT
135,MBB
135,PPA
135,RWO
135,RWX
135,SCHE
135,SHV
135,SPY
135,URA
135,VEU
135,VGSH
135,VO
135,XLV
136,ASHR
136,COMT
136,EIDO
136,EWG
136,EWJ
136,EWO
136,IBB
136,IEFA
136,IEMG
136,ITA
136,IVV
136,JNK
136,MDY
136,MTUM
136,PALL
136,RWO
136,RWX
136,SCHD
136,SHY
136,SMH
136,TUR
136,VGLT
136,VGSH
136,XLK
137,ANGL
137,ASHR
137,BND
137,CPER
137,DBO
137,EDV
137,EIDO
137,EWC
137,EWG
137,EWJ
137,EWL
137,EWM
137,EZA
137,JNK
137,MDY
137,SCHB
137,SCHD
137,SOXX
137,URA
137,VNQ
137,VUG
137,XLE
137,XLV
137,XLY
138,ANGL
138,DBC
138,EDV
138,EIDO
138,EWD
138,EWJ
138,EWM
138,EWU
138,FXI
138,HACK
138,ITA
138,IWD
138,IWF
138,PPA
138,PPLT
138,SCHP
138,SCHX
138,SOXX
138,SPLV
138,TUR
138,UNG
138,URA
138,VEU
138,VGLT
139,AAXJ
139,BIL
139,BKLN
139,EWC
139,EWJ
139,EWN
139,EWQ
139,FXI
139,GDX
139,GSG
139,HDV
139,IGV
139,IJR
139,ITA
139,LQD
139,MCHI
139,RSP
139,SOXX
139,SPY
139,TLT
139,TUR
139,USL
139,USO
139,XRT
140,ANGL
140,BKLN
140,CORN
140,EDV
140,EIDO
140,EWG
140,EWK
140,EWP
140,EWQ
140,EWY
140,IEF
140,IVV
140,IYR
140,PALL
140,QQQ
140,SCHE
140,SMH
140,SPLV
140,SPY
140,VWO
140,WOOD
140,XLE
140,XLU
140,XLV
141,COMT
141,CORN
141,DBA
141,DGRO
141,DGS
141,DIA
141,EIRL
141,EWL
141,EWP
141,EWS
141,IEI
141,IWM
141,IYT
141,MUB
141,PALL
141,SCHB
141,THD
141,TLT
141,VCIT
141,VGK
141,VWO
141,XLF
141,XLI
141,XLP
142,ANGL
142,BIL
142,BKLN
142,DBA
142,DEM
142,EFA
142,EPHE
142,EWC
142,EWH
142,EWK
142,EWZ
142,GDXJ
142,IBB
142,ITA
142,KWEB
142,MBB
142,PPLT
142,QQQ
142,SCHD
142,SPY
142,VB
142,VNQ
142,XLE
142,XLI
143,AGG
143,CORN
143,EMB
143,EPP
143,EWN
143,EWU
143,EWZ
143,EZA
143,IAU
143,IWF
143,KBE
143,KWEB
143,MUB
143,PPLT
143,QUAL
143,SCHE
143,SCHP
143,SCHX
143,TAN
143,URA
143,VEU
143,VUG
143,XBI
143,XLY
144,AAXJ
144,BIL
144,EEM
144,EPI
144,EPOL
144,EWA
144,EWL
144,EWS
144,GLD
144,GSG
144,HDV
144,IJH
144,IWF
144,PPA
144,RWX
144,SCHX
144,SHY
144,SOXX
144,TIP
144,USO
144,VCIT
144,VGK
144,XLF
144,XLY
145,AGG
145,ARGT
145,BNDX
145,DBO
145,DIA
145,EIDO
145,EMB
145,EPHE
145,EWI
145,EWN
145,EWO
145,IAU
145,IJH
145,IJR
145,JNK
145,KRE
145,MCHI
145,SOXX
145,SPY
145,URA
145,USL
145,VEA
145,XLY
145,XRT
146,BKLN
146,BNDX
146,BNO
146,EWD
146,EWK
146,EWL
146,EWO
146,EWS
146,EZA
146,GDX
146,ICLN
146,INDA
146,IWF
146,SHV
146,SMH
146,SPY
146,TUR
146,URA
146,USL
146,VB
146,VGIT
146,VO
146,XLK
146,XLY
147,BND
147,CORN
147,DBB
147,EEM
147,EIDO
147,EMB
147,EPOL
147,EWC
147,EWI
147,EWS
147,EWU
147,HDV
147,IEF
147,KBE
147,QQQ
147,RSP
147,RWX
147,SCHX
147,SLV
147,TAN
147,TUR
147,VGSH
147,XBI
147,XLV
148,ASHR
148,DBA
148,DIA
148,EIRL
148,ENZL
148,EWD
148,EWI
148,EWM
148,GDX
148,IEI
148,IEMG
148,IGV
148,IYR
148,IYT
148,KWEB
148,MTUM
148,SCHX
148,SHV
148,TAN
148,TIP
148,TLT
148,VNQ
148,VTI
148,XLV
149,AAXJ
149,BIL
149,BND
149,CPER
149,DBC
149,DIA
149,EIDO
149,EIS
149,EWG
149,EWK
149,EWN
149,EZA
149,FDN
149,IAU
149,IBB
149,ICLN
149,IWF
149,MBB
149,MCHI
149,MUB
149,PPLT
149,VO
149,VTI
149,XLK
150,ANGL
150,BNDX
150,CPER
150,DGRO
150,EPI
150,EWC
150,EWH
150,EWI
150,EWL
150,EWS
150,EWZ
150,FXI
150,GSG
150,IWF
150,RSP
150,SCHX
150,SMH
150,UNG
150,USL
150,VCIT
150,VGIT
150,XLB
150,XLI
150,XLP
151,AAXJ
151,BIL
151,BNO
151,DGS
151,EPHE
151,EWC
151,EWD
151,EWI
151,EWT
151,GDX
151,GSG
151,IBB
151,ICLN
151,IEFA
151,LQD
151,MTUM
151,PPA
151,QQQ
151,SHY
151,SOXX
151,SPLV
151,SPY
151,UNG
151,VGIT
152,ACWI
152,ARGT
152,DBA
152,DBB
152,DGS
152,EPP
152,EWG
152,EWT
152,GDXJ
152,HYG
152,ITA
152,IWD
152,MUB
152,RSP
152,RWX
152,SHV
152,TUR
152,VB
152,VGIT
152,VGK
152,VTV
152,XLF
152,XLI
152,XLP
153,BIL
153,BKLN
153,CORN
153,DBA
153,DBO
153,DEM
153,DIA
153,EDV
153,ENZL
153,EPOL
153,EWI
153,EWS
153,EWT
153,EWZ
153,HACK
153,IHI
153,IJH
153,MTUM
153,MUB
153,RWX
153,VB
153,VGK
153,XLE
153,XLF
154,AAXJ
154,EEM
154,EIDO
154,EIS
154,ENZL
154,EWN
154,EWT
154,EWU
154,HACK
154,IAU
154,IGV
154,IVV
154,IWN
154,JNK
154,LQD
154,MBB
154,PALL
154,SCHX
154,SMH
154,SPLV
154,TLT
154,URA
154,VNQ
154,XLE
155,COMT
155,DBB
155,DBC
155,DIA
155,EEM
155,EIDO
155,EPP
155,EWH
155,EWP
155,EWT
155,EWY
155,IBB
155,ICLN
155,IEF
155,IHI
155,IJR
155,JNK
155,SMH
155,SPLV
155,SPY
155,VEU
155,VGIT
155,VGSH
155,WOOD
156,AAXJ
156,BNDX
156,CPER
156,DBO
156,EIRL
156,EPOL
156,EWO
156,EWQ
156,EWS
156,EZA
156,HYG
156,IGV
156,IHI
156,IJR
156,IWN
156,KBE
156,RWX
156,SCHB
156,SCHE
156,USL
156,VB
156,VGIT
156,VGSH
156,XBI
157,AAXJ
157,ANGL
157,DBA
157,EEM
157,EIRL
157,EMB
157,EPP
157,EWG
157,EWO
157,HDV
157,IAU
157,IEI
157,IGV
157,RSP
157,RWO
157,SCHD
157,SCHX
157,THD
157,USL
157,VGIT
157,VWO
157,XBI
157,XLK
157,XLU
158,DBC
158,EFA
158,EIRL
158,EPHE
158,EWC
158,EWM
158,EWN
158,EWY
158,EWZ
158,GDX
158,HACK
158,IAU
158,IEF
158,KRE
158,MTUM
158,SCHX
158,SHV
158,UNG
158,VCIT
158,VGIT
158,VTV
158,VUG
158,XLB
158,XLP
159,ACWI
159,AGG
159,ANGL
159,BKLN
159,CORN
159,DBC
159,EWC
159,EWI
159,EWS
159,EWZ
159,HACK
159,IHI
159,IWM
159,KWEB
159,MDY
159,RWO
159,TIP
159,UNG
159,VB
159,VGK
159,VTV
159,VWO
159,XLI
159,XLP
160,DBA
160,EEM
160,EWC
160,EWD
160,EWI
160,EWU
160,EWY
160,GDXJ
160,HDV
160,IEI
160,IEMG
160,INDA
160,KBE
160,PALL
160,PPA
160,QQQ
160,SCHD
160,SHY
160,SMH
160,SPLV
160,TLT
160,USL
160,VCSH
160,XLU
161,DBA
161,DEM
161,DIA
161,EIDO
161,EIS
161,ENZL
161,EPI
161,EWJ
161,EWN
161,GDXJ
161,GLD
161,IEI
161,IGV
161,IHI
161,IJH
161,IYR
161,MCHI
161,QUAL
161,RSP
161,SOXX
161,TLT
161,VCSH
161,VGSH
161,XLP
162,BIL
162,BND
162,CORN
162,EPHE
162,EWG
162,EWI
162,EWL
162,EWQ
162,EWY
162,HACK
162,IJH
162,IWD
162,IYR
162,PALL
162,RSP
162,SCHE
162,TAN
162,TIP
162,TUR
162,USL
162,VB
162,VGLT
162,XLK
162,XRT
163,ANGL
163,BIL
163,BNO
163,CPER
163,DBO
163,EPI
163,EWA
163,EWG
163,EWN
163,EWU
163,GDX
163,HYG
163,ICLN
163,IVV
163,KWEB
163,MCHI
163,MUB
163,QUAL
163,SCHD
163,TAN
163,TUR
163,VB
163,XLB
163,XLP
164,AAXJ
164,CPER
164,DEM
164,EIS
164,EPP
164,EWN
164,EWY
164,GSG
164,HYG
164,IEMG
164,IWD
164,KBE
164,PALL
164,PPLT
164,RSP
164,SCHB
164,SPY
164,TIP
164,VEA
164,VGLT
164,VGSH
164,XBI
164,XLB
164,XRT
165,ANGL
165,ASHR
165,BNO
165,EMB
165,EPOL
165,EWD
165,EWK
165,GDXJ
165,GSG
165,HDV
165,IEMG
165,IJR
165,IWF
165,KRE
165,PPA
165,QUAL
165,SCHE
165,SCHP
165,SMH
165,USO
165,VCIT
165,VEA
165,VWO
165,XLV
166,AGG
166,DBB
166,DBO
166,DGRO
166,EIDO
166,EWD
166,EWK
166,EWO
166,EWY
166,HYG
166,IEFA
166,IEMG
166,ITA
166,QQQ
166,SCHE
166,SCHX
166,SMH
166,TIP
166,USL
166,USO
166,VB
166,VCIT
166,XLF
166,XLV
167,BNDX
167,DBA
167,EIRL
167,EWC
167,EWH
167,EWQ
167,EWT
167,EWY
167,FDN
167,FXI
167,HACK
167,INDA
167,IWN
167,IYR
167,JNK
167,MUB
167,QQQ
167,RSP
167,RWO
167,RWX
167,SCHB
167,SMH
167,VCIT
167,XRT
168,DBO
168,DEM
168,EEM
168,EIRL
168,EMB
168,EWG
168,EWP
168,EWT
168,EWU
168,FDN
168,GSG
168,ICLN
168,IEMG
168,LQD
168,SHY
168,SMH
168,SPLV
168,SPY
168,TIP
168,URA
168,VB
168,VTI
168,WOOD
168,XLY
169,AAXJ
169,ANGL
169,DEM
169,DIA
169,EPI
169,EWN
169,EWU
169,FXI
169,HDV
169,IEFA
169,IWN
169,IYR
169,IYT
169,JNK
169,PALL
169,SPLV
169,TLT
169,URA
169,VCSH
169,VEA
169,WOOD
169,XLB
169,XLP
169,XLV
170,ARGT
170,BKLN
170,EFA
170,EMB
170,EPI
170,EPP
170,EWG
170,GDXJ
170,GLD
170,HYG
170,IGV
170,IHI
170,ITA
170,IVV
170,IWM
170,IYR
170,KWEB
170,MTUM
170,SOXX
170,TUR
170,USL
170,VB
170,VEU
170,VGSH
171,DBC
171,EDV
171,EIDO
171,EPI
171,EWD
171,EWO
171,GLD
171,HDV
171,IAU
171,IWF
171,MBB
171,MCHI
171,MUB
171,RWO
171,SCHD
171,SOXX
171,SPLV
171,TUR
171,VEA
171,VGK
171,VGSH
171,XLE
171,XLP
171,XLY
172,AAXJ
172,BNDX
172,DGRO
172,EIRL
172,EPHE
172,EPI
172,EPP
172,EWD
172,ICLN
172,IJH
172,MBB
172,RWO
172,RWX
172,SCHX
172,SHY
172,TAN
172,TUR
172,USL
172,VB
172,VCSH
172,VEU
172,VNQ
172,XLB
172,XLF
173,AAXJ
173,AGG
173,EIRL
173,EPHE
173,EWD
173,EWG
173,EWL
173,EWY
173,FXI
173,GLD
173,IEF
173,IEI
173,IGV
173,IWM
173,KBE
173,KRE
173,MBB
173,MDY
173,SCHX
173,SLV
173,USO
173,VTV
173,WOOD
173,XLY
174,DBA
174,DBB
174,DBC
174,DEM
174,DGS
174,EWC
174,EWH
174,EWI
174,EWO
174,GLD
174,HACK
174,HYG
174,IEI
174,IWF
174,KBE
174,QUAL
174,RSP
174,SCHB
174,SHY
174,THD
174,VCSH
174,VWO
174,XLB
174,XLF
175,ACWI
175,ARGT
175,EIRL
175,EWC
175,EWD
175,EWS
175,EWT
175,EWZ
175,GDX
175,GDXJ
175,IEI
175,IJH
175,ITA
175,PPLT
175,SCHD
175,SCHP
175,SMH
175,SPY
175,URA
175,VCIT
175,VCSH
175,VTV
175,XLP
175,XRT
176,COMT
176,CPER
176,DEM
176,EDV
176,EIRL
176,ENZL
176,EPHE
176,EWC
176,EWL
176,EWZ
176,GDXJ
176,HDV
176,IEMG
176,IJR
176,IWM
176,KRE
176,LQD
176,PPA
176,SCHP
176,SLV
176,SPY
176,VGIT
176,XLI
176,XLP
177,AAXJ
177,AGG
177,CPER
177,DIA
177,EDV
177,EFA
177,EIRL
177,EPHE
177,EWT
177,GLD
177,HDV
177,IAU
177,IEFA
177,IWN
177,IYT
177,SCHP
177,SMH
177,TUR
177,USL
177,VGK
177,VGSH
177,VTI
177,XLF
177,XLU
178,AAXJ
178,AGG
178,CPER
178,DBC
178,EPI
178,EPOL
178,EWC
178,EWM
178,FXI
178,GLD
178,ICLN
178,IHI
178,MDY
178,MTUM
178,RSP
178,SOXX
178,VCIT
178,VEU
178,VGIT
178,VGK
178,VGSH
178,VNQ
178,VUG
178,XLP
179,AAXJ
179,BNO
179,COMT
179,EDV
179,EIS
179,EMB
179,EPHE
179,EWA
179,EWI
179,EWK
179,EWM
179,IEMG
179,IYR
179,MTUM
179,PPA
179,PPLT
179,RSP
179,SHY
179,SMH
179,SPLV
179,VGLT
179,VO
179,XLB
179,XLK
180,BND
180,CPER
180,DBA
180,DBO
180,EIDO
180,EMB
180,ENZL
180,EWA
180,EWH
180,EWQ
180,EWT
180,HDV
180,IEMG
180,JNK
180,PPA
180,QUAL
180,RWX
180,SCHB
180,SCHD
180,SCHP
180,TAN
180,VWO
180,XLE
180,XLV
181,AGG
181,ANGL
181,DBO
181,DIA
181,EFA
181,EIS
181,EPI
181,EWL
181,EWQ
181,EWZ
181,EZA
181,GLD
181,GSG
181,HACK
181,IYT
181,JNK
181,KRE
181,KWEB
181,MDY
181,PPA
181,QQQ
181,SHY
181,VB
181,VNQ
182,CORN
182,CPER
182,DGS
182,EPP
182,EWD
182,EWL
182,EWQ
182,EZA
182,GDX
182,HYG
182,INDA
182,IWD
182,IYT
182,MTUM
182,PPA
182,QUAL
182,SCHB
182,SCHE
182,USO
182,VCIT
182,VGLT
182,VGSH
182,XLF
182,XLV
183,ANGL
183,BND
183,DBB
183,DGRO
183,EWD
183,EWJ
183,EWN
183,EWY
183,EZA
183,IWN
183,IYR
183,KWEB
183,MCHI
183,MUB
183,PALL
183,SOXX
183,SPY
183,TIP
183,UNG
183,VEU
183,VUG
183,XLK
183,XLP
183,XLY
184,ANGL
184,ASHR
184,COMT
184,DGS
184,EDV
184,EIS
184,EMB
184,EWC
184,EWL
184,EWS
184,EWY
184,HDV
184,IEFA
184,IJR
184,ITA
184,MDY
184,QQQ
184,RWO
184,TLT
184,UNG
184,USO
184,XLI
184,XLP
184,XLU
185,EIDO
185,EWA
185,EWI
185,EWQ
185,EWZ
185,EZA
185,GLD
185,HDV
185,HYG
185,IVV
185,KBE
185,MBB
185,PPA
185,SPY
185,THD
185,TLT
185,URA
185,USO
185,VCIT
185,VGK
185,VTV
185,WOOD
185,XLI
185,XLP
186,ARGT
186,BNDX
186,COMT
186,CPER
186,EDV
186,EFA
186,EWD
186,EWL
186,EWO
186,IAU
186,ICLN
186,IEI
186,IGV
186,IVV
186,IWN
186,IYT
186,KWEB
186,PPLT
186,SCHD
186,SCHE
186,SPY
186,TUR
186,VCIT
186,XLV
187,ARGT
187,BND
187,ENZL
187,EWA
187,EWD
187,EWI
187,EWY
187,GDXJ
187,GSG
187,ICLN
187,IEF
187,IEMG
187,IGV
187,IWF
187,IYR
187,KRE
187,MUB
187,SCHX
187,SHY
187,SPLV
187,SPY
187,TUR
187,WOOD
187,XLF
188,BKLN
188,COMT
188,CORN
188,CPER
188,EFA
188,ENZL
188,EWH
188,EWT
188,EZA
188,FDN
188,IEF
188,IWN
188,KWEB
188,MDY
188,RWO
188,SCHE
188,SPLV
188,TIP
188,VCIT
188,VEU
188,VUG
188,XLU
188,XLV
188,XLY
189,AAXJ
189,ACWI
189,BNDX
189,CORN
189,DBC
189,DGS
189,EPHE
189,EPOL
189,EWI
189,EWL
189,EZA
189,GDXJ
189,HACK
189,IYT
189,MTUM
189,PPA
189,QUAL
189,RWO
189,TIP
189,VB
189,VCIT
189,VGSH
189,VTI
189,XLP
190,AGG
190,DGRO
190,DGS
190,EEM
190,EIDO
190,EWU
190,GLD
190,IBB
190,IEFA
190,IWN
190,KBE
190,MBB
190,MUB
190,PALL
190,RWO
190,SMH
190,SPY
190,TUR
190,VEA
190,VGK
190,VGLT
190,VNQ
190,VO
190,XLK
191,BKLN
191,EIDO
191,EWC
191,EWJ
191,EWM
191,EWP
191,EZA
191,GLD
191,GSG
191,HYG
191,ICLN
191,IEFA
191,IEI
191,IJR
191,IWN
191,KRE
191,MBB
191,MCHI
191,PALL
191,RSP
191,SMH
191,VNQ
191,VTI
191,XLF
192,ARGT
192,EEM
192,EIS
192,EPHE
192,EPI
192,EWD
192,EWJ
192,EWQ
192,IAU
192,IBB
192,IGV
192,IYR
192,KRE
192,MUB
192,PPLT
192,QUAL
192,RSP
192,SCHB
192,SCHP
192,URA
192,VCIT
192,VGSH
192,VO
192,XLP
193,BNDX
193,DBC
193,DEM
193,DGS
193,EPP
193,EWL
193,EWP
193,EWU
193,HACK
193,IWD
193,IWN
193,IYT
193,JNK
193,KRE
193,QUAL
193,SHY
193,THD
193,UNG
193,USL
193,VGIT
193,VTV
193,VWO
193,WOOD
193,XLK
194,ANGL
194,BNO
194,CPER
194,DEM
194,DIA
194,EPP
194,EWG
194,EWN
194,EWT
194,EZA
194,IEFA
194,IVV
194,MBB
194,MDY
194,PPA
194,SMH
194,THD
194,UNG
194,USL
194,VGIT
194,VGLT
194,VUG
194,XLI
194,XLV
195,AGG
195,ASHR
195,BKLN
195,BNDX
195,COMT
195,CORN
195,DEM
195,DGRO
195,DIA
195,EIRL
195,ENZL
195,EWL
195,EWN
195,EWY
195,FDN
195,HDV
195,IEMG
195,IGV
195,JNK
195,RSP
195,RWO
195,TAN
195,VNQ
195,XLV
196,BKLN
196,BND
196,DBC
196,DGRO
196,EIDO
196,ENZL
196,EWD
196,EWJ
196,EWY
196,IEMG
196,INDA
196,IYR
196,IYT
196,PPA
196,RSP
196,SCHD
196,SCHX
196,TIP
196,UNG
196,URA
196,VCIT
196,VEA
196,XBI
196,XLY
197,AAXJ
197,ANGL
197,BNO
197,ENZL
197,EWD
197,EWL
197,FDN
197,HYG
197,IEF
197,IWF
197,IWM
197,KWEB
197,MCHI
197,MTUM
197,PALL
197,PPLT
197,QQQ
197,THD
197,TLT
197,USO
197,VEU
197,XLB
197,XLI
197,XLY
198,CORN
198,DGRO
198,DGS
198,DIA
198,EEM
198,EPHE
198,EWD
198,EWJ
198,EWK
198,EWP
198,EZA
198,GDX
198,HYG
198,IJH
198,ITA
198,KBE
198,SHY
198,SLV
198,SOXX
198,SPLV
198,TAN
198,TLT
198,URA
198,VGIT
199,COMT
199,DBC
199,DBO
199,EFA
199,EIDO
199,EWK
199,EWO
199,EWU
199,EZA
199,HACK
199,IEI
199,IJR
199,INDA
199,ITA
199,MTUM
199,MUB
199,RWO
199,SPLV
199,TAN
199,TIP
199,TUR
199,VB
199,VGSH
199,XLP
200,BKLN
200,DBB
200,DGS
200,EDV
200,EWH
200,EWJ
200,EWN
200,FDN
200,GDXJ
200,IBB
200,IGV
200,IWN
200,IYR
200,KWEB
200,RSP
200,SHV
200,SLV
200,THD
200,TIP
200,VEA
200,VO
200,VTI
200,VWO
200,XLF
201,AAXJ
201,DBB
201,ENZL
201,EWA
201,EWC
201,EWH
201,FXI
201,GLD
201,HYG
201,IAU
201,INDA
201,IVV
201,KRE
201,KWEB
201,RSP
201,SCHP
201,SMH
201,TAN
201,TIP
201,UNG
201,VGLT
201,VO
201,VTV
201,XLU
202,ACWI
202,ANGL
202,BIL
202,BNO
202,DBA
202,DGRO
202,EPHE
202,EPI
202,EWA
202,EWM
202,EWO
202,EWT
202,IVV
202,LQD
202,MBB
202,MTUM
202,SLV
202,VB
202,VGK
202,WOOD
202,XLE
202,XLF
202,XLK
202,XLP
203,EPOL
203,EWH
203,EWI
203,EWK
203,EWS
203,EWZ
203,FXI
203,GLD
203,GSG
203,HDV
203,IGV
203,ITA
203,IWF
203,KWEB
203,LQD
203,MUB
203,QQQ
203,RWX
203,SCHD
203,SOXX
203,UNG
203,VGLT
203,VGSH
203,XLB
204,AAXJ
204,CORN
204,CPER
204,EWC
204,EWH
204,EWN
204,EWY
204,HACK
204,ICLN
204,IJH
204,IJR
204,LQD
204,MBB
204,MCHI
204,SCHE
204,SHY
204,SMH
204,SPLV
204,UNG
204,URA
204,VGIT
204,VGK
204,VUG
204,XLU
205,DBA
205,DBO
205,EPI
205,EWK
205,EWL
205,EWM
205,EWO
205,HACK
205,IEMG
205,IVV
205,IWD
205,IWN
205,MDY
205,SCHP
205,SHV
205,SMH
205,THD
205,URA
205,VCSH
205,VGIT
205,VGK
205,VNQ
205,XLF
205,XLY
206,AAXJ
206,ACWI
206,BND
206,BNDX
206,DBC
206,DGS
206,EIRL
206,EMB
206,ENZL
206,EPI
206,EWH
206,EWZ
206,GDXJ
206,HYG
206,IAU
206,ITA
206,KBE
206,MDY
206,MTUM
206,PPLT
206,QQQ
206,RSP
206,XLB
206,XLK
207,BIL
207,DGRO
207,DIA
207,EDV
207,EFA
207,EPHE
207,EPI
207,EPOL
207,EWN
207,EWO
207,HACK
207,ICLN
207,INDA
207,IYR
207,PPA
207,QQQ
207,QUAL
207,RWO
207,THD
207,TIP
207,USL
207,USO
207,VGIT
207,XLI
208,AGG
208,ANGL
208,ASHR
208,BIL
208,COMT
208,DBB
208,DGS
208,EIS
208,EWI
208,EWJ
208,EWL
208,EWY
208,GDXJ
208,ICLN
208,IJR
208,ITA
208,IWM
208,KBE
208,QUAL
208,SCHP
208,SCHX
208,SMH
208,TUR
208,USO
209,ASHR
209,DBO
209,EIDO
209,EIS
209,EMB
209,EWA
209,EWL
209,EWN
209,EWT
209,HACK
209,HDV
209,IEF
209,IJH
209,IJR
209,KBE
209,KWEB
209,RSP
209,RWO
209,RWX
209,SHV
209,TAN
209,USO
209,VGSH
209,XLU
210,AAXJ
210,AGG
210,EDV
210,EIS
210,EWG
210,EWM
210,EWN
210,EWO
210,FDN
210,GDX
210,IAU
210,IJH
210,ITA
210,KWEB
210,QUAL
210,SCHP
210,SCHX
210,SPY
210,TUR
210,URA
210,USO
210,VCIT
210,XLE
210,XLF
211,ACWI
211,AGG
211,ARGT
211,BND
211,EIDO
211,EPOL
211,EWH
211,EWI
211,HYG
211,IEI
211,IGV
211,IVV
211,IWD
211,IYR
211,KBE
211,QUAL
211,SCHE
211,SCHX
211,SLV
211,TUR
211,USL
211,VNQ
211,XLF
211,XLY
212,BKLN
212,DGRO
212,EDV
212,EIDO
212,EIRL
212,EWG
212,EWJ
212,EWP
212,EWY
212,EWZ
212,GLD
212,IAU
212,IGV
212,IJR
212,IYT
212,KBE
212,KWEB
212,QQQ
212,RWX
212,TLT
212,USL
212,VGIT
212,VTV
212,XLI
213,BND
213,DBO
213,DGS
213,EIRL
213,ENZL
213,EPI
213,EWK
213,EWO
213,EWZ
213,GDX
213,IWD
213,IWN
213,JNK
213,MBB
213,MDY
213,PALL
213,PPA
213,SHV
213,TAN
213,THD
213,VNQ
213,VTV
213,XBI
213,XLI
214,AGG
214,EEM
214,EPHE
214,EWP
214,EWQ
214,GDXJ
214,IAU
214,IEF
214,IHI
214,INDA
214,IWD
214,MUB
214,RWO
214,SCHB
214,SOXX
214,SPY
214,URA
214,VEA
214,VGK
214,VGSH
214,VO
214,VWO
214,XLI
214,XLU
215,AGG
215,BNDX
215,EIS
215,EPI
215,EWD
215,EWH
215,EWQ
215,GDX
215,HACK
215,ICLN
215,IEMG
215,IHI
215,IYR
215,JNK
215,KRE
215,QUAL
215,SPY
215,THD
215,UNG
215,USO
215,VCIT
215,VTI
215,VTV
215,VWO
216,ASHR
216,COMT
216,DBA
216,DIA
216,EEM
216,EPI
216,EPP
216,EWA
216,EWC
216,EWH
216,EWY
216,GSG
216,IEF
216,IJR
216,IYT
216,KBE
216,KRE
216,PPLT
216,SHY
216,TAN
216,TIP
216,VGIT
216,VTV
216,VUG
217,DEM
217,DGS
217,EDV
217,EMB
217,EWA
217,EWD
217,EWK
217,EWL
217,EWT
217,INDA
217,IWF
217,IYR
217,LQD
217,MTUM
217,MUB
217,QUAL
217,RWO
217,UNG
217,VNQ
217,VUG
217,XLI
217,XLP
217,XLU
217,XLV
218,BIL
218,BND
218,DEM
218,EIRL
218,EMB
218,EWG
218,EWH
218,GDXJ
218,GSG
218,IYR
218,KBE
218,KWEB
218,LQD
218,MCHI
218,PALL
218,QQQ
218,SOXX
218,THD
218,VB
218,VEU
218,VTI
218,VTV
218,XBI
218,XLI
219,BND
219,CPER
219,EWH
219,EWQ
219,EWS
219,EWT
219,EWU
219,IEFA
219,INDA
219,IWF
219,KBE
219,MBB
219,PALL
219,RWX
219,SHV
219,SHY
219,TUR
219,USO
219,VTI
219,VTV
219,VUG
219,XLB
219,XLF
219,XLV
220,AAXJ
220,ACWI
220,DBO
220,EEM
220,ENZL
220,EPI
220,EWI
220,EWT
220,GDX
220,HYG
220,ICLN
220,IJH
220,IYT
220,KRE
220,LQD
220,RSP
220,RWO
220,SCHD
220,SCHX
220,SMH
220,URA
220,VCSH
220,VEA
220,VGIT
221,AGG
221,ARGT
221,DBO
221,EDV
221,EFA
221,EIS
221,EPP
221,EWT
221,FDN
221,IEFA
221,IJR
221,IYR
221,MCHI
221,MTUM
221,MUB
221,RWO
221,SMH
221,SPLV
221,TUR
221,USL
221,VCIT
221,VUG
221,XLB
221,XLV
222,ACWI
222,ARGT
222,EWG
222,EWN
222,EZA
222,HYG
222,IEI
222,IHI
222,IJR
222,IYR
222,KWEB
222,MCHI
222,MTUM
222,MUB
222,PALL
222,RWO
222,SCHD
222,SCHP
222,URA
222,VGK
222,VUG
222,XLB
222,XLK
222,XLP
223,ACWI
223,COMT
223,CORN
223,DBC
223,DEM
223,DGS
223,EFA
223,EMB
223,EWA
223,EWM
223,IEI
223,IHI
223,IVV
223,IWM
223,PPA
223,SCHD
223,SCHE
223,SHV
223,SPLV
223,USL
223,VGK
223,VGLT
223,XLB
223,XLK
224,ANGL
224,ASHR
224,BIL
224,BNDX
224,DBA
224,DBB
224,DEM
224,DGRO
224,EPHE
224,EPP
224,EWA
224,EWU
224,HDV
224,ICLN
224,IEFA
224,IWN
224,MCHI
224,PPLT
224,SCHP
224,SOXX
224,TAN
224,UNG
224,VTV
224,XLI
225,ASHR
225,BND
225,BNO
225,EIRL
225,EWA
225,EWO
225,EWT
225,FDN
225,IJR
225,IWD
225,IYR
225,KRE
225,KWEB
225,QUAL
225,SLV
225,SMH
225,SPY
225,TIP
225,VCIT
225,VCSH
225,VEA
225,VNQ
225,VWO
225,XLP
226,AAXJ
226,COMT
226,CPER
226,DIA
226,EPOL
226,EWP
226,EWU
226,ICLN
226,IEF
226,IWD
226,IWF
226,IYT
226,KWEB
226,MCHI
226,MUB
226,PPLT
226,SHV
226,SHY
226,SLV
226,SMH
226,SPLV
226,THD
226,VEU
226,XLP
227,AGG
227,BIL
227,BNO
227,CORN
227,EPHE
227,EWD
227,EWK
227,EWL
227,EWM
227,EWQ
227,FDN
227,GLD
227,HDV
227,IHI
227,IJR
227,ITA
227,IWF
227,LQD
227,QUAL
227,SCHE
227,THD
227,VGIT
227,WOOD
227,XBI
228,AAXJ
228,ANGL
228,DBA
228,DBC
228,DBO
228,DGRO
228,EEM
228,EIRL
228,EWD
228,EWG
228,EWT
228,GSG
228,HYG
228,IYT
228,JNK
228,QQQ
228,QUAL
228,SMH
228,TLT
228,TUR
228,VGK
228,VTV
228,XLE
228,XLV
229,ARGT
229,BIL
229,BNDX
229,COMT
229,DGS
229,EPOL
229,EWJ
229,EWS
229,FDN
229,IAU
229,IWM
229,IWN
229,KWEB
229,PPA
229,SCHP
229,TAN
229,VB
229,VEA
229,VGK
229,VGSH
229,VNQ
229,VTV
229,WOOD
229,XLE
230,AGG
230,ARGT
230,DEM
230,DGRO
230,EIRL
230,EPHE
230,EWH
230,EWI
230,HDV
230,KWEB
230,MBB
230,MDY
230,PALL
230,PPLT
230,RWX
230,SOXX
230,TLT
230,UNG
230,VEA
230,VGIT
230,VUG
230,XLE
230,XLU
230,XLY
231,ACWI
231,EEM
231,EWI
231,EWK
231,EWS
231,EWY
231,GDX
231,GSG
231,HDV
231,IEMG
231,IWM
231,MBB
231,MUB
231,QUAL
231,SHV
231,UNG
231,URA
231,VEU
231,VGSH
231,VO
231,XLE
231,XLI
231,XLK
231,XLP
232,AGG
232,COMT
232,EEM
232,ENZL
232,EPHE
232,EWD
232,EWH
232,EWN
232,EWS
232,HYG
232,IWM
232,IYT
232,PPLT
232,RSP
232,RWO
232,SMH
232,SPLV
232,TLT
232,VB
232,VCIT
232,VWO
232,WOOD
232,XLB
232,XLU
233,ASHR
233,BNO
233,DGRO
233,EDV
233,EFA
233,EIRL
233,ENZL
233,EWZ
233,FXI
233,GDX
233,HYG
233,IBB
233,IGV
233,IWM
233,MTUM
233,PALL
233,QQQ
233,SCHE
233,UNG
233,VCIT
233,VGIT
233,VGK
233,XLI
233,XLU
234,BIL
234,COMT
234,DBA
234,DBB
234,EIS
234,EPHE
234,EWD
234,EWL
234,EWS
234,EWY
234,HDV
234,HYG
234,IEMG
234,IJR
234,IWF
234,SCHX
234,SOXX
234,USO
234,VGIT
234,VGK
234,VGLT
234,XLK
234,XLU
234,XLV
235,ARGT
235,COMT
235,EWK
235,EWP
235,EWU
235,EZA
235,FDN
235,ICLN
235,IWM
235,JNK
235,MTUM
235,PPLT
235,RWX
235,SCHE
235,SHV
235,SHY
235,SPLV
235,SPY
235,VCIT
235,VGK
235,VNQ
235,VWO
235,XLI
235,XLP
236,AGG
236,ARGT
236,DGRO
236,EFA
236,ENZL
236,EPHE
236,EWK
236,EWO
236,EWT
236,GDX
236,GLD
236,ICLN
236,IHI
236,IWF
236,IWN
236,LQD
236,QQQ
236,SOXX
236,TUR
236,UNG
236,USL
236,VCIT
236,VGLT
236,XLY
237,ACWI
237,CPER
237,DBA
237,DBB
237,DGRO
237,EIDO
237,EIRL
237,EMB
237,EWD
237,EWN
237,EZA
237,GDX
237,IEI
237,IEMG
237,IGV
237,MUB
237,RSP
237,SCHB
237,SCHX
237,TAN
237,TLT
237,VWO
237,XLP
237,XLV
238,AGG
238,CORN
238,EIDO
238,EPI
238,EWD
238,EWM
238,EWO
238,EWY
238,GDX
238,GDXJ
238,IEFA
238,IEI
238,IWD
238,IWM
238,KBE
238,MTUM
238,MUB
238,PPA
238,TLT
238,UNG
238,VGK
238,VTV
238,XLI
238,XLV
239,AAXJ
239,BND
239,CPER
239,EDV
239,EIS
239,EMB
239,EPI
239,EWQ
239,EWY
239,ICLN
239,IEFA
239,IWD
239,IWM
239,SCHB
239,SCHE
239,SMH
239,SOXX
239,USL
239,USO
239,VCIT
239,VEU
239,VTV
239,WOOD
239,XLV
240,ASHR
240,BNDX
240,DEM
240,DGRO
240,EIDO
240,EWL
240,EWN
240,EWP
240,GLD
240,GSG
240,HYG
240,IJR
240,IWN
240,JNK
240,RWX
240,TLT
240,TUR
240,USL
240,VGK
240,VTV
240,XBI
240,XLB
240,XLP
240,XLY
241,AAXJ
241,ACWI
241,BIL
241,CPER
241,DBA
241,DGS
241,DIA
241,EPP
241,EWH
241,EWO
241,IEMG
241,IGV
241,IVV
241,JNK
241,KRE
241,SCHP
241,SCHX
241,SOXX
241,VGIT
241,VNQ
241,VUG
241,VWO
241,WOOD
241,XLU
242,ANGL
242,ASHR
242,CORN
242,DEM
242,DGRO
242,EPP
242,EWI
242,EWK
242,EWL
242,EWM
242,GDX
242,IAU
242,LQD
242,MBB
242,MDY
242,PPLT
242,RSP
242,SCHP
242,SMH
242,TUR
242,VTV
242,XLF
242,XLP
242,XRT
243,AAXJ
243,BKLN
243,CPER
243,DGS
243,DIA
243,EFA
243,EIDO
243,EPOL
243,EWC
243,EWK
243,FXI
243,GLD
243,IAU
243,ICLN
243,IEF
243,IWM
243,QQQ
243,SPLV
243,TAN
243,TLT
243,VGIT
243,VNQ
243,XBI
243,XLE
244,BNDX
244,DBB
244,DGS
244,EMB
244,EWD
244,EWL
244,EWO
244,EWQ
244,EWT
244,GLD
244,HACK
244,IWF
244,PPA
244,QQQ
244,RSP
244,SCHP
244,TIP
244,TUR
244,UNG
244,VUG
244,VWO
244,WOOD
244,XBI
244,XLU
245,ANGL
245,BKLN
245,BNDX
245,COMT
245,CPER
245,DBO
245,DGRO
245,EFA
245,EPOL
245,EWD
245,EWS
245,EWT
245,EWU
245,EWZ
245,FXI
245,IJR
245,JNK
245,KBE
245,SCHX
245,TAN
245,URA
245,VB
245,XLB
245,XLK
246,DBB
246,DBC
246,DGRO
246,EEM
246,ENZL
246,EPI
246,EWC
246,EWK
246,EWL
246,IAU
246,IBB
246,IEMG
246,KRE
246,KWEB
246,PPA
246,QUAL
246,RSP
246,SCHB
246,TLT
246,UNG
246,VCSH
246,VGLT
246,VGSH
246,XLP
247,EDV
247,EEM
247,ENZL
247,EPHE
247,EWG
247,EWL
247,EWQ
247,GDXJ
247,IBB
247,IEI
247,IEMG
247,ITA
247,IWF
247,IYR
247,IYT
247,KWEB
247,LQD
247,SCHD
247,SHY
247,USO
247,VNQ
247,VO
247,VTI
247,XLI
248,ARGT
248,BIL
248,BNO
248,EPI
248,EWH
248,FXI
248,HDV
248,IEFA
248,KBE
248,QQQ
248,SCHE
248,SMH
248,UNG
248,URA
248,USL
248,VCSH
248,VEA
248,VGIT
248,VGK
248,VGSH
248,VO
248,VTV
248,XLE
248,XLV
249,DBO
249,DGRO
249,EDV
249,EPHE
249,EWH
249,EWJ
249,EWM
249,EWN
249,GDX
249,GSG
249,HYG
249,IBB
249,IEMG
249,IWF
249,IYR
249,KRE
249,LQD
249,MBB
249,MCHI
249,SCHD
249,SMH
249,VGK
249,VO
249,XLU
250,AAXJ
250,ARGT
250,DGRO
250,EPI
250,EPOL
250,EWC
250,EWG
250,EWO
250,GDX
250,GLD
250,HACK
250,IBB
250,IEI
250,IJH
250,IWF
250,LQD
250,RWX
250,SCHP
250,SCHX
250,SHV
250,SOXX
250,TUR
250,URA
250,XLU
251,BNDX
251,CPER
251,DGRO
251,DGS
251,DIA
251,EDV
251,EPI
251,EPOL
251,EWI
251,EWO
251,EWU
251,EZA
251,GLD
251,HACK
251,HDV
251,KRE
251,LQD
251,QQQ
251,RWO
251,SHY
251,TAN
251,VNQ
251,VWO
251,XLF
252,CORN
252,DBB
252,DEM
252,DGS
252,EDV
252,ENZL
252,EPP
252,EWT
252,EWU
252,IAU
252,IVV
252,IWF
252,KRE
252,MCHI
252,QQQ
252,SCHP
252,SHV
252,SMH
252,USL
252,VGK
252,VGSH
252,VTV
252,XLK
252,XLY
253,BNDX
253,COMT
253,DBA
253,DBB
253,DEM
253,EIDO
253,EIRL
253,EPP
253,EWA
253,EWG
253,GSG
253,HYG
253,ICLN
253,IEF
253,IHI
253,INDA
253,IWN
253,MTUM
253,PPA
253,SCHB
253,SCHX
253,VGSH
253,VWO
253,XLF
254,ASHR
254,CPER
254,DEM
254,EFA
254,EWG
254,EWI
254,EWL
254,GSG
254,HACK
254,IHI
254,IVV
254,IWF
254,MDY
254,SCHE
254,SHV
254,SLV
254,THD
254,TIP
254,TLT
254,USO
254,VCIT
254,VTV
254,XLB
254,XLP
255,AAXJ
255,COMT
255,EPHE
255,EWD
255,EWJ
255,EWK
255,EWP
255,EZA
255,GDX
255,GDXJ
255,ICLN
255,IEF
255,IGV
255,IJR
255,SCHD
255,SHY
255,SPY
255,TLT
255,TUR
255,USO
255,VB
255,VGIT
255,XLK
255,XLU
256,AAXJ
256,ASHR
256,BND
256,BNO
256,EMB
256,EWC
256,EWD
256,EWI
256,EWJ
256,GLD
256,IBB
256,IJH
256,IWD
256,KWEB
256,MDY
256,PPLT
256,QUAL
256,RWX
256,SOXX
256,THD
256,VGIT
256,VGSH
256,XLU
256,XLV
257,ASHR
257,CPER
257,DBB
257,DIA
257,EFA
257,EIS
257,EPHE
257,EWL
257,EWS
257,EWU
257,IEF
257,IEI
257,IGV
257,IVV
257,JNK
257,KRE
257,MDY
257,THD
257,TIP
257,UNG
257,USL
257,VTV
257,XBI
257,XLF
258,EEM
258,ENZL
258,EWC
258,EWT
258,FDN
258,GSG
258,IAU
258,IEF
258,IEFA
258,ITA
258,IWF
258,IWN
258,IYT
258,KWEB
258,RWX
258,SPY
258,TUR
258,USO
258,VCIT
258,VEA
258,VGIT
258,VGSH
258,VUG
258,XLB
259,ASHR
259,BKLN
259,EDV
259,EIDO
259,EIRL
259,EWI
259,EWL
259,EZA
259,GSG
259,IJR
259,INDA
259,IVV
259,IYT
259,KRE
259,LQD
259,PPLT
259,QQQ
259,SLV
259,SPLV
259,TLT
259,USL
259,VEU
259,XLE
259,XRT
260,BIL
260,DBA
260,DGRO
260,DGS
260,EIS
260,EWC
260,EWD
260,EWN
260,GLD
260,INDA
260,KBE
260,MBB
260,PALL
260,QQQ
260,RWX
260,SCHB
260,SPLV
260,THD
260,TIP
260,TUR
260,VCIT
260,XLK
260,XLV
260,XRT
261,BND
261,COMT
261,CPER
261,EIRL
261,EMB
261,EPP
261,EWM
261,FXI
261,HDV
261,IEI
261,IJH
261,IVV
261,IYR
261,IYT
261,MCHI
261,SCHB
261,SCHP
261,THD
261,VEA
261,VGK
261,VNQ
261,XBI
261,XLP
261,XLU
262,AAXJ
262,BND
262,DBO
262,EEM
262,EIDO
262,EMB
262,ENZL
262,EWA
262,EWD
262,EWQ
262,EWS
262,GDXJ
262,IAU
262,IEF
262,ITA
262,IWF
262,KRE
262,QUAL
262,RWO
262,SHY
262,SPLV
262,VTI
262,XLE
262,XLP
263,BNDX
263,COMT
263,DBB
263,DGRO
263,EDV
263,EIS
263,EWG
263,EWL
263,EWM
263,EWO
263,EWS
263,EWZ
263,FDN
263,GLD
263,IHI
263,ITA
263,IWM
263,MBB
263,MCHI
263,RSP
263,RWO
263,SCHX
263,VCIT
263,XLP
264,AGG
264,BNO
264,CPER
264,DBA
264,DIA
264,EEM
264,EPHE
264,EPI
264,EPOL
264,EWH
264,EWQ
264,EWY
264,IHI
264,IJH
264,KRE
264,MUB
264,QUAL
264,SOXX
264,USL
264,VGK
264,VGLT
264,VGSH
264,VUG
264,XLI
265,ANGL
265,BIL
265,DBA
265,EWD
265,EWK
265,EWO
265,EWS
265,EWY
265,EZA
265,GSG
265,IEF
265,IWD
265,IYT
265,KBE
265,RWO
265,SCHB
265,SCHD
265,SLV
265,SPY
265,THD
265,VEU
265,VGIT
265,XBI
265,XRT
266,ACWI
266,BIL
266,DBO
266,DEM
266,EWM
266,EWN
266,FDN
266,GDX
266,GSG
266,INDA
266,IWF
266,IYT
266,LQD
266,MBB
266,MCHI
266,PALL
266,QQQ
266,SHV
266,SMH
266,VEA
266,VEU
266,VTI
266,VTV
266,XLI
267,ARGT
267,BKLN
267,BND
267,COMT
267,CPER
267,DEM
267,DIA
267,EIDO
267,EPI
267,EWI
267,EWL
267,EWP
267,EWQ
267,IAU
267,IBB
267,IHI
267,IVV
267,MTUM
267,MUB
267,RWO
267,SCHD
267,SMH
267,TLT
267,XLY
268,ARGT
268,ASHR
268,BND
268,BNO
268,EPI
268,EPOL
268,EWH
268,EWK
268,GDX
268,IEI
268,ITA
268,IWM
268,KRE
268,MUB
268,PPLT
268,RWX
268,SCHD
268,TAN
268,THD
268,VGIT
268,VGK
268,VTI
268,VTV
268,XLV
269,BIL
269,BNO
269,DGRO
269,DIA
269,EIDO
269,ENZL
269,EWA
269,EWL
269,EWS
269,FXI
269,GSG
269,ICLN
269,IEF
269,IJR
269,INDA
269,PALL
269,SCHD
269,TLT
269,USO
269,VCSH
269,VEA
269,XLB
269,XLY
269,XRT
270,ANGL
270,ASHR
270,BKLN
270,DEM
270,EIRL
270,EMB
270,EPOL
270,EWJ
270,EWK
270,EWS
270,GDXJ
270,IBB
270,ICLN
270,IEF
270,IWD
270,IWF
270,RSP
270,TUR
270,USL
270,USO
270,VNQ
270,VO
270,XLF
270,XLI
271,AGG
271,CPER
271,EDV
271,EIS
271,EPP
271,EWD
271,EWJ
271,EWM
271,EWT
271,GDXJ
271,HYG
271,ICLN
271,IJH
271,KRE
271,KWEB
271,SCHD
271,SCHE
271,UNG
271,USO
271,VB
271,VGLT
271,VO
271,XBI
271,XLE
272,BIL
272,BND
272,DIA
272,EIS
272,ENZL
272,EWL
272,EWS
272,EWT
272,GLD
272,HACK
272,IGV
272,IJR
272,JNK
272,QUAL
272,RWX
272,THD
272,TUR
272,UNG
272,USO
272,VGK
272,VGSH
272,VUG
272,XLF
272,XLP
273,ANGL
273,BIL
273,DGS
273,EWH
273,EWJ
273,EWL
273,HACK
273,IAU
273,ICLN
273,IGV
273,INDA
273,MBB
273,PALL
273,SCHB
273,SCHE
273,SHV
273,SPLV
273,TUR
273,UNG
273,VEA
273,VTI
273,VTV
273,WOOD
273,XLF
274,ANGL
274,ARGT
274,BIL
274,DBA
274,DBB
274,EIDO
274,EIRL
274,EWI
274,EWO
274,EWS
274,GDX
274,IEF
274,IJH
274,MCHI
274,MDY
274,MTUM
274,RSP
274,URA
274,VGK
274,VGLT
274,XLK
274,XLP
274,XLU
274,XLV
275,ARGT
275,BIL
275,BNDX
275,BNO
275,DGRO
275,EMB
275,EWC
275,EWG
275,EWN
275,EZA
275,FDN
275,GLD
275,IEFA
275,IVV
275,KWEB
275,SCHB
275,SCHP
275,TAN
275,TUR
275,UNG
275,USO
275,VUG
275,XLE
275,XLP
276,AAXJ
276,ANGL
276,ASHR
276,BNDX
276,BNO
276,CORN
276,DGRO
276,EFA
276,EWK
276,EWN
276,EWQ
276,EWY
276,FDN
276,HACK
276,IWM
276,IWN
276,IYR
276,KWEB
276,SCHB
276,SLV
276,VCIT
276,VGLT
276,XLF
276,XLU
277,AGG
277,EEM
277,EPI
277,EWL
277,EWN
277,EWO
277,EWP
277,GDXJ
277,HACK
277,ICLN
277,IEF
277,IEMG
277,MDY
277,MUB
277,PALL
277,PPLT
277,QUAL
277,SCHE
277,SPLV
277,UNG
277,VB
277,VCSH
277,XLB
277,XRT
278,BND
278,CPER
278,EEM
278,EPOL
278,EWH
278,EWJ
278,EWP
278,EWT
278,EWZ
278,IGV
278,ITA
278,IWM
278,IYR
278,LQD
278,PPLT
278,SCHD
278,SMH
278,SPY
278,TIP
278,TLT
278,TUR
278,USO
278,VUG
278,XLK
279,ARGT
279,EDV
279,EIRL
279,EIS
279,EMB
279,EPHE
279,EWC
279,EWM
279,EWN
279,EWT
279,GDXJ
279,GSG
279,HDV
279,ICLN
279,IVV
279,IWD
279,SCHD
279,SOXX
279,USO
279,VCIT
279,VGSH
279,WOOD
279,XBI
279,XLB
280,AAXJ
280,BND
280,DBA
280,DBO
280,DEM
280,EEM
280,EWG
280,EWJ
280,EWN
280,HACK
280,IEMG
280,IVV
280,IWF
280,IWN
280,KBE
280,LQD
280,PALL
280,QUAL
280,TLT
280,VEA
280,VGLT
280,WOOD
280,XBI
280,XLP
281,ACWI
281,BIL
281,EWD
281,EWM
281,EWN
281,EWP
281,FXI
281,HYG
281,IHI
281,INDA
281,ITA
281,IWF
281,KRE
281,LQD
281,MCHI
281,RSP
281,RWO
281,RWX
281,SPY
281,USL
281,USO
281,VCSH
281,VO
281,XLV
282,ASHR
282,DGS
282,EPOL
282,EWN
282,EWO
282,EWU
282,GSG
282,HACK
282,IEI
282,IWF
282,IWN
282,KBE
282,KWEB
282,LQD
282,QQQ
282,RWX
282,SHV
282,THD
282,URA
282,VGSH
282,VNQ
282,VO
282,XBI
282,XLE
283,BNDX
283,DBC
283,DIA
283,EPHE
283,EPI
283,EWA
283,EWG
283,EWI
283,EWT
283,GSG
283,IBB
283,IEFA
283,IGV
283,RWO
283,SCHP
283,TLT
283,UNG
283,VB
283,VCSH
283,VTI
283,VUG
283,VWO
283,XLF
283,XLK
284,ARGT
284,BIL
284,DBO
284,EEM
284,EFA
284,EMB
284,EPHE
284,EWH
284,EZA
284,HDV
284,IEF
284,IEFA
284,IHI
284,MBB
284,MTUM
284,PPA
284,PPLT
284,SCHD
284,SLV
284,SOXX
284,USO
284,VEA
284,VTI
284,XLU
285,ARGT
285,BKLN
285,CORN
285,DBB
285,DBO
285,DEM
285,EMB
285,EPP
285,EWD
285,EWI
285,EWL
285,EWS
285,EWZ
285,HACK
285,QUAL
285,SPLV
285,USO
285,VB
285,VCIT
285,VGIT
285,VTI
285,XLE
285,XLF
285,XRT
286,DBO
286,DEM
286,EDV
286,ENZL
286,EPI
286,EPP
286,EWK
286,EWO
286,FDN
286,FXI
286,GDX
286,IWF
286,JNK
286,KRE
286,LQD
286,MTUM
286,PPA
286,RWO
286,SCHD
286,SCHP
286,THD
286,UNG
286,VUG
286,XLV
287,CORN
287,DEM
287,DIA
287,EIDO
287,EWH
287,EWK
287,EWP
287,EWU
287,FXI
287,IBB
287,IGV
287,IJR
287,IWN
287,IYR
287,LQD
287,MBB
287,PPLT
287,RWX
287,SCHE
287,SCHX
287,SHY
287,TAN
287,TIP
287,XBI
288,AAXJ
288,CPER
288,DBA
288,DBO
288,DGS
288,EIRL
288,EMB
288,EWG
288,EWO
288,EWU
288,FDN
288,GDXJ
288,IEF
288,IEI
288,IWN
288,PPA
288,SCHB
288,SPY
288,THD
288,VGIT
288,VTV
288,VWO
288,XBI
288,XLI
289,ANGL
289,BKLN
289,BNO
289,EIDO
289,EIRL
289,EWJ
289,EWK
289,EWS
289,EWZ
289,GLD
289,HYG
289,IHI
289,IJR
289,IWM
289,IYR
289,MDY
289,PPA
289,RWO
289,SCHP
289,THD
289,VB
289,VEU
289,XLI
289,XLU
290,ASHR
290,BIL
290,CPER
290,DIA
290,EEM
290,EIRL
290,EPHE
290,EPP
290,EWG
290,EWO
290,GLD
290,IEF
290,IGV
290,IHI
290,JNK
290,MDY
290,QUAL
290,SCHD
290,SCHE
290,TIP
290,UNG
290,WOOD
290,XBI
290,XLI
291,ACWI
291,BND
291,DEM
291,DGS
291,DIA
291,EIS
291,EPP
291,EWI
291,FDN
291,GSG
291,IEMG
291,LQD
291,PPA
291,PPLT
291,QQQ
291,QUAL
291,SCHE
291,SLV
291,USO
291,VCIT
291,VCSH
291,VUG
291,XLP
291,XLU
292,ANGL
292,BNO
292,CPER
292,EDV
292,EMB
292,ENZL
292,EPOL
292,EPP
292,EWH
292,EWZ
292,GDXJ
292,IAU
292,IBB
292,IHI
292,INDA
292,IVV
292,JNK
292,KRE
292,KWEB
292,MTUM
292,VO
292,VTI
292,VWO
292,XLP
293,ANGL
293,DBO
293,DGRO
293,DGS
293,EIDO
293,EPI
293,EWA
293,EWG
293,EWI
293,EWN
293,HYG
293,IEI
293,IEMG
293,IGV
293,IJR
293,IYT
293,KRE
293,PALL
293,QUAL
293,RSP
293,SHV
293,USL
293,WOOD
293,XLI
294,CPER
294,DGS
294,EIDO
294,EPOL
294,EWD
294,EWU
294,FXI
294,GSG
294,IBB
294,IEFA
294,IWD
294,IWM
294,IYR
294,MBB
294,RSP
294,SHV
294,SHY
294,URA
294,VCIT
294,VTI
294,VWO
294,XLF
294,XLP
294,XLY
295,CORN
295,EEM
295,EFA
295,EIDO
295,EPOL
295,EWQ
295,EWZ
295,GDXJ
295,GLD
295,HACK
295,IEF
295,JNK
295,MDY
295,MTUM
295,SCHP
295,SHY
295,SMH
295,SPY
295,URA
295,VEA
295,VO
295,VWO
295,XBI
295,XRT
296,ASHR
296,EMB
296,EWI
296,EWK
296,EWL
296,EWP
296,EWT
296,EZA
296,GDX
296,GDXJ
296,GSG
296,IAU
296,IGV
296,ITA
296,SCHD
296,SCHE
296,SHV
296,SHY
296,SPY
296,VB
296,VCSH
296,VTI
296,XLB
296,XLP
297,ASHR
297,BNDX
297,DBB
297,EIRL
297,EWG
297,EWH
297,EWS
297,EZA
297,GDXJ
297,GSG
297,HACK
297,IBB
297,IEI
297,IJR
297,IWD
297,IWN
297,IYR
297,MDY
297,SHV
297,SHY
297,SMH
297,SOXX
297,THD
297,VEA
298,ASHR
298,EIS
298,EMB
298,ENZL
298,EWH
298,EWP
298,EWT
298,EWZ
298,GDXJ
298,GSG
298,IAU
298,IWF
298,IYR
298,MBB
298,MDY
298,SCHE
298,SCHX
298,SMH
298,SOXX
298,TIP
298,VGSH
298,VTI
298,XLP
298,XLY
299,BKLN
299,CPER
299,DBA
299,DBO
299,DGRO
299,DIA
299,EPOL
299,EWC
299,EWO
299,EWZ
299,EZA
299,FXI
299,GDX
299,HDV
299,HYG
299,IEF
299,IYT
299,KWEB
299,MDY
299,SHY
299,VEU
299,XBI
299,XLU
299,XRT
300,ASHR
300,BND
300,BNO
300,DBA
300,EPHE
300,EPOL
300,EWC
300,EWO
300,EWT
300,FXI
300,IBB
300,IWF
300,IWM
300,KRE
300,LQD
300,PPLT
300,TAN
300,TLT
300,URA
300,VB
300,VCSH
300,VEA
300,VTV
300,XLP
301,ARGT
301,ASHR
301,DBA
301,DBC
301,ENZL
301,EWH
301,EWK
301,EWL
301,EWZ
301,FXI
301,GDX
301,IWF
301,IWN
301,JNK
301,MUB
301,PPA
301,QUAL
301,RSP
301,SCHP
301,TAN
301,TLT
301,VNQ
301,XLP
301,XLU
302,EDV
302,EIDO
302,EIRL
302,EPHE
302,EWJ
302,EWO
302,GLD
302,HDV
302,INDA
302,IVV
302,IWD
302,IYR
302,SCHE
302,TIP
302,URA
302,USO
302,VCIT
302,VGIT
302,VGK
302,VUG
302,XBI
302,XLB
302,XLI
302,XLV
303,DBO
303,DGRO
303,EIRL
303,EMB
303,EPHE
303,EPP
303,EWJ
303,EWM
303,EWZ
303,HDV
303,IEMG
303,IGV
303,IHI
303,ITA
303,IYR
303,MUB
303,PALL
303,PPLT
303,RSP
303,VCIT
303,VGK
303,VGSH
303,VUG
303,XLE
304,AAXJ
304,ACWI
304,COMT
304,DBC
304,EIS
304,EPHE
304,EPP
304,EWL
304,EWZ
304,FXI
304,GDX
304,IWD
304,IYT
304,JNK
304,RSP
304,SMH
304,URA
304,VCIT
304,VGIT
304,VGLT
304,VTI
304,VUG
304,XBI
304,XLK
305,AAXJ
305,BND
305,DBA
305,DGS
305,ENZL
305,EWA
305,EWD
305,EWH
305,GLD
305,HYG
305,IEI
305,IEMG
305,IJH
305,IJR
305,LQD
305,PALL
305,PPA
305,RSP
305,SPLV
305,TUR
305,VNQ
305,XLI
305,XLP
305,XRT
306,BIL
306,EEM
306,EPI
306,EWD
306,EWM
306,EWQ
306,EWU
306,GLD
306,GSG
306,HACK
306,HYG
306,IAU
306,IEF
306,IJR
306,RSP
306,SMH
306,SPLV
306,SPY
306,THD
306,UNG
306,VGK
306,VGSH
306,XLE
306,XLV
307,ANGL
307,BIL
307,BNDX
307,BNO
307,EEM
307,EWN
307,EWP
307,FDN
307,FXI
307,HYG
307,IAU
307,ICLN
307,IEFA
307,IWF
307,KBE
307,MCHI
307,MTUM
307,SLV
307,SPLV
307,SPY
307,TAN
307,THD
307,URA
307,VEU
308,BKLN
308,DIA
308,EFA
308,EWA
308,EWP
308,FDN
308,FXI
308,GDXJ
308,IBB
308,IHI
308,INDA
308,IWF
308,PALL
308,QUAL
308,RWX
308,SCHB
308,SCHP
308,SMH
308,THD
308,URA
308,VGK
308,VGLT
308,VGSH
308,VWO
309,BKLN
309,BND
309,COMT
309,DEM
309,DGS
309,DIA
309,EIDO
309,EIS
309,EWI
309,EWJ
309,EWQ
309,EWY
309,HACK
309,IGV
309,IVV
309,IYR
309,LQD
309,MUB
309,RWO
309,SMH
309,SPLV
309,USO
309,VB
309,XLI
310,CPER
310,DGRO
310,EIDO
310,EIRL
310,EPP
310,EWN
310,EWP
310,FXI
310,IWM
310,MBB
310,RSP
310,RWO
310,RWX
310,SCHE
310,TLT
310,VGLT
310,VGSH
310,VUG
310,VWO
310,WOOD
310,XLE
310,XLI
310,XLY
310,XRT
311,BIL
311,CPER
311,DGS
311,EIS
311,EWA
311,EWK
311,FXI
311,ICLN
311,IJR
311,IWN
311,IYT
311,JNK
311,MCHI
311,PPLT
311,SCHE
311,SCHP
311,SPLV
311,TAN
311,TIP
311,USO
311,VB
311,VGK
311,WOOD
311,XLK
312,ACWI
312,ASHR
312,BIL
312,BNO
312,CPER
312,DIA
312,EIRL
312,EPI
312,EPP
312,EWN
312,EWY
312,IEF
312,IWD
312,JNK
312,KBE
312,KRE
312,MBB
312,MDY
312,RWX
312,THD
312,USL
312,VO
312,XLK
312,XLV
313,AGG
313,DGS
313,EMB
313,EPI
313,EWA
313,EWD
313,EWI
313,EWK
313,FXI
313,GDX
313,IEI
313,IHI
313,INDA
313,IWF
313,IYT
313,QUAL
313,SCHX
313,SLV
313,TIP
313,URA
313,VNQ
313,VO
313,XLE
313,XRT
314,ANGL
314,COMT
314,CORN
314,DGS
314,EDV
314,EFA
314,EMB
314,EPI
314,EWD
314,EWG
314,EZA
314,HACK
314,IEMG
314,IWF
314,IWN
314,PPA
314,PPLT
314,SCHB
314,SPLV
314,USO
314,VEU
314,VGIT
314,XBI
314,XLU
315,AAXJ
315,ARGT
315,DBC
315,DGRO
315,EDV
315,EIRL
315,EPOL
315,EWC
315,EWJ
315,EZA
315,GDXJ
315,IGV
315,ITA
315,IYR
315,KBE
315,QUAL
315,SCHE
315,SHV
315,SHY
315,TLT
315,UNG
315,VO
315,VUG
315,XLP
316,EEM
316,EFA
316,EPP
316,EWD
316,EWL
316,EWT
316,HYG
316,IWM
316,KWEB
316,PPLT
316,QQQ
316,RWX
316,SCHP
316,SCHX
316,SOXX
316,TIP
316,TUR
316,USL
316,VB
316,VCSH
316,VNQ
316,XLI
316,XLU
316,XLY
317,ACWI
317,COMT
317,DEM
317,DGS
317,EDV
317,EPOL
317,EWI
317,EWM
317,EWN
317,GDX
317,GDXJ
317,IEMG
317,MBB
317,MTUM
317,RSP
317,SCHB
317,TAN
317,TIP
317,UNG
317,VCIT
317,VUG
317,XBI
317,XLE
317,XLP
318,AGG
318,ASHR
318,COMT
318,CORN
318,CPER
318,DBC
318,DIA
318,EMB
318,EWP
318,EWQ
318,EWS
318,EWU
318,EWY
318,EWZ
318,HDV
318,ICLN
318,IJR
318,PPA
318,SOXX
318,VGK
318,VGLT
318,VGSH
318,VUG
318,XLY
319,ANGL
319,BNDX
319,DBO
319,DEM
319,DGS
319,EMB
319,ENZL
319,EPI
319,EWI
319,EWP
319,GDX
319,HDV
319,IEFA
319,ITA
319,IWD
319,IWN
319,KWEB
319,QUAL
319,RWO
319,SLV
319,SMH
319,TLT
319,XLE
319,XLK
320,BKLN
320,COMT
320,DBO
320,EIRL
320,EPHE
320,EWG
320,EWJ
320,EWK
320,EWS
320,GDXJ
320,IEMG
320,IGV
320,IJH
320,ITA
320,IVV
320,IYT
320,KWEB
320,SHV
320,SPLV
320,USL
320,VCIT
320,VCSH
320,VO
320,XLU
321,AAXJ
321,DEM
321,EDV
321,EWI
321,EWJ
321,FDN
321,FXI
321,GDXJ
321,IAU
321,IEFA
321,IEI
321,IVV
321,JNK
321,MTUM
321,RWX
321,SCHE
321,SOXX
321,SPLV
321,SPY
321,URA
321,VGK
321,VGSH
321,XBI
321,XRT
322,BIL
322,BNO
322,DBB
322,DGS
322,DIA
322,EEM
322,EPI
322,EWL
322,EWO
322,EWP
322,EWU
322,FDN
322,IBB
322,IEMG
322,IWD
322,IYT
322,MBB
322,MUB
322,PALL
322,SCHB
322,SCHD
322,USL
322,VGLT
322,XLP
323,BKLN
323,COMT
323,DEM
323,EPI
323,EPP
323,EWI
323,EWO
323,GDX
323,GSG
323,IAU
323,ICLN
323,IEFA
323,IEI
323,INDA
323,KRE
323,KWEB
323,MBB
323,MDY
323,SCHB
323,SCHX
323,VB
323,VCIT
323,XBI
323,XLE
324,AGG
324,ARGT
324,ASHR
324,DBA
324,DBO
324,EEM
324,EMB
324,EWA
324,EWG
324,EWM
324,EWQ
324,IGV
324,IWD
324,IWF
324,MDY
324,PPA
324,SMH
324,SPLV
324,URA
324,VCIT
324,VEA
324,VGSH
324,WOOD
324,XLI
325,CPER
325,DGS
325,EDV
325,EIDO
325,EPP
325,EWC
325,EWG
325,EWL
325,ICLN
325,IEF
325,IEMG
325,IJH
325,IJR
325,ITA
325,IWF
325,KBE
325,KWEB
325,MUB
325,RWO
325,SLV
325,TAN
325,TLT
325,VNQ
325,VUG
326,ACWI
326,CORN
326,DBO
326,EDV
326,EEM
326,EWN
326,EWU
326,GSG
326,IJH
326,INDA
326,ITA
326,IYT
326,MBB
326,QQQ
326,QUAL
326,RWX
326,SCHP
326,SMH
326,TLT
326,TUR
326,VEU
326,VTV
326,VWO
326,XLV
327,ARGT
327,CPER
327,EDV
327,EPP
327,EWG
327,EWJ
327,EWS
327,FXI
327,GDX
327,IWD
327,LQD
327,MCHI
327,QUAL
327,RSP
327,RWX
327,SCHP
327,TAN
327,VCSH
327,VGK
327,VTV
327,WOOD
327,XLF
327,XLI
327,XLV
328,BKLN
328,CORN
328,EDV
328,EPI
328,EPP
328,EWJ
328,EWO
328,EWZ
328,GDXJ
328,HYG
328,IBB
328,IWD
328,MBB
328,MCHI
328,SCHB
328,SCHX
328,TUR
328,USL
328,USO
328,VGK
328,VUG
328,XLE
328,XLU
328,XLV
329,ANGL
329,CPER
329,DBO
329,EIRL
329,EPOL
329,EWH
329,EWT
329,EZA
329,IEMG
329,IJR
329,IWN
329,IYR
329,LQD
329,SCHE
329,SHV
329,TIP
329,VB
329,VEU
329,VNQ
329,VUG
329,XLB
329,XLK
329,XLV
329,XLY
330,AAXJ
330,BNO
330,DGRO
330,EEM
330,EPP
330,EWG
330,EWO
330,EWQ
330,FXI
330,IGV
330,INDA
330,IYR
330,MDY
330,PPA
330,RWX
330,SHV
330,SHY
330,SPY
330,VCIT
330,VGSH
330,VO
330,WOOD
330,XLB
330,XLK
331,BIL
331,BKLN
331,CPER
331,DGRO
331,EIDO
331,EIS
331,EPI
331,EWA
331,FDN
331,GLD
331,HDV
331,IEFA
331,IJH
331,IWN
331,IYR
331,KWEB
331,SCHP
331,TAN
331,TIP
331,USO
331,VGK
331,VWO
331,XBI
331,XLF
332,BNO
332,DBA
332,DGRO
332,EMB
332,EPHE
332,EWN
332,EWQ
332,EWZ
332,EZA
332,IEFA
332,IWF
332,KRE
332,MUB
332,RWO
332,SCHD
332,SCHP
332,SHY
332,SOXX
332,THD
332,UNG
332,VEU
332,VTV
332,XLF
332,XLK
333,ASHR
333,BND
333,CPER
333,DBC
333,DBO
333,DGS
333,EWG
333,EWK
333,EWZ
333,HYG
333,IBB
333,IGV
333,ITA
333,IVV
333,IWD
333,LQD
333,PALL
333,QUAL
333,VCSH
333,VEU
333,VGK
333,VTV
333,VWO
333,XLU
334,AAXJ
334,BNDX
334,DGS
334,EPHE
334,EWH
334,EWK
334,EWN
334,IBB
334,ICLN
334,IEFA
334,INDA
334,LQD
334,MUB
334,PALL
334,QQQ
334,RWX
334,SCHD
334,SPLV
334,TLT
334,USO
334,VO
334,WOOD
334,XLV
334,XLY
335,ARGT
335,BNO
335,EWI
335,EWL
335,EWQ
335,EWS
335,EZA
335,GDXJ
335,GLD
335,IHI
335,INDA
335,IWF
335,IYR
335,IYT
335,LQD
335,MDY
335,SHV
335,SPY
335,TLT
335,VCSH
335,VEA
335,VTV
335,XLF
335,XLI
336,AGG
336,BNDX
336,COMT
336,CPER
336,DGS
336,EEM
336,EIRL
336,EPHE
336,EWD
336,EWP
336,GDXJ
336,IEI
336,IHI
336,IWM
336,LQD
336,QQQ
336,SOXX
336,SPY
336,TUR
336,USL
336,VEU
336,VTV
336,XBI
336,XLY
337,AAXJ
337,AGG
337,COMT
337,DBB
337,EDV
337,EEM
337,EIRL
337,ENZL
337,EPI
337,EWC
337,IAU
337,IEMG
337,ITA
337,IWM
337,KRE
337,MBB
337,PPLT
337,SCHD
337,SCHX
337,VB
337,VCSH
337,VEA
337,XLF
337,XLU
338,BKLN
338,COMT
338,CORN
338,DBC
338,EIS
338,EMB
338,EPI
338,EWD
338,EWI
338,EWZ
338,IEI
338,IVV
338,JNK
338,KRE
338,MDY
338,SCHB
338,SCHE
338,SMH
338,THD
338,USL
338,VEA
338,VUG
338,XLB
338,XLI
339,ANGL
339,CPER
339,DBC
339,DBO
339,EEM
339,EIRL
339,EPP
339,EWI
339,EWM
339,HACK
339,HDV
339,IAU
339,IEMG
339,IJR
339,KBE
339,PPA
339,QQQ
339,SCHB
339,SHY
339,THD
339,TLT
339,VCIT
339,VGK
339,XLK
340,ACWI
340,BNO
340,EPOL
340,EWG
340,EWH
340,EWM
340,GDX
340,IAU
340,IEI
340,IEMG
340,IWF
340,IYT
340,JNK
340,KWEB
340,PALL
340,QQQ
340,SCHP
340,SOXX
340,TUR
340,VB
340,VGLT
340,VTV
340,XLU
340,XLV
341,BKLN
341,EEM
341,EIRL
341,EWD
341,EWQ
341,EWS
341,IBB
341,IEF
341,IJH
341,KWEB
341,MDY
341,MUB
341,PPA
341,PPLT
341,RWO
341,SCHB
341,SCHP
341,SPLV
341,USL
341,VGK
341,VNQ
341,VWO
341,XLB
341,XLP
342,DBA
342,DBO
342,DGRO
342,EDV
342,EFA
342,EMB
342,EPI
342,EWC
342,EWG
342,EWT
342,EWY
342,HDV
342,IBB
342,ICLN
342,IEF
342,IEFA
342,IJR
342,MCHI
342,MTUM
342,PALL
342,USL
342,VGSH
342,XBI
342,XLK
343,ANGL
343,ASHR
343,BNDX
343,DBA
343,DGS
343,DIA
343,EMB
343,ENZL
343,EPHE
343,EPOL
343,EWJ
343,EWM
343,GLD
343,GSG
343,IAU
343,IBB
343,ICLN
343,MDY
343,QUAL
343,SHY
343,TAN
343,VB
343,VEU
343,XLB
344,ARGT
344,EDV
344,EIDO
344,EMB
344,EPHE
344,EPP
344,EWJ
344,EWK
344,EWN
344,EWT
344,GLD
344,HACK
344,HDV
344,HYG
344,IEI
344,IVV
344,IWN
344,MDY
344,PALL
344,RWO
344,URA
344,XBI
344,XLP
344,XLV
345,BKLN
345,COMT
345,DBO
345,DGS
345,EPP
345,EWI
345,EWN
345,EWQ
345,EWY
345,ICLN
345,IEF
345,IHI
345,IWD
345,IYT
345,JNK
345,KWEB
345,MBB
345,MCHI
345,PALL
345,RWX
345,SCHD
345,SPLV
345,VO
345,XLB
346,ACWI
346,COMT
346,CORN
346,DBO
346,EPHE
346,EWO
346,EWU
346,GLD
346,HACK
346,HYG
346,ICLN
346,IEMG
346,IYT
346,KWEB
346,MBB
346,MDY
346,MTUM
346,SHV
346,SPLV
346,TUR
346,VEU
346,VGIT
346,VUG
346,XBI
347,BKLN
347,BNDX
347,CPER
347,EMB
347,ENZL
347,EPHE
347,EPI
347,EWA
347,EWU
347,EWZ
347,GDXJ
347,HDV
347,IBB
347,JNK
347,KRE
347,KWEB
347,RSP
347,RWO
347,SCHD
347,TAN
347,USL
347,VB
347,VEU
347,XRT
348,AGG
348,ASHR
348,EIDO
348,EIS
348,EPOL
348,EPP
348,FDN
348,GDXJ
348,GSG
348,HDV
348,HYG
348,IEMG
348,IGV
348,IVV
348,PALL
348,RWO
348,SCHB
348,SCHE
348,SMH
348,TIP
348,VEA
348,VGIT
348,VO
348,XLU
349,DGRO
349,DGS
349,EWA
349,EWG
349,EWU
349,EWZ
349,FDN
349,GDX
349,IVV
349,IYR
349,KRE
349,KWEB
349,MCHI
349,QQQ
349,SHV
349,TIP
349,UNG
349,USL
349,VEU
349,VGIT
349,VGLT
349,VO
349,XLP
349,XLY
350,ANGL
350,CPER
350,DBA
350,EEM
350,EPHE
350,EWJ
350,EWK
350,EWP
350,EWS
350,FDN
350,HACK
350,IEF
350,IVV
350,IWF
350,PPLT
350,SCHB
350,SCHE
350,TIP
350,UNG
350,VGIT
350,VGK
350,VO
350,XLP
350,XLV
351,ANGL
351,CPER
351,DGRO
351,DGS
351,EMB
351,EPHE
351,EPP
351,EWN
351,EWP
351,EWT
351,FXI
351,GDXJ
351,IEI
351,KRE
351,RWO
351,SCHB
351,SHY
351,SMH
351,UNG
351,VB
351,VEA
351,VUG
351,XLE
351,XLI
352,ARGT
352,COMT
352,DBO
352,DGS
352,EDV
352,EIDO
352,EIS
352,EWA
352,EWO
352,EWQ
352,GSG
352,HYG
352,IJR
352,IYR
352,KRE
352,KWEB
352,PPA
352,SCHD
352,SHV
352,SPLV
352,TIP
352,VTI
352,XBI
352,XLE
353,ASHR
353,BNDX
353,DBC
353,DGRO
353,EEM
353,EIRL
353,EPOL
353,EWN
353,EWP
353,IEMG
353,IWN
353,MCHI
353,PPA
353,PPLT
353,QUAL
353,SHV
353,SOXX
353,TLT
353,UNG
353,URA
353,VGSH
353,VTV
353,XLK
353,XLY
354,AAXJ
354,ANGL
354,DBB
354,EIDO
354,EMB
354,EPP
354,EWQ
354,EWS
354,EWU
354,GDXJ
354,HYG
354,ITA
354,IVV
354,IWM
354,PPLT
354,QQQ
354,SCHD
354,SOXX
354,URA
354,VEA
354,VGLT
354,VWO
354,XLF
354,XLI
355,BKLN
355,COMT
355,DGS
355,DIA
355,EDV
355,EFA
355,EWJ
355,EWN
355,EWU
355,EWY
355,EWZ
355,HYG
355,ICLN
355,IHI
355,IJH
355,ITA
355,IWF
355,IYR
355,KRE
355,RSP
355,THD
355,URA
355,USL
355,VGSH
356,AAXJ
356,ACWI
356,EDV
356,EWA
356,EWL
356,EWN
356,EWY
356,GDXJ
356,IEF
356,IHI
356,IWD
356,IYR
356,MCHI
356,RSP
356,RWO
356,SCHB
356,SHV
356,SLV
356,SMH
356,SPY
356,THD
356,VGSH
356,XBI
356,XRT
357,BNDX
357,COMT
357,CPER
357,DGRO
357,DGS
357,EDV
357,EPHE
357,EPOL
357,EWO
357,EWZ
357,GSG
357,HDV
357,IEMG
357,IGV
357,PPA
357,QUAL
357,SPY
357,URA
357,VEA
357,VEU
357,VGIT
357,VGSH
357,XBI
357,XLY
358,AAXJ
358,ANGL
358,COMT
358,DEM
358,EPHE
358,EWD
358,EWJ
358,EWL
358,EWM
358,GSG
358,ICLN
358,IJR
358,IWM
358,MBB
358,MDY
358,MUB
358,RWX
358,SCHB
358,SMH
358,SOXX
358,TLT
358,VGK
358,WOOD
358,XLI
359,ANGL
359,BNDX
359,CPER
359,DBA
359,DIA
359,EEM
359,EPHE
359,EWL
359,EWO
359,EWP
359,EWY
359,FDN
359,GSG
359,ICLN
359,IEFA
359,IEMG
359,IWD
359,MBB
359,MUB
359,VB
359,VNQ
359,VO
359,XLK
359,XLV
360,AAXJ
360,ASHR
360,COMT
360,DBB
360,EPOL
360,EWC
360,EWL
360,EWU
360,EWZ
360,GDXJ
360,IEF
360,IJR
360,IYR
360,IYT
360,SCHE
360,SCHP
360,SHY
360,SPY
360,TAN
360,VB
360,VGSH
360,VTI
360,XLF
360,XLK
361,ACWI
361,BIL
361,BND
361,BNDX
361,COMT
361,CORN
361,DBB
361,DGS
361,EEM
361,EFA
361,EWD
361,EWU
361,EZA
361,HACK
361,IEMG
361,IWD
361,IWM
361,IWN
361,KRE
361,RWO
361,SCHB
361,SCHP
361,XLV
361,XRT
362,ASHR
362,BKLN
362,DIA
362,EMB
362,EPOL
362,EWA
362,EWM
362,EWP
362,EWQ
362,INDA
362,MDY
362,MUB
362,QUAL
362,RWO
362,SCHE
362,SMH
362,SPLV
362,URA
362,USL
362,VCIT
362,WOOD
362,XLI
362,XLK
362,XLP
363,AAXJ
363,ACWI
363,BNDX
363,CORN
363,EDV
363,EIRL
363,ENZL
363,GDX
363,HYG
363,IGV
363,IJR
363,IWM
363,MCHI
363,MTUM
363,PPLT
363,SCHX
363,SHV
363,THD
363,TUR
363,VGK
363,VNQ
363,XLE
363,XLK
363,XLU
364,ACWI
364,AGG
364,CPER
364,DBA
364,DGRO
364,EWL
364,EWO
364,FXI
364,GDX
364,ICLN
364,IEF
364,IEI
364,INDA
364,MCHI
364,QUAL
364,SCHB
364,TAN
364,THD
364,USO
364,VB
364,VCIT
364,VEA
364,XLF
364,XLV
365,AAXJ
365,CORN
365,DIA
365,EPP
365,EWC
365,EWY
365,GDXJ
365,HACK
365,IEI
365,IWM
365,JNK
365,KBE
365,MBB
365,MDY
365,RWO
365,SCHE
365,TIP
365,TUR
365,USL
365,VEA
365,VEU
365,VO
365,XLF
365,XLI
366,AAXJ
366,COMT
366,DBO
366,EWK
366,EWL
366,EWP
366,EWQ
366,EWT
366,EWZ
366,HYG
366,IEF
366,IHI
366,IJR
366,MUB
366,QUAL
366,RWO
366,SCHB
366,SMH
366,SOXX
366,THD
366,TIP
366,UNG
366,VTV
366,XLU
367,AAXJ
367,DBC
367,DEM
367,EMB
367,EWD
367,EWG
367,EWJ
367,FDN
367,HDV
367,ICLN
367,IHI
367,IJR
367,IYR
367,IYT
367,MCHI
367,RSP
367,RWO
367,SHV
367,TIP
367,TUR
367,VGK
367,VGLT
367,VNQ
367,VTI
368,BNO
368,DGS
368,EIS
368,EMB
368,ENZL
368,EPI
368,EWA
368,HDV
368,IAU
368,ICLN
368,IEFA
368,IHI
368,LQD
368,MBB
368,MCHI
368,MDY
368,RWO
368,SHV
368,TAN
368,TUR
368,VO
368,VUG
368,WOOD
368,XBI
369,ACWI
369,BKLN
369,DBB
369,DGRO
369,EEM
369,EWC
369,EWH
369,FXI
369,HYG
369,IAU
369,IVV
369,IWN
369,KRE
369,MCHI
369,QUAL
369,SOXX
369,TAN
369,TIP
369,TLT
369,TUR
369,USO
369,VEA
369,VNQ
369,XLP
370,ARGT
370,BIL
370,DBC
370,DBO
370,EFA
370,ENZL
370,EWC
370,EWM
370,FDN
370,GLD
370,IEF
370,IEFA
370,IWN
370,MUB
370,PPA
370,QQQ
370,QUAL
370,SCHE
370,TUR
370,VB
370,VCIT
370,VNQ
370,XLB
370,XRT
371,AGG
371,ASHR
371,DBB
371,EEM
371,EIRL
371,EWH
371,EWI
371,EWU
371,FDN
371,IEF
371,IEMG
371,IJR
371,IYR
371,IYT
371,MCHI
371,MTUM
371,PPA
371,PPLT
371,QQQ
371,USL
371,VB
371,VGIT
371,VGLT
371,XRT
372,ACWI
372,ASHR
372,BKLN
372,DBO
372,EIS
372,EPHE
372,EWC
372,EWZ
372,GDXJ
372,IAU
372,IEFA
372,KBE
372,MCHI
372,PALL
372,SCHB
372,SCHX
372,SHY
372,VB
372,VCIT
372,VGSH
372,VTV
372,XLI
372,XLP
372,XLU
373,ACWI
373,CPER
373,DBA
373,EIS
373,EWC
373,EWK
373,EWT
373,EZA
373,HACK
373,IEI
373,IEMG
373,IYR
373,IYT
373,MCHI
373,MDY
373,MUB
373,QQQ
373,SCHX
373,SHY
373,TAN
373,TLT
373,URA
373,VUG
373,XLP
374,ASHR
374,DGRO
374,DIA
374,EMB
374,ENZL
374,EWG
374,EWI
374,EWM
374,EWS
374,HYG
374,IAU
374,IEI
374,QQQ
374,RWX
374,SCHE
374,TLT
374,UNG
374,VEA
374,VTV
374,WOOD
374,XBI
374,XLB
374,XLK
374,XRT
375,ANGL
375,BKLN
375,DBA
375,EIDO
375,EPOL
375,EWJ
375,EWK
375,EWQ
375,EWT
375,GDX
375,HYG
375,IEMG
375,IWD
375,IYR
375,KWEB
375,MDY
375,PPA
375,QQQ
375,RWX
375,SCHB
375,VCSH
375,XLI
375,XLV
375,XLY
376,ASHR
376,BIL
376,COMT
376,DGRO
376,DIA
376,EDV
376,EWA
376,EWL
376,EWP
376,EWQ
376,EWT
376,EWY
376,GDX
376,IBB
376,MBB
376,PPA
376,SPY
376,TAN
376,VGIT
376,VNQ
376,VTV
376,VWO
376,WOOD
376,XLI
377,BIL
377,BNO
377,EIDO
377,EIRL
377,EMB
377,EWI
377,EWQ
377,EWZ
377,EZA
377,GSG
377,IEFA
377,INDA
377,MBB
377,MTUM
377,RWO
377,SPLV
377,TLT
377,USL
377,VB
377,VUG
377,XLB
377,XLF
377,XLI
377,XLP
378,AAXJ
378,ANGL
378,DBC
378,DBO
378,EPHE
378,EPI
378,EWH
378,EWJ
378,EWL
378,EWO
378,EZA
378,IBB
378,ICLN
378,IWD
378,IYR
378,JNK
378,KBE
378,LQD
378,QQQ
378,SCHB
378,SMH
378,USO
378,VB
378,VGSH
379,BNO
379,DIA
379,EEM
379,EFA
379,EIS
379,EMB
379,EPI
379,EWG
379,EWK
379,HYG
379,IBB
379,IEMG
379,IJR
379,ITA
379,LQD
379,PPLT
379,RWO
379,SCHE
379,SCHX
379,SOXX
379,VCSH
379,VTI
379,WOOD
379,XLB
380,CPER
380,DBB
380,EDV
380,EEM
380,EIDO
380,EIS
380,EWL
380,EWM
380,GDX
380,IWF
380,KRE
380,MDY
380,QQQ
380,RWX
380,SCHD
380,SCHE
380,SCHP
380,SMH
380,TAN
380,TIP
380,TLT
380,VEA
380,VEU
380,XLY
381,AAXJ
381,ANGL
381,ASHR
381,BKLN
381,BNO
381,COMT
381,CORN
381,DIA
381,EFA
381,EIDO
381,EPI
381,EWG
381,EWN
381,EWQ
381,GDXJ
381,MTUM
381,QUAL
381,SCHP
381,TAN
381,TIP
381,VB
381,XLE
381,XLI
381,XLY
382,ACWI
382,BND
382,BNDX
382,DIA
382,EEM
382,EFA
382,EWD
382,EWM
382,GDXJ
382,IAU
382,ICLN
382,IEFA
382,IGV
382,IWN
382,JNK
382,RWO
382,SCHB
382,SCHE
382,VCSH
382,VNQ
382,VTI
382,VWO
382,XBI
382,XLF
383,DIA
383,EPOL
383,EWH
383,EWU
383,EWZ
383,HDV
383,HYG
383,IAU
383,IEFA
383,IEMG
383,IJR
383,MBB
383,RSP
383,SLV
383,TAN
383,THD
383,USO
383,VCIT
383,VGIT
383,VNQ
383,VWO
383,XBI
383,XLB
383,XLE
384,EDV
384,EEM
384,EIRL
384,EWC
384,EWM
384,EZA
384,GDXJ
384,HDV
384,IAU
384,IGV
384,SCHE
384,SCHP
384,SMH
384,SPLV
384,USL
384,USO
384,VCSH
384,VEA
384,VEU
384,VGIT
384,VTI
384,VTV
384,XLB
384,XLF
385,ANGL
385,BIL
385,EIRL
385,EMB
385,EPP
385,EWJ
385,EWZ
385,GSG
385,HDV
385,IEMG
385,IGV
385,IHI
385,IWD
385,IYR
385,MCHI
385,RWO
385,SCHD
385,SHV
385,VGK
385,VNQ
385,VUG
385,VWO
385,XLB
385,XRT
386,BIL
386,DBC
386,DBO
386,DEM
386,DGRO
386,EIRL
386,EIS
386,EPI
386,EWD
386,EWN
386,EWY
386,FXI
386,IEF
386,IWM
386,PALL
386,PPLT
386,SCHD
386,TAN
386,TIP
386,TLT
386,VB
386,XLI
386,XLY
386,XRT
387,DBC
387,DEM
387,EFA
387,EIDO
387,EIRL
387,ENZL
387,EWY
387,FDN
387,IAU
387,IEI
387,IWD
387,KBE
387,MBB
387,PPLT
387,QQQ
387,SMH
387,SPLV
387,TIP
387,TUR
387,VCSH
387,VGK
387,VNQ
387,VO
387,XLF
388,BND
388,CORN
388,DIA
388,EEM
388,EIDO
388,EPP
388,EWC
388,EWU
388,FDN
388,IEFA
388,INDA
388,MCHI
388,PPLT
388,QQQ
388,QUAL
388,SCHB
388,TLT
388,URA
388,VCIT
388,VGIT
388,WOOD
388,XLE
388,XLK
388,XLU
389,ANGL
389,BIL
389,DBA
389,DBC
389,DIA
389,EEM
389,EPI
389,EWG
389,EWI
389,EWJ
389,EWP
389,EWZ
389,EZA
389,GDX
389,HACK
389,HDV
389,IEF
389,IWN
389,RWO
389,TAN
389,VGIT
389,VO
389,XLB
389,XLI
390,BNO
390,DGS
390,EDV
390,EFA
390,ENZL
390,EWH
390,EWM
390,EWY
390,HYG
390,IEFA
390,IYT
390,MTUM
390,PALL
390,RWX
390,SCHB
390,SCHP
390,TAN
390,VB
390,VCIT
390,VTV
390,VWO
390,WOOD
390,XLF
390,XLK
391,ANGL
391,ASHR
391,CORN
391,EWG
391,EWI
391,EWK
391,EWY
391,IAU
391,IGV
391,IWD
391,IWM
391,IYT
391,KWEB
391,RWX
391,SHY
391,SPLV
391,THD
391,VGIT
391,VGK
391,VGLT
391,VO
391,WOOD
391,XLU
391,XLY
392,ACWI
392,EPHE
392,EWA
392,EWQ
392,EWU
392,GSG
392,IYR
392,KBE
392,KWEB
392,MCHI
392,PPLT
392,QQQ
392,QUAL
392,SCHB
392,SHV
392,SPLV
392,THD
392,TIP
392,VCIT
392,VGSH
392,VNQ
392,XLE
392,XLI
392,XLU
393,ANGL
393,ARGT
393,BIL
393,DGS
393,DIA
393,EPI
393,EPOL
393,EWI
393,EWS
393,EWU
393,GDX
393,HYG
393,IJH
393,KRE
393,PALL
393,QQQ
393,SOXX
393,TIP
393,VEA
393,VNQ
393,VTI
393,WOOD
393,XLF
393,XLY
394,BKLN
394,BND
394,CORN
394,DBA
394,EIDO
394,EPHE
394,EWA
394,EWG
394,EWU
394,EWZ
394,GSG
394,IYT
394,KWEB
394,MBB
394,MDY
394,SCHB
394,SPLV
394,UNG
394,VB
394,VEU
394,VGSH
394,XLE
394,XLU
394,XLY
395,ACWI
395,ARGT
395,COMT
395,EMB
395,ENZL
395,EWG
395,EWY
395,EZA
395,GSG
395,IEF
395,IEFA
395,IYT
395,MBB
395,MTUM
395,PPA
395,RWX
395,THD
395,VB
395,VGIT
395,VNQ
395,VTI
395,VUG
395,XLI
395,XLY
396,ARGT
396,DBA
396,EIDO
396,EPHE
396,EWG
396,EWH
396,EWJ
396,EWY
396,FDN
396,IBB
396,IJH
396,IVV
396,IYR
396,JNK
396,PALL
396,PPA
396,RWO
396,SCHD
396,SCHX
396,SHV
396,TAN
396,TLT
396,VCSH
396,VEU
397,ACWI
397,AGG
397,ASHR
397,COMT
397,CPER
397,DBC
397,DIA
397,EDV
397,EIRL
397,EWM
397,EWN
397,EWY
397,FDN
397,HDV
397,ICLN
397,IEFA
397,MUB
397,SCHE
397,SCHP
397,SPY
397,USO
397,VO
397,XBI
397,XLV
398,ARGT
398,DBB
398,DGRO
398,EPOL
398,EWG
398,EWH
398,EWL
398,EWT
398,GDX
398,IBB
398,IEMG
398,IJH
398,IWF
398,KRE
398,LQD
398,PPLT
398,RWO
398,SCHE
398,SHY
398,SOXX
398,TAN
398,TIP
398,VB
398,VGIT
399,AGG
399,ANGL
399,DIA
399,EIDO
399,EPP
399,EWI
399,EWK
399,EWT
399,EWY
399,EZA
399,GSG
399,IJR
399,IWD
399,IWM
399,IYR
399,JNK
399,KBE
399,RWO
399,SMH
399,TAN
399,VCSH
399,VEU
399,VNQ
399,XLU
400,AAXJ
400,DBA
400,EWC
400,EWI
400,EWU
400,FDN
400,FXI
400,GLD
400,HDV
400,IEI
400,IEMG
400,IVV
400,KBE
400,MUB
400,PPLT
400,RSP
400,SCHB
400,SCHE
400,TIP
400,USL
400,VEU
400,VGSH
400,XLK
400,XLU
401,BND
401,CORN
401,DEM
401,EIRL
401,EMB
401,EWI
401,EWT
401,EWY
401,EZA
401,GDX
401,HYG
401,IBB
401,IEFA
401,IHI
401,IJH
401,IJR
401,LQD
401,SPLV
401,UNG
401,URA
401,VB
401,VEU
401,XBI
401,XLY
402,ACWI
402,ANGL
402,ASHR
402,CORN
402,DIA
402,EWC
402,EWG
402,EWJ
402,EWZ
402,EZA
402,IBB
402,IWN
402,IYR
402,JNK
402,LQD
402,MUB
402,PPLT
402,RWX
402,SCHX
402,VB
402,VWO
402,XLK
402,XLV
402,XLY
403,BNO
403,DBA
403,DBB
403,DEM
403,DGS
403,EIS
403,EPP
403,EWI
403,EWM
403,EWP
403,INDA
403,IWD
403,IWM
403,IYR
403,IYT
403,MUB
403,SCHD
403,SCHP
403,SCHX
403,SOXX
403,VGLT
403,VGSH
403,XLK
403,XLU
404,ASHR
404,BIL
404,BNDX
404,DIA
404,EDV
404,EWA
404,EWD
404,EWO
404,EWP
404,EWT
404,EZA
404,HACK
404,IHI
404,IWF
404,LQD
404,PPLT
404,RSP
404,RWO
404,RWX
404,TUR
404,UNG
404,VTI
404,XLF
404,XRT
405,BNDX
405,DGRO
405,DGS
405,EIDO
405,EPHE
405,EPOL
405,EWG
405,EWH
405,EWI
405,GDX
405,GDXJ
405,ICLN
405,IEI
405,ITA
405,IVV
405,IYR
405,LQD
405,SLV
405,SPY
405,TUR
405,VGSH
405,VO
405,XLB
405,XLU
406,AAXJ
406,ANGL
406,BNDX
406,DBC
406,EIDO
406,EPOL
406,EWG
406,EWH
406,EWN
406,ICLN
406,IEF
406,IEMG
406,IHI
406,ITA
406,IVV
406,IYR
406,KRE
406,KWEB
406,LQD
406,PPLT
406,QUAL
406,RSP
406,USO
406,VB
407,AAXJ
407,ANGL
407,DBO
407,DIA
407,EWD
407,EWG
407,EWO
407,EWQ
407,EWS
407,EZA
407,GSG
407,ICLN
407,INDA
407,ITA
407,IWF
407,IYR
407,JNK
407,KRE
407,RWX
407,SPY
407,TLT
407,VB
407,VCIT
407,XBI
408,ARGT
408,CORN
408,DGS
408,EFA
408,EWD
408,EWI
408,EWP
408,EWS
408,GDX
408,IEF
408,IEMG
408,IWF
408,IYR
408,KBE
408,KRE
408,LQD
408,QUAL
408,SHY
408,SOXX
408,SPY
408,USL
408,VB
408,VCIT
408,XBI
409,ACWI
409,AGG
409,BKLN
409,BNO
409,CORN
409,CPER
409,DBO
409,DGRO
409,EEM
409,EFA
409,EIRL
409,EPHE
409,EWA
409,EWZ
409,HDV
409,IGV
409,KWEB
409,MDY
409,SCHP
409,SCHX
409,SHV
409,XBI
409,XLV
409,XRT
410,AAXJ
410,ANGL
410,DEM
410,EDV
410,ENZL
410,EPHE
410,EWA
410,EWK
410,EWU
410,EZA
410,IEI
410,IJR
410,MDY
410,MUB
410,PPLT
410,QUAL
410,USO
410,VNQ
410,VTI
410,WOOD
410,XLB
410,XLE
410,XLK
410,XRT
411,AGG
411,COMT
411,DBB
411,DGS
411,EIDO
411,EIRL
411,ENZL
411,EWS
411,FXI
411,HDV
411,HYG
411,IAU
411,IJH
411,ITA
411,IWD
411,QQQ
411,SHY
411,TAN
411,VEA
411,VEU
411,VGSH
411,VNQ
411,XLK
411,XLV
412,ARGT
412,BKLN
412,DBB
412,EWA
412,EWM
412,EWO
412,EWQ
412,EWZ
412,EZA
412,GLD
412,GSG
412,JNK
412,QUAL
412,RSP
412,SLV
412,TAN
412,TIP
412,VCIT
412,VEA
412,VO
412,VUG
412,XLB
412,XLE
412,XLP
413,ANGL
413,DIA
413,EEM
413,EIS
413,EMB
413,ENZL
413,EWJ
413,EWP
413,EWT
413,EZA
413,FDN
413,FXI
413,GDX
413,IHI
413,IWF
413,IWM
413,JNK
413,PALL
413,TIP
413,UNG
413,URA
413,VO
413,XLP
413,XLY
414,ACWI
414,CORN
414,DBA
414,EDV
414,EWC
414,EWJ
414,EWZ
414,IEI
414,IEMG
414,IHI
414,IJH
414,INDA
414,MBB
414,RWX
414,SCHB
414,SCHD
414,SCHX
414,TUR
414,USL
414,VEU
414,VGSH
414,XBI
414,XLK
414,XLP
415,AAXJ
415,AGG
415,BKLN
415,DGS
415,EFA
415,EWG
415,EWJ
415,EWO
415,EWT
415,GSG
415,IAU
415,IJH
415,IWD
415,IYT
415,KBE
415,PALL
415,SHY
415,SMH
415,SPLV
415,TUR
415,USL
415,VGIT
415,VTI
415,XLI
416,AAXJ
416,ARGT
416,BNO
416,CPER
416,DBA
416,DGRO
416,EDV
416,EPP
416,EWA
416,EWI
416,EWU
416,GDX
416,HYG
416,IEF
416,IGV
416,ITA
416,IYT
416,JNK
416,MCHI
416,MDY
416,PPA
416,SCHB
416,SCHE
416,VO
417,AGG
417,BNO
417,DBB
417,DEM
417,EPI
417,EWG
417,EWL
417,EWO
417,EZA
417,GDXJ
417,IBB
417,IEF
417,MCHI
417,SHV
417,SLV
417,SPY
417,TIP
417,VB
417,VEU
417,VTI
417,VTV
417,XLF
417,XLU
417,XLV
418,BNO
418,COMT
418,DBA
418,DEM
418,DIA
418,EMB
418,EPI
418,EWA
418,EWD
418,EWH
418,IHI
418,IJH
418,IWD
418,JNK
418,KWEB
418,MBB
418,MTUM
418,PPLT
418,SCHP
418,THD
418,VEU
418,XLK
418,XLP
418,XLU
419,ARGT
419,BKLN
419,BND
419,BNO
419,DBA
419,DBO
419,DGS
419,EDV
419,EIS
419,EWJ
419,EWO
419,EWP
419,IEMG
419,IHI
419,ITA
419,IWM
419,MDY
419,RWX
419,SCHD
419,TUR
419,VB
419,VCIT
419,XBI
419,XLB
420,AGG
420,BND
420,BNDX
420,COMT
420,DBA
420,EIDO
420,ENZL
420,EWD
420,EWN
420,EWU
420,EWZ
420,IBB
420,IEI
420,IEMG
420,IJR
420,INDA
420,IYR
420,RSP
420,SPLV
420,UNG
420,VTV
420,XLB
420,XLF
420,XRT
421,BIL
421,BNDX
421,DGS
421,EEM
421,ENZL
421,EPI
421,EWI
421,EWJ
421,EWY
421,GSG
421,IEFA
421,IWD
421,IYR
421,JNK
421,KBE
421,MTUM
421,PALL
421,QQQ
421,SMH
421,UNG
421,VGSH
421,VO
421,XLK
421,XLP
422,ARGT
422,CORN
422,DGS
422,EDV
422,EWA
422,EWQ
422,EWU
422,GLD
422,IBB
422,IGV
422,IWF
422,IWM
422,JNK
422,KRE
422,KWEB
422,MCHI
422,PALL
422,RSP
422,VCIT
422,VCSH
422,VEA
422,VNQ
422,VUG
422,XLY
423,ACWI
423,AGG
423,BIL
423,EDV
423,EPHE
423,EWN
423,GSG
423,HACK
423,IAU
423,IEMG
423,IJR
423,IWM
423,IYT
423,MTUM
423,RWX
423,THD
423,UNG
423,VEU
423,VGK
423,VGSH
423,VO
423,VWO
423,XLV
423,XLY
424,BNO
424,COMT
424,EFA
424,EMB
424,EWO
424,EWT
424,EWU
424,HACK
424,IEFA
424,IEMG
424,IGV
424,IVV
424,KWEB
424,PPLT
424,SCHP
424,SLV
424,SPY
424,THD
424,VCIT
424,VCSH
424,VTI
424,VTV
424,XLF
424,XLP
425,BNDX
425,BNO
425,DEM
425,EPHE
425,EWA
425,EWI
425,IAU
425,IBB
425,IWN
425,KRE
425,KWEB
425,LQD
425,MCHI
425,MDY
425,PALL
425,SCHX
425,VCIT
425,VCSH
425,VEA
425,VGK
425,VUG
425,WOOD
425,XLB
425,XLP
426,DBA
426,DGRO
426,DIA
426,EEM
426,EWA
426,EWH
426,EWO
426,EWP
426,EWZ
426,GSG
426,KBE
426,KWEB
426,RWO
426,SCHE
426,SCHX
426,SHY
426,SLV
426,SMH
426,SPLV
426,TIP
426,VCSH
426,VGLT
426,XLF
426,XLK
427,ACWI
427,BIL
427,BKLN
427,DIA
427,EPOL
427,EWH
427,EWP
427,EWZ
427,EZA
427,IEI
427,INDA
427,KBE
427,MCHI
427,PALL
427,PPA
427,QUAL
427,SCHX
427,SLV
427,UNG
427,VGSH
427,VO
427,WOOD
427,XLE
427,XLI
428,BNO
428,DEM
428,DIA
428,EFA
428,EPOL
428,EWI
428,EWQ
428,EWS
428,EWZ
428,GSG
428,HACK
428,IBB
428,IEF
428,IEI
428,IHI
428,IJR
428,KWEB
428,MBB
428,QUAL
428,RWX
428,SCHD
428,SHV
428,TAN
428,WOOD
429,ACWI
429,ANGL
429,COMT
429,EIDO
429,EPOL
429,EWC
429,EWG
429,IAU
429,IBB
429,IJR
429,ITA
429,IWM
429,KWEB
429,PPLT
429,QQQ
429,SCHE
429,SCHX
429,TAN
429,THD
429,TIP
429,TLT
429,URA
429,VCIT
429,XBI
430,BNO
430,EIDO
430,EIRL
430,EWI
430,EWL
430,EWQ
430,GLD
430,GSG
430,HACK
430,IJH
430,IJR
430,IWD
430,KWEB
430,LQD
430,SCHE
430,SHY
430,SPLV
430,THD
430,VCSH
430,VGSH
430,WOOD
430,XBI
430,XLI
430,XRT
431,AAXJ
431,BIL
431,BNDX
431,CORN
431,DBB
431,DEM
431,EMB
431,EPP
431,EWA
431,EWM
431,EWU
431,GSG
431,HDV
431,IEI
431,IHI
431,IWM
431,KRE
431,MCHI
431,MTUM
431,SCHB
431,VEU
431,WOOD
431,XLP
431,XLY
432,COMT
432,DBB
432,DIA
432,EDV
432,EIDO
432,EIRL
432,EPI
432,EPOL
432,EPP
432,ICLN
432,IEFA
432,IEMG
432,MBB
432,PALL
432,SCHB
432,SHV
432,SPY
432,TLT
432,TUR
432,USO
432,VTV
432,XBI
432,XLI
432,XLP
433,CPER
433,DBC
433,DGS
433,EEM
433,EPP
433,EWG
433,EWK
433,EWL
433,EWM
433,IJR
433,IVV
433,IWD
433,IWF
433,KRE
433,MBB
433,MUB
433,PPA
433,SCHP
433,UNG
433,USO
433,VGLT
433,VWO
433,XBI
433,XLY
434,BNDX
434,BNO
434,EPP
434,EWL
434,EWU
434,EWY
434,IBB
434,IGV
434,JNK
434,PPA
434,QQQ
434,RWO
434,SCHE
434,SHV
434,SHY
434,SLV
434,SPLV
434,SPY
434,THD
434,USL
434,VB
434,VGK
434,VWO
434,XLU
435,ACWI
435,BKLN
435,CORN
435,DGRO
435,EIRL
435,EMB
435,EWC
435,EWM
435,EWN
435,EWY
435,FDN
435,GSG
435,HYG
435,IJR
435,MBB
435,SCHE
435,SPY
435,THD
435,USO
435,VO
435,WOOD
435,XBI
435,XLE
435,XLV
436,BND
436,DEM
436,EIRL
436,EWA
436,EWP
436,GDXJ
436,HACK
436,IEFA
436,IEMG
436,INDA
436,IWF
436,IWM
436,JNK
436,PPLT
436,RWO
436,SCHX
436,TAN
436,UNG
436,VGIT
436,VGLT
436,VTV
436,VWO
436,XLB
436,XLF
437,BNDX
437,DGS
437,EWC
437,EWJ
437,EWN
437,EWS
437,EWT
437,GDX
437,HDV
437,IAU
437,IBB
437,IEFA
437,IEMG
437,ITA
437,KBE
437,KRE
437,MBB
437,MTUM
437,PPLT
437,RSP
437,SHV
437,UNG
437,VB
437,VCIT
438,BND
438,BNO
438,CPER
438,EFA
438,ENZL
438,EPHE
438,EPOL
438,EWO
438,EWS
438,EWT
438,FXI
438,HYG
438,IBB
438,IEF
438,IEI
438,IHI
438,KRE
438,QQQ
438,RWO
438,SPLV
438,SPY
438,URA
438,VTI
438,XLU
439,COMT
439,DBB
439,DBO
439,EIS
439,EPHE
439,EWC
439,EWG
439,EWU
439,EZA
439,HYG
439,INDA
439,IWD
439,MUB
439,QQQ
439,SCHD
439,SLV
439,SPY
439,TIP
439,VGSH
439,VWO
439,XBI
439,XLE
439,XLU
439,XRT
440,BNDX
440,CORN
440,EPHE
440,EPP
440,EWD
440,EWU
440,FXI
440,IAU
440,IEMG
440,IHI
440,INDA
440,MBB
440,MDY
440,QUAL
440,SLV
440,TAN
440,TIP
440,USL
440,VCSH
440,VEU
440,VTI
440,VUG
440,XLB
440,XLK
441,ASHR
441,BKLN
441,DBA
441,DBB
441,DBO
441,DGS
441,EFA
441,EWA
441,EWK
441,EWL
441,FXI
441,GLD
441,HACK
441,IGV
441,INDA
441,IWF
441,IYT
441,JNK
441,LQD
441,SCHX
441,TLT
441,VB
441,VO
441,XLU
442,BNDX
442,DEM
442,EFA
442,EWG
442,EWP
442,EWS
442,GDXJ
442,GLD
442,HDV
442,IBB
442,ITA
442,JNK
442,MCHI
442,PALL
442,PPLT
442,QQQ
442,SCHP
442,SCHX
442,THD
442,TLT
442,VGK
442,VO
442,XLB
442,XLF
443,ARGT
443,BNDX
443,DBO
443,DEM
443,EFA
443,EMB
443,EPP
443,EWK
443,EWL
443,EZA
443,HACK
443,IBB
443,IWF
443,MCHI
443,MTUM
443,PPA
443,QQQ
443,RWX
443,SCHP
443,SMH
443,TIP
443,USL
443,VNQ
443,VTI
444,ANGL
444,ARGT
444,BNO
444,DBO
444,DIA
444,EIDO
444,ENZL
444,EWI
444,EWL
444,EWT
444,IEFA
444,JNK
444,KRE
444,MCHI
444,MDY
444,PALL
444,SCHD
444,VGIT
444,VGLT
444,VTI
444,WOOD
444,XLF
444,XLV
444,XLY
445,ANGL
445,ASHR
445,BIL
445,BNO
445,DBA
445,EIDO
445,EIS
445,EWL
445,EWU
445,FXI
445,GDXJ
445,GSG
445,IEMG
445,ITA
445,IWN
445,KRE
445,MUB
445,SPY
445,VB
445,VGIT
445,VGK
445,VO
445,XLU
445,XLY
446,ACWI
446,AGG
446,ARGT
446,ASHR
446,BNO
446,COMT
446,DBO
446,EDV
446,EIDO
446,EWG
446,EWI
446,EWL
446,FXI
446,HDV
446,IJH
446,MDY
446,PPLT
446,RSP
446,SMH
446,SOXX
446,VCIT
446,VCSH
446,XLP
446,XLV
447,AGG
447,DBA
447,EFA
447,ENZL
447,EPHE
447,EWP
447,EWT
447,EWU
447,GDX
447,HACK
447,IEMG
447,ITA
447,KBE
447,LQD
447,MBB
447,SCHD
447,SCHE
447,SCHX
447,SHV
447,SLV
447,VNQ
447,VTI
447,VUG
447,XLV
448,BIL
448,BND
448,CORN
448,DEM
448,DGRO
448,EDV
448,EEM
448,EWK
448,EWU
448,EWY
448,FXI
448,GDX
448,IBB
448,MDY
448,RSP
448,SCHD
448,SHY
448,SOXX
448,URA
448,VEA
448,VEU
448,WOOD
448,XBI
448,XLK
449,AAXJ
449,ACWI
449,BKLN
449,BNDX
449,CORN
449,DGRO
449,DIA
449,EDV
449,EIDO
449,EIRL
449,EPOL
449,EWS
449,EWZ
449,FDN
449,GLD
449,ITA
449,PALL
449,QQQ
449,SHV
449,SPLV
449,USL
449,VEA
449,XLP
449,XLY
450,ASHR
450,COMT
450,CORN
450,DGS
450,EDV
450,EIRL
450,ENZL
450,EWI
450,EWM
450,FDN
450,FXI
450,IWN
450,IYR
450,RWO
450,TLT
450,VB
450,VCIT
450,VGK
450,VGLT
450,VO
450,VTV
450,XBI
450,XLE
450,XLP
451,AGG
451,BNDX
451,CPER
451,EPHE
451,EPP
451,EWA
451,EWG
451,EWK
451,EZA
451,IAU
451,IBB
451,IJR
451,IWD
451,MCHI
451,QQQ
451,SCHP
451,SMH
451,TLT
451,TUR
451,UNG
451,VB
451,WOOD
451,XBI
451,XRT
452,DBB
452,DIA
452,EDV
452,EIDO
452,ENZL
452,EWC
452,EWD
452,EWT
452,EWY
452,FDN
452,IAU
452,IEF
452,IGV
452,IWD
452,IYT
452,KWEB
452,MBB
452,PPLT
452,SCHX
452,SPLV
452,TIP
452,UNG
452,VGK
452,XLP
453,ACWI
453,EEM
453,EFA
453,EIDO
453,EIS
453,EWD
453,EWS
453,GDXJ
453,IBB
453,IEF
453,IWN
453,IYR
453,LQD
453,MDY
453,MUB
453,RWO
453,RWX
453,SCHD
453,SMH
453,SPY
453,TAN
453,VCSH
453,VWO
453,XBI
454,CPER
454,DBC
454,EIDO
454,EIRL
454,ENZL
454,EWL
454,EWM
454,EWO
454,HYG
454,ICLN
454,IHI
454,IJH
454,IVV
454,QQQ
454,RWX
454,SCHD
454,SCHE
454,SHY
454,SMH
454,USL
454,VCIT
454,VGSH
454,VWO
454,XLI
455,AAXJ
455,ANGL
455,BNDX
455,DBO
455,DEM
455,EPOL
455,EWC
455,EWJ
455,EWM
455,EWO
455,HDV
455,IAU
455,IBB
455,IHI
455,KBE
455,MTUM
455,SCHP
455,SPLV
455,TAN
455,THD
455,UNG
455,USL
455,VB
455,VGIT
456,ACWI
456,ANGL
456,BKLN
456,COMT
456,CORN
456,DEM
456,EPHE
456,EWI
456,EWO
456,EWP
456,EWY
456,EWZ
456,IAU
456,IBB
456,IJR
456,IWF
456,IYT
456,SHY
456,SMH
456,VB
456,VGIT
456,VUG
456,WOOD
456,XLY
457,ACWI
457,ARGT
457,COMT
457,CPER
457,DBA
457,EEM
457,EPP
457,EWA
457,EWN
457,EWY
457,FDN
457,GSG
457,HYG
457,IBB
457,IEF
457,IEI
457,IEMG
457,IJH
457,IVV
457,IYT
457,LQD
457,SCHB
457,SCHD
457,XBI
458,BIL
458,CORN
458,DBB
458,EWH
458,EWM
458,EWP
458,EWQ
458,EWS
458,FXI
458,IHI
458,IJH
458,IWF
458,JNK
458,KBE
458,PPA
458,RSP
458,RWO
458,RWX
458,SCHE
458,SHV
458,VCSH
458,VGK
458,VTV
458,XLI
459,AGG
459,ANGL
459,ASHR
459,DBB
459,DEM
459,DGRO
459,EMB
459,EWC
459,EWJ
459,EWL
459,EWN
459,GDX
459,GLD
459,IWD
459,KRE
459,LQD
459,MDY
459,QQQ
459,SCHE
459,SMH
459,VWO
459,WOOD
459,XLI
459,XLY
460,COMT
460,CPER
460,EDV
460,EIDO
460,EIS
460,EPHE
460,EPP
460,EWC
460,EWG
460,EWS
460,FDN
460,GDX
460,ICLN
460,IEF
460,IWM
460,JNK
460,KWEB
460,RWO
460,TIP
460,VB
460,VTI
460,VTV
460,XLI
460,XLY
461,BKLN
461,BND
461,CORN
461,DGRO
461,EIDO
461,EWD
461,EWH
461,EWL
461,EWN
461,FXI
461,IAU
461,ICLN
461,IWD
461,IWM
461,PALL
461,SHV
461,THD
461,TLT
461,TUR
461,VO
461,WOOD
461,XLB
461,XLI
461,XLP
462,BKLN
462,DBO
462,DGRO
462,EDV
462,EIS
462,EPHE
462,EPOL
462,EWH
462,EWZ
462,EZA
462,HACK
462,IWF
462,IWM
462,IYR
462,KBE
462,MDY
462,PPA
462,SCHE
462,SLV
462,VEU
462,VGIT
462,VGLT
462,WOOD
462,XLK
463,AAXJ
463,BIL
463,BKLN
463,DBB
463,DBO
463,EIDO
463,EWH
463,EWL
463,EWN
463,EWQ
463,FXI
463,ICLN
463,IWF
463,IWM
463,IYT
463,JNK
463,LQD
463,SLV
463,SPLV
463,SPY
463,THD
463,USL
463,XLF
463,XLI
464,ANGL
464,CORN
464,DBC
464,DBO
464,DEM
464,DGS
464,EIS
464,EPHE
464,EPI
464,HACK
464,IEFA
464,IEI
464,IVV
464,IWN
464,JNK
464,KBE
464,SCHX
464,USO
464,VCSH
464,VEU
464,VGK
464,VTI
464,XLB
464,XLY
465,AAXJ
465,BKLN
465,COMT
465,EWH
465,EWO
465,FDN
465,GDXJ
465,HYG
465,IEFA
465,IEMG
465,INDA
465,SCHD
465,SCHE
465,SCHX
465,SHY
465,SPLV
465,TIP
465,UNG
465,USL
465,VEU
465,VO
465,XLB
465,XLK
465,XRT
466,AAXJ
466,ASHR
466,BIL
466,CPER
466,DBO
466,EIRL
466,EPP
466,EWL
466,EWT
466,EWU
466,EWZ
466,IAU
466,IJH
466,IVV
466,IWM
466,PPA
466,QQQ
466,RWO
466,TAN
466,VCIT
466,VGLT
466,VGSH
466,XLB
466,XLU
467,ASHR
467,BNDX
467,DBB
467,EDV
467,EWA
467,EWD
467,EWL
467,EWQ
467,FXI
467,HACK
467,IEI
467,IGV
467,IJR
467,INDA
467,IYR
467,PPLT
467,QUAL
467,RWO
467,SCHX
467,VCSH
467,VTV
467,VWO
467,XLF
467,XLP
468,DBA
468,EMB
468,EWC
468,EWH
468,EWJ
468,EWO
468,EWY
468,FDN
468,HACK
468,IWN
468,IYT
468,MCHI
468,MUB
468,QUAL
468,RWX
468,SCHB
468,SPLV
468,THD
468,TLT
468,TUR
468,UNG
468,USO
468,VCIT
468,XLE
469,BNDX
469,CORN
469,DBB
469,EEM
469,EWA
469,EWM
469,EWO
469,FXI
469,GSG
469,HYG
469,IEFA
469,IJH
469,IYT
469,KBE
469,KWEB
469,LQD
469,MBB
469,MDY
469,SCHD
469,USL
469,VEA
469,VTV
469,XLY
469,XRT
470,BND
470,DBB
470,DGS
470,DIA
470,EIDO
470,EIRL
470,EWL
470,EWO
470,EWP
470,IBB
470,IJH
470,ITA
470,IYR
470,MUB
470,RWO
470,SCHE
470,SPLV
470,THD
470,USO
470,VCIT
470,VGSH
470,VO
470,XLK
470,XLY
471,COMT
471,CORN
471,DBB
471,DGRO
471,DGS
471,EEM
471,EIS
471,ENZL
471,EPP
471,EWH
471,ITA
471,KBE
471,MBB
471,MCHI
471,RWO
471,SCHB
471,SCHD
471,THD
471,TIP
471,VCIT
471,VCSH
471,VTV
471,XLF
471,XLI
472,ARGT
472,BNDX
472,CPER
472,DBC
472,DGRO
472,EDV
472,EIS
472,EWH
472,EWI
472,EWM
472,EWQ
472,EWT
472,EZA
472,IBB
472,JNK
472,PALL
472,QUAL
472,RWO
472,SCHD
472,VCSH
472,VO
472,XLK
472,XLU
472,XRT
473,ASHR
473,COMT
473,DGRO
473,EWI
473,EWL
473,EWT
473,EWZ
473,GDXJ
473,HYG
473,IEFA
473,IEMG
473,LQD
473,PALL
473,SCHB
473,SLV
473,SOXX
473,SPLV
473,TIP
473,VEA
473,VGIT
473,VTI
473,XLB
473,XLI
473,XLV
474,AAXJ
474,AGG
474,ANGL
474,CORN
474,DIA
474,EFA
474,EPP
474,EWH
474,EWP
474,EZA
474,IAU
474,ICLN
474,ITA
474,KRE
474,KWEB
474,LQD
474,SCHP
474,SPLV
474,UNG
474,VTI
474,VUG
474,VWO
474,WOOD
474,XRT
475,ANGL
475,BNDX
475,CPER
475,EIS
475,EPI
475,EPP
475,EWG
475,EWI
475,FDN
475,IAU
475,IBB
475,IEI
475,IVV
475,IWF
475,KWEB
475,MCHI
475,SCHB
475,SLV
475,SPLV
475,TAN
475,VGSH
475,VWO
475,WOOD
475,XLI
476,ASHR
476,BKLN
476,CORN
476,DGS
476,ENZL
476,EWG
476,EWP
476,IYT
476,KRE
476,KWEB
476,MTUM
476,PPLT
476,RSP
476,SCHB
476,SCHE
476,SCHX
476,SHV
476,TLT
476,URA
476,VCIT
476,VEU
476,VNQ
476,XLK
476,XLU
477,DBO
477,EWP
477,EWZ
477,HACK
477,HYG
477,IEI
477,IHI
477,IWF
477,IYR
477,IYT
477,KWEB
477,PPLT
477,SCHX
477,SPLV
477,TAN
477,THD
477,TIP
477,TLT
477,TUR
477,USO
477,VEA
477,VEU
477,VGK
477,VO
478,DBA
478,DBC
478,DEM
478,EEM
478,EFA
478,EIRL
478,EWK
478,EWM
478,EWU
478,FDN
478,GSG
478,HACK
478,HDV
478,ICLN
478,IEMG
478,IWN
478,JNK
478,MBB
478,MTUM
478,PALL
478,SCHP
478,SMH
478,VGIT
478,VUG
479,AGG
479,ANGL
479,ASHR
479,BKLN
479,COMT
479,CORN
479,DBO
479,DIA
479,EPP
479,EWG
479,EWM
479,EWQ
479,HACK
479,IEFA
479,IJH
479,IWM
479,MCHI
479,PPA
479,SCHE
479,SCHX
479,UNG
479,VCIT
479,XBI
479,XLU
480,ACWI
480,BIL
480,DBA
480,EIDO
480,EPHE
480,EWD
480,EWI
480,FDN
480,HDV
480,HYG
480,IEFA
480,IJH
480,INDA
480,IVV
480,IYR
480,PPLT
480,SHY
480,TAN
480,TIP
480,TUR
480,USL
480,VO
480,XLI
480,XLV
481,ARGT
481,BNDX
481,CPER
481,DBC
481,DIA
481,EIDO
481,EMB
481,EWA
481,EWK
481,EWP
481,EWT
481,HDV
481,IEF
481,KBE
481,QQQ
481,RWO
481,RWX
481,SCHB
481,TUR
481,VEA
481,VGSH
481,XLF
481,XLI
481,XLV
482,BND
482,CPER
482,DGS
482,EWD
482,EWG
482,EWL
482,EWN
482,EZA
482,GSG
482,IEF
482,INDA
482,IYR
482,IYT
482,KRE
482,PALL
482,SCHB
482,SCHD
482,SCHE
482,SHY
482,SOXX
482,SPLV
482,TAN
482,VCIT
482,VTI
483,DBA
483,DBC
483,EDV
483,EIDO
483,EPOL
483,EPP
483,EWM
483,EWY
483,FDN
483,HDV
483,IBB
483,IEF
483,IYT
483,LQD
483,MCHI
483,QQQ
483,RSP
483,SLV
483,SOXX
483,TIP
483,USO
483,VEA
483,VGK
483,VO
484,BNO
484,CORN
484,DGS
484,EPHE
484,EPOL
484,EPP
484,EWN
484,EWQ
484,FXI
484,ICLN
484,IGV
484,IWN
484,IYR
484,SCHE
484,SCHP
484,SCHX
484,SHV
484,SPLV
484,SPY
484,URA
484,VGLT
484,VGSH
484,XLB
484,XLY
485,ACWI
485,DBA
485,EEM
485,EWI
485,EWO
485,EWS
485,EZA
485,GDXJ
485,HACK
485,HYG
485,INDA
485,IYT
485,MUB
485,QQQ
485,RSP
485,RWO
485,SCHX
485,SHY
485,SMH
485,SPLV
485,TIP
485,URA
485,VGK
485,XLY
486,EEM
486,EMB
486,EPHE
486,EWA
486,EWD
486,EWL
486,EZA
486,FDN
486,IEI
486,IJR
486,IYR
486,IYT
486,MUB
486,PPA
486,QUAL
486,RWO
486,RWX
486,SCHB
486,SCHP
486,SMH
486,URA
486,VB
486,VEA
486,VWO
487,ACWI
487,ASHR
487,BIL
487,ENZL
487,EPHE
487,EPP
487,EWH
487,EZA
487,FXI
487,GDX
487,GSG
487,IWM
487,IYR
487,JNK
487,KRE
487,QQQ
487,SMH
487,SPLV
487,TIP
487,VGLT
487,VNQ
487,VTV
487,XLE
487,XRT
488,BKLN
488,DBB
488,EDV
488,ENZL
488,EWJ
488,EWN
488,EWQ
488,FXI
488,GDXJ
488,IAU
488,IWD
488,IWF
488,LQD
488,MCHI
488,SCHE
488,TLT
488,VO
488,VUG
488,VWO
488,WOOD
488,XLE
488,XLF
488,XLU
488,XLY
489,AAXJ
489,AGG
489,ARGT
489,CORN
489,DBO
489,DEM
489,DIA
489,EFA
489,EPP
489,EWQ
489,EWU
489,EZA
489,IAU
489,ICLN
489,IEF
489,JNK
489,KBE
489,MDY
489,SLV
489,TLT
489,VB
489,VTV
489,XLI
489,XLY
490,ANGL
490,DBO
490,EEM
490,EPOL
490,EWD
490,EWP
490,EWT
490,HACK
490,IEFA
490,IEMG
490,ITA
490,IWD
490,IWF
490,IWM
490,IYR
490,MCHI
490,MUB
490,RSP
490,SHY
490,SMH
490,UNG
490,VGIT
490,WOOD
490,XLE
491,AGG
491,ASHR
491,BNDX
491,CPER
491,DBC
491,EEM
491,EWC
491,EWH
491,EWO
491,EWP
491,EWS
491,GDX
491,IGV
491,IJH
491,IJR
491,ITA
491,KWEB
491,LQD
491,QQQ
491,SLV
491,SOXX
491,SPLV
491,VGIT
491,XLK
492,AGG
492,ANGL
492,BND
492,BNO
492,DBA
492,DEM
492,EIRL
492,EWH
492,EWL
492,EWM
492,EWQ
492,EWZ
492,HDV
492,HYG
492,IHI
492,IJR
492,MCHI
492,PPLT
492,SCHB
492,SOXX
492,SPY
492,TAN
492,VNQ
492,XBI
493,AAXJ
493,ACWI
493,BKLN
493,BND
493,BNO
493,CPER
493,EEM
493,EWC
493,EWI
493,EWS
493,GDX
493,HACK
493,HYG
493,IAU
493,ITA
493,PPA
493,QUAL
493,SCHX
493,SHY
493,SPY
493,TUR
493,VGK
493,VUG
493,XBI
494,AGG
494,ARGT
494,ASHR
494,BKLN
494,DBA
494,EIRL
494,ENZL
494,EWC
494,EWD
494,GLD
494,GSG
494,IEMG
494,IYR
494,JNK
494,MTUM
494,PPA
494,QQQ
494,SCHB
494,SMH
494,VGLT
494,VUG
494,VWO
494,XLB
494,XRT
495,AAXJ
495,AGG
495,ARGT
495,COMT
495,DBC
495,DBO
495,DGRO
495,EIRL
495,EWC
495,HACK
495,IEFA
495,IEI
495,IWN
495,IYT
495,KBE
495,THD
495,TLT
495,VCSH
495,VGK
495,VTI
495,VUG
495,VWO
495,WOOD
495,XLE
496,AGG
496,BKLN
496,CPER
496,DEM
496,EPHE
496,EWC
496,EWO
496,EWZ
496,GDX
496,HYG
496,IBB
496,IEFA
496,IJH
496,IJR
496,INDA
496,IWM
496,IWN
496,KRE
496,MBB
496,SMH
496,VEA
496,VNQ
496,WOOD
496,XLF
497,ACWI
497,COMT
497,DGRO
497,EPP
497,EWP
497,EWS
497,EWY
497,EZA
497,FDN
497,HDV
497,IEF
497,IGV
497,IYT
497,PALL
497,RWO
497,SOXX
497,TLT
497,USL
497,VCSH
497,VEA
497,VGSH
497,VO
497,VTV
497,VWO
498,ARGT
498,BNDX
498,CPER
498,DBA
498,EIDO
498,EIRL
498,EPI
498,EWC
498,EWH
498,EWJ
498,EWT
498,IAU
498,IBB
498,IVV
498,IWN
498,LQD
498,PALL
498,QQQ
498,SHV
498,SMH
498,TAN
498,VGLT
498,VUG
498,XLK
499,ACWI
499,ARGT
499,BND
499,CORN
499,DBA
499,EDV
499,EEM
499,EWI
499,GDXJ
499,IEF
499,IEI
499,IHI
499,KBE
499,PALL
499,SCHD
499,SCHX
499,SMH
499,SPLV
499,TUR
499,VB
499,VEU
499,VGK
499,VWO
499,XRT
