signal_date,winner,winner_rank,hit1,hit3,hit5,hit10,ic21,ndcg5,ndcg10,top1,top1_ret21,top5ew_ret21
2017-01-31,XBI,9,False,False,False,True,-0.0993942494053097,0.3763778267411553,0.3573135822406259,PALL,0.0027548182225876072,-0.017817674003339824
2017-02-28,UNG,1,True,True,True,True,-0.26103029203700345,0.4676857873944228,0.5202319215010267,UNG,0.1261128205244304,0.008691500179492518
2017-03-31,EPOL,3,False,True,True,True,-0.1163758389261745,0.6754375582837696,0.5340830752924188,EZA,0.05199520514601108,0.024026252055031883
2017-04-28,EWY,74,False,False,False,False,-0.10379476128678429,0.3553025119669122,0.32287294841439884,GDXJ,-0.014375153554917253,-0.011293395161287445
2017-05-31,XBI,11,False,False,False,False,-0.12606929076727735,0.4259611151058429,0.4265251911544607,UNG,-0.028818484791540033,0.004128141291365716
2017-06-30,KWEB,13,False,False,False,False,0.1517105024487575,0.6834577091033666,0.701324147701943,SMH,0.05814527264463454,0.03982521413955129
2017-07-31,DBB,79,False,False,False,False,0.021750427852745977,0.6619563607425663,0.7043066298546325,IHI,-0.010675685883497654,-0.0028109818684798117
2017-08-31,KRE,14,False,False,False,False,-0.13827680029022313,0.45578694084014215,0.48831798148072175,USO,0.06354162837896227,-0.020048166901960363
2017-09-29,TAN,5,False,False,True,True,0.10381643388354798,0.6080887745981186,0.5407703165414326,EZA,0.01762491704499425,0.0008330028381643873
2017-10-31,URA,14,False,False,False,False,0.1014148376564484,0.48474132867419084,0.5638906133483639,IBB,0.002473928290811944,-0.012589560022604718
2017-11-30,TUR,4,False,False,True,True,0.4441151209388494,0.6206975243091606,0.6811575037663746,SLV,0.04993517859623342,0.07184071773421019
2017-12-29,EWZ,6,False,False,False,True,0.25574460366406676,0.3153645320248763,0.4545376059583197,UNG,0.01697019246695186,0.013651405980467324
2018-01-31,HACK,39,False,False,False,False,-0.0735497914021404,0.3600331985480594,0.38166822218020896,URA,-0.06925801739415327,-0.04760311312154693
2018-02-28,BNO,32,False,False,False,False,-0.1410287339540393,0.49543511476870167,0.5154188810727889,URA,-0.055686313977411195,-0.01728947444307576
2018-03-29,URA,1,True,True,True,True,-0.09822963903500816,0.6423555063423054,0.6112794973294234,URA,0.0980066194956164,-0.011065201564582594
2018-04-30,SOXX,4,False,False,True,True,0.235235326021294,0.4255555130607665,0.48568153131840164,TUR,-0.10810799481493705,0.014237421281430507
2018-05-31,USO,3,False,True,True,True,-0.19125702884092147,0.40158184099494143,0.4327442914821317,URA,-0.03997001837205216,-0.015270165936543756
2018-06-29,EWZ,6,False,False,False,True,-0.06988410090022486,0.4093042803824024,0.4628324451816029,URA,0.034564133962669,0.03323376471123167
2018-07-31,HACK,4,False,False,True,True,0.35499760112258494,0.7180570534771621,0.7088442158295865,XBI,0.04457046729512304,0.04948636174151784
2018-08-31,EWZ,1,True,True,True,True,0.061389443134409576,0.7699405522886273,0.6978620529030047,EWZ,0.21056028321463605,0.06023985559701102
2018-09-28,EWZ,11,False,False,False,False,-0.1956849226238086,0.48976285664094205,0.42985716380731365,TUR,-0.01421419955820813,-0.11133583285319401
2018-10-31,UNG,29,False,False,False,False,-0.04559227788164208,0.630098739988008,0.6636747487812106,ARGT,0.015491707201012339,0.032100787417012944
2018-11-30,GDXJ,3,False,True,True,True,-0.02562670052602939,0.6448327056762577,0.6842859450284317,USL,-0.06660090532719543,-0.037634989108495144
2018-12-31,TAN,7,False,False,False,True,0.10977336275477284,0.809789986902642,0.8482908106906397,KWEB,0.18666664584933912,0.1580233279217421
2019-01-31,ASHR,61,False,False,False,False,0.18912388898966082,0.8791093727529776,0.9054527420458853,BNO,0.0724138078451444,0.06297280981880533
2019-02-28,EPI,52,False,False,False,False,-0.1021839288953383,0.3127765931632214,0.3998358365442058,EZA,0.01045008847872575,-0.005187626239486787
2019-03-29,SOXX,12,False,False,False,False,-0.04738617812443315,0.48588999916874787,0.4763453031946288,TAN,0.08923210679117277,-0.009836804052873616
2019-04-30,CORN,76,False,False,False,False,-0.2735606747687285,0.8714744178791932,0.6330133028746782,ARGT,0.07907895946079191,-0.0020308305792542834
2019-05-31,PALL,4,False,False,True,True,0.11731372874458729,0.6866458469662079,0.7514261140379496,USO,0.08053095858867687,0.09850911361949222
2019-06-28,GDXJ,21,False,False,False,False,0.14870864203583298,0.7989416124378249,0.614336441184812,UNG,-0.012886598191538479,0.02349459655290369
2019-07-31,EDV,30,False,False,False,False,-0.13461829731394734,0.22184291183524785,0.22936187871560967,UNG,-0.015014977173866795,-0.04269382522598051
2019-08-30,PALL,69,False,False,False,False,-0.2825648467259206,0.3274860807360036,0.40362458360943315,ARGT,-0.004424672484659942,-0.025812368558627764
2019-09-30,UNG,4,False,False,True,True,0.1648633500154173,0.804457262335457,0.720360268514015,KWEB,0.08229061192930742,0.060094877440748595
2019-10-31,XBI,18,False,False,False,False,0.034159259931072015,0.8330323143403143,0.7818795860482942,TAN,-0.019121741272098314,0.03350933444743256
2019-11-29,GDXJ,8,False,False,False,True,0.3245456194449483,0.3665982851630271,0.5373148632027133,UNG,-0.0655829633568823,0.061298304955569406
2019-12-31,PALL,5,False,False,True,True,-0.23243082934059017,0.38287580949949335,0.3855152047036021,UNG,-0.13377327448737575,-0.03503413664723527
2020-01-31,TAN,22,False,False,False,False,0.1495156901868311,0.4338391782357378,0.48269426490218437,USO,-0.059534915657930565,-0.029967285522217946
2020-02-28,EDV,35,False,False,False,False,0.000469799083801285,0.22251303816560933,0.3308723970426481,XLE,-0.3500795104083475,-0.29874272256867657
2020-03-31,GDXJ,15,False,False,False,False,-0.03951035600510545,0.6865583370103144,0.6667378010702186,EWZ,0.07014398712639647,0.04447386017052772
2020-04-30,BNO,5,False,False,True,True,0.27569225076399034,0.6985242619790079,0.7288141376999043,PALL,0.02463958107243336,0.27268936262789245
2020-05-29,KWEB,58,False,False,False,False,0.09058415616197826,0.3445212159165078,0.432951420425228,XLE,-0.03951865236282859,0.011702832058066326
2020-06-30,SLV,111,False,False,False,False,0.13709063766615256,0.4828865479833234,0.46427823283922126,UNG,0.04929584964565814,0.04546235270232111
2020-07-31,TAN,13,False,False,False,False,0.20140595084894086,0.4605186627934171,0.47002530237372664,XBI,0.011909323427755414,0.03287623545059422
2020-08-31,TAN,15,False,False,False,False,-0.20598222383457285,0.3398984199483011,0.36211809563815806,EWZ,-0.1019607701306926,-0.07877061550593649
2020-09-30,KRE,7,False,False,False,True,0.15753324644777605,0.5049646271597533,0.5812348298818619,EWZ,-0.010916874499919182,-0.0037252187366602295
2020-10-30,EWO,82,False,False,False,False,0.4220714674405949,0.47777753550289564,0.5540580777850872,ITA,0.21168666885880905,0.04644773865783851
2020-11-30,URA,67,False,False,False,False,0.40895593861111834,0.4064010474618929,0.5252706804821818,GDX,0.026561052497227067,0.022605138314039052
2020-12-31,KWEB,4,False,False,True,True,0.1087538545256666,0.6780509851908028,0.5902898338924973,UNG,0.09157893532200867,0.08415029273532923
2021-01-29,URA,20,False,False,False,False,0.006747687284600037,0.5776336347319855,0.5134713571584578,UNG,0.035992207701365686,0.10543839891970386
2021-02-26,PALL,38,False,False,False,False,-0.36481407582078723,0.3678704749216436,0.37584186676916065,XLE,0.0085653233417331,-0.07968842327555059
2021-03-31,CORN,58,False,False,False,False,-0.038160711046617085,0.4064487805913864,0.4598977241756846,GDXJ,0.05588287412210757,-0.024747195398438636
2021-04-30,URA,13,False,False,False,False,0.03885724650825322,0.2493014232661396,0.3465747513841206,KRE,0.0348216438011586,-0.0184072935533381
2021-05-28,UNG,23,False,False,False,False,-0.11449493424177959,0.16435526868256325,0.3981525546766961,TUR,-0.05372248261576351,-0.05345673576593035
2021-06-30,UNG,9,False,False,False,True,-0.14371485579539273,0.20369118519634413,0.23064125937762786,CORN,-0.08416744403996923,-0.07068381459626041
2021-07-30,ARGT,57,False,False,False,False,-0.08978612331979821,0.3678704749216436,0.41848209250266527,CORN,-0.0004966876279205445,-0.02187415986988763
2021-08-31,UNG,17,False,False,False,False,-0.14714002227567266,0.6448804133635345,0.5572465698335058,TAN,-0.06046504838504396,-0.030362387319588513
2021-09-30,TAN,1,True,True,True,True,0.16581171775802647,0.45288373336184967,0.49460675422752576,TAN,0.237623763490995,0.04050244229997233
2021-10-29,SMH,36,False,False,False,False,-0.14413218223494248,0.28015728954842156,0.320395210169886,PPLT,-0.1011729269717958,-0.08318208141644556
2021-11-30,USL,19,False,False,False,False,-0.2008236902083995,0.6000696337084324,0.6014786891999565,EWZ,0.013628967520152413,-0.02429537199510832
2021-12-31,UNG,1,True,True,True,True,-0.027645590101217702,0.849552946932891,0.668702724536854,UNG,0.49959842267627663,0.17479601812825435
2022-01-31,BNO,18,False,False,False,False,0.36932227339490004,0.90578883186844,0.7093867305179463,UNG,-0.010210215026356328,0.1211913648728455
2022-02-28,UNG,5,False,False,True,True,0.26067319125096083,0.6051855416776091,0.46633273940976405,URA,0.03312067702247434,0.09464610196328031
2022-03-31,UNG,2,False,True,True,True,-0.15152031837557736,0.5505340530310213,0.4487748933954873,PALL,-0.044598691284391756,0.011425345820732024
2022-04-29,XLE,23,False,False,False,False,-0.03618356611645202,0.548476950840354,0.6563713133438726,PALL,-0.10580341685263694,0.05717154703561254
2022-05-31,KWEB,5,False,False,True,True,-0.12146392296751136,0.6179491463091694,0.5877709142498886,PALL,-0.03899374157593616,-0.08635724159742852
2022-06-30,UNG,18,False,False,False,False,0.13722111373118084,0.7204720500256292,0.8027393599587237,ARGT,0.12112547552903519,0.09542167282437261
2022-07-29,TUR,78,False,False,False,False,0.1724960751824355,0.2635208354820278,0.4226188883236129,GDX,-0.06858651940421567,-0.04060656901459427
2022-08-31,SLV,38,False,False,False,False,0.021374931978958827,0.5642866449040416,0.4952808141231643,SMH,-0.1041427144656677,-0.004642733534797517
2022-09-30,XLE,19,False,False,False,False,-0.14254502316804626,0.346591803275473,0.37513890591215127,KWEB,-0.15272140503154996,-0.047214604956630615
2022-10-31,KWEB,3,False,True,True,True,0.011264294634772123,0.4724368800748338,0.5600212270040665,UNG,0.12002067790900517,0.14880328389666458
2022-11-30,KWEB,6,False,False,False,True,-0.07009250861599856,0.22438822495574054,0.41591843474780027,PALL,-0.062372613115235453,-0.07231782249111848
2022-12-30,SMH,7,False,False,False,True,0.21763105387266463,0.45337194429167504,0.57848738366053,EDV,0.09330862640721671,0.002975644302251457
2023-01-31,TUR,5,False,False,True,True,-0.15409242534475803,0.18257505822357342,0.3187170691118475,PALL,-0.1473248250599858,-0.038051812076452654
2023-02-28,GDX,3,False,True,True,True,-0.061552749458350604,0.5414917416398842,0.5992358742195826,TAN,0.014302707353363253,0.05034973188608309
2023-03-31,EPOL,22,False,False,False,False,-0.15802118449234187,0.1325657617145455,0.2330964805608091,UNG,-0.06259315557469536,-0.07383925160352475
2023-04-28,SMH,8,False,False,False,True,-0.17387282230446324,0.3734949999199096,0.43174339788156224,KWEB,-0.09938775517991516,-0.04508896417850774
2023-05-31,UNG,17,False,False,False,False,0.10492290948666788,0.46045153349457035,0.5289641518914646,PALL,-0.09409446557254442,0.02495232256839308
2023-06-30,TUR,3,False,True,True,True,0.3549646290585888,0.4915291174460053,0.48153849440181473,GDXJ,0.012569879988606925,0.06664462837248886
2023-07-31,TUR,3,False,True,True,True,-0.27543261382187556,0.42993421628516904,0.3794265783810543,SOXX,-0.051150194207295385,-0.010441823288898288
2023-08-31,URA,19,False,False,False,False,-0.22582099203799605,0.5434902255311472,0.4395522455014017,CORN,0.0062695651646560435,-0.05508115304413739
2023-09-29,EPOL,18,False,False,False,False,-0.14182853421784739,0.5786616808623637,0.5172578086108032,EDV,-0.059886486008264295,-0.010349094564652161
2023-10-31,ARGT,15,False,False,False,False,0.1522256484672592,0.3705042824857236,0.44866584204008775,TUR,0.06363075578192823,-0.014572996909723513
2023-11-30,XBI,6,False,False,False,True,0.04029022310901506,0.3888115819826272,0.4673839979271792,UNG,-0.005504538352495203,0.055831985010022775
2023-12-29,URA,16,False,False,False,False,-0.2715907854162888,0.4372092314991152,0.4277051097686037,DBO,0.03548617203522486,-0.03509502998983034
2024-01-31,SMH,1,True,True,True,True,0.1268439387302705,0.7850334222645877,0.712161725706558,SMH,0.19959306889913253,0.06463111124346425
2024-02-29,GDXJ,2,False,True,True,True,0.06228380606541367,0.7364791645179721,0.7377719149467268,MCHI,0.024044487641403656,0.07957917596574601
2024-03-28,DBB,96,False,False,False,False,-0.049265372755305646,0.5628578723575144,0.6262785220225991,UNG,-0.019646377324261,-0.03881118348651262
2024-04-30,UNG,2,False,True,True,True,0.08412683872742566,0.6644335600765185,0.6303769493948835,PALL,0.011678981835745894,0.12539867105554037
2024-05-31,PALL,5,False,False,True,True,-0.06880101578088156,0.6913824118046392,0.6031693710925343,IGV,0.11857713564244188,0.01698379006052537
2024-06-28,KRE,8,False,False,False,True,-0.17316918768246822,0.5200574971357136,0.45078983120184846,KWEB,-0.015062469147521962,0.0175318323458419
2024-07-31,ARGT,27,False,False,False,False,-0.2519302121624582,0.3841887860144204,0.430656166512297,URA,-0.07816994279334633,-0.028399268573420212
2024-08-30,KWEB,2,False,True,True,True,0.23835726017844489,0.7027881536595041,0.688210601578004,UNG,0.25889470951881743,0.18908308160285292
2024-09-30,PALL,5,False,False,True,True,0.05912207509522945,0.4646269307314793,0.47374210498184394,UNG,-0.19323079035832336,-0.0051727876088629495
2024-10-31,ARGT,19,False,False,False,False,0.03906403047342644,0.5248348814742266,0.4641324521823937,SMH,0.01122073652911415,0.013697904491887524
2024-11-29,UNG,5,False,False,True,True,-0.18439227459048013,0.6066133042942254,0.5730205173251751,SOXX,0.00610600138471229,0.029814088414792873
2024-12-31,GDX,8,False,False,False,True,0.04576092871394885,0.29451191940747995,0.358327146372605,TAN,0.0005952517461891293,0.009529319580787643
2025-01-31,UNG,5,False,False,True,True,-0.33816132443611674,0.2654223139302611,0.26369195744149715,XLK,-0.02888792603558532,0.029099517672494368
2025-02-28,GDXJ,13,False,False,False,False,0.035077090513332125,0.43330424410632945,0.5025344984791543,TAN,-0.05851559761160252,-0.029060124354425888
2025-03-31,URA,5,False,False,True,True,0.10819154725194995,0.848368292572385,0.8110000708671687,SMH,0.018818693774058648,0.05251732581324882
2025-04-30,URA,9,False,False,False,True,0.27319789588245963,0.5703565996582179,0.6574979933039551,CPER,0.05292288809134904,0.054034694394019665
2025-05-30,PPLT,16,False,False,False,False,0.37815345546889173,0.7323708711376927,0.6646693002893678,DBO,0.04280149917658571,0.05145260205765689
2025-06-30,THD,40,False,False,False,False,0.3182514057681843,0.5881300003978409,0.6429245393275064,DBO,0.08584339333591862,0.02152290856835286
2025-07-31,GDXJ,8,False,False,False,True,0.10795039719793774,0.8012632389137774,0.8024971627849606,TAN,0.08131396088836218,0.03357535735977955
2025-08-29,GDXJ,7,False,False,False,True,0.30483221476510064,0.604000887317103,0.7430236719766744,ARGT,-0.11152073140733565,0.020404104215393383
2025-09-30,ARGT,8,False,False,False,True,0.05440443173179625,0.5362669076856394,0.6468616058628451,EPHE,-0.02467160574106686,-0.015777689945519112
2025-10-31,SLV,4,False,False,True,True,0.0539724777548542,0.7934259879824102,0.8291396990397008,PPLT,0.03287199915152694,0.07477490084061848
2025-11-28,SLV,12,False,False,False,False,-0.0025648467259205515,0.5573626285591463,0.6317377841009292,ARGT,-0.0016554304826706945,0.015038418371313589
2025-12-31,URA,1,True,True,True,True,0.3332922183928895,1.0,0.8262529162985452,URA,0.2778927461958334,0.1629674289949285
2026-01-30,BNO,25,False,False,False,False,0.07339574350772733,0.3006499879481967,0.3934209036051572,GDX,0.1510056641169859,-0.0015566903467906235
2026-02-27,USO,19,False,False,False,False,-0.23420140432000133,0.773290174010524,0.6806945175901145,KBE,-0.011748483913032293,-0.006177379683053386
2026-03-31,SOXX,1,True,True,True,True,0.14547641116731927,0.6996612340944541,0.5002751629095169,SOXX,0.3747638837025058,0.15766395280708015
2026-04-30,EWY,11,False,False,False,False,0.04037010769117414,,,GDXJ,0.007454928968459118,0.03273276464091144
2026-05-29,XBI,28,False,False,False,False,-0.35397104825431086,,,USL,-0.15038728582237104,-0.1504968502690494
2026-06-30,BNO,2,False,True,True,True,-0.25310743071607605,,,PPLT,0.03212290837640408,0.1541508289424764
