signal_date,ltr_top1,ltr_top1_ret21,ltr_ew5_ret21,universe_ew_ret21,global_winner,top5_contains_global_winner,ew5_name_turnover,top5_names
2017-01-31,PALL,0.0027548182225876072,-0.03254092845678362,0.016694512383171847,XBI,False,,PALL|EZA|GDX|URA|GDXJ
2017-02-28,UNG,0.1261128205244304,0.008691500179492518,0.0032800107506648015,UNG,True,0.4,UNG|XRT|GDX|GDXJ|URA
2017-03-31,EZA,0.05199520514601108,0.04058052060412376,0.009716777699969372,EPOL,True,1.0,EZA|TUR|DBO|FXI|EPOL
2017-04-28,GDXJ,-0.014375153554917253,-0.0015436232528887928,0.01331130840259975,EWY,False,1.0,GDXJ|GDX|BNO|SLV|URA
2017-05-31,USO,-0.0689311207073462,-0.0024750124182111753,0.005063718155399693,XBI,False,0.8,USO|KRE|UNG|XLE|URA
2017-06-30,SMH,0.05814527264463454,0.04036485311033564,0.026368736316728293,KWEB,False,0.6,SMH|UNG|EWZ|SOXX|USO
2017-07-31,IHI,-0.010675685883497654,-0.0028109818684798117,-0.0026053977162497797,DBB,False,0.6,IHI|SOXX|HACK|FDN|SMH
2017-08-31,USO,0.06354162837896227,-0.010899016943988694,0.011893678232847866,KRE,False,1.0,USO|USL|GDXJ|UNG|CORN
2017-09-29,EZA,0.01762491704499425,-0.00862590255266309,0.01506206184841497,TAN,True,0.8,EZA|UNG|URA|TAN|KWEB
2017-10-31,IBB,0.002473928290811944,-0.002198091437979488,0.009001967109141725,URA,False,0.8,IBB|XBI|GDXJ|EWZ|UNG
2017-11-30,UNG,-0.030944635399350773,0.07184071773421019,0.03133863252393621,TUR,True,0.8,UNG|SLV|KWEB|TUR|FXI
2017-12-29,UNG,0.01697019246695186,0.044650716355530376,0.03226613644093555,EWZ,True,0.8,UNG|XBI|URA|EWZ|KBE
2018-01-31,URA,-0.06925801739415327,-0.05964596397854549,-0.04014755177502183,HACK,False,0.8,URA|PALL|EPHE|XLE|TAN
2018-02-28,URA,-0.055686313977411195,-0.028246741618496295,-0.005802358549678727,BNO,False,0.8,URA|GDX|EIDO|TUR|FXI
2018-03-29,URA,0.0980066194956164,0.001983820652118573,0.0009002430618650587,URA,True,0.8,URA|XBI|FDN|EWZ|SOXX
2018-04-30,EIDO,0.0035573270705617777,0.007911153522214009,0.010736377728171757,SOXX,False,1.0,EIDO|ITA|XLI|KWEB|TUR
2018-05-31,DBO,0.047377527728016844,0.016338676978916934,-0.023815068875903622,USO,True,1.0,DBO|USL|USO|EZA|URA
2018-06-29,ARGT,0.10419775953218391,0.03471812989160443,0.02372901140481428,EWZ,False,0.8,ARGT|URA|FDN|KBE|XBI
2018-07-31,XBI,0.04457046729512304,0.04948636174151784,0.004546867058778833,HACK,True,0.6,XBI|IGV|HACK|FDN|KWEB
2018-08-31,EWZ,0.21056028321463605,0.04983883030517344,0.009099388541598833,EWZ,True,0.8,EWZ|EZA|ARGT|KWEB|ASHR
2018-09-28,KRE,-0.11131582669886586,-0.08087007011738775,-0.07544726129178772,EWZ,False,1.0,KRE|KBE|EPI|TUR|BNO
2018-10-31,GDXJ,-0.025815542442161332,0.032100787417012944,0.02398882265371333,UNG,False,1.0,GDXJ|ARGT|GDX|XBI|EZA
2018-11-30,GDXJ,0.14134522742881028,-0.00013350962450644487,-0.0608039408687143,GDXJ,True,0.6,GDXJ|GDX|USO|USL|BNO
2018-12-31,UNG,0.026424496909220885,0.1580233279217421,0.08910497354436481,TAN,False,0.6,UNG|KWEB|DBO|BNO|USO
2019-01-31,BNO,0.0724138078451444,0.06297280981880533,0.020942052755750895,ASHR,False,0.4,BNO|USL|XBI|KWEB|UNG
2019-02-28,EZA,0.01045008847872575,-0.00606154713679048,0.00940753920534193,EPI,False,0.6,EZA|UNG|GDX|GDXJ|XBI
2019-03-29,TAN,0.08923210679117277,-0.013943107847895209,0.015148434013870163,SOXX,False,0.6,TAN|UNG|ARGT|KWEB|XBI
2019-04-30,ARGT,0.07907895946079191,-0.02604979998033712,-0.04685129397045871,CORN,False,0.6,ARGT|XBI|GDXJ|ASHR|TUR
2019-05-31,PALL,0.16693105100887173,0.11429871027921798,0.05841646411300478,PALL,True,0.8,PALL|EWZ|USO|KWEB|TUR
2019-06-28,UNG,-0.012886598191538479,0.026358692574033737,-0.0029329342960912716,GDXJ,False,0.8,UNG|TUR|SMH|SOXX|IYR
2019-07-31,UNG,-0.015014977173866795,-0.03042105237858006,-0.01123811756164934,EDV,False,0.8,UNG|XBI|DBO|KWEB|BNO
2019-08-30,ARGT,-0.004424672484659942,-0.025812368558627764,0.004387588154314959,PALL,False,0.8,ARGT|UNG|EZA|EWZ|GDXJ
2019-09-30,KWEB,0.08229061192930742,0.05455252167630449,0.022741898097043557,UNG,True,0.6,KWEB|UNG|USL|GDXJ|USO
2019-10-31,TAN,-0.019121741272098314,0.019095656679305108,-0.0008132585871665724,XBI,False,0.6,TAN|ARGT|USO|USL|BNO
2019-11-29,UNG,-0.0655829633568823,0.05849293377475591,0.039227321682363356,GDXJ,False,0.6,UNG|DBO|BNO|SLV|TAN
2019-12-31,UNG,-0.13377327448737575,-0.10244354010061693,-0.026114784671271672,PALL,False,0.4,UNG|EDV|USO|BNO|DBO
2020-01-31,USO,-0.059534915657930565,0.009644532979534316,-0.029136080075657964,TAN,False,0.8,USO|GDXJ|SOXX|GDX|ASHR
2020-02-28,XLE,-0.3500795104083475,-0.22796222303174263,-0.14630294460703766,EDV,False,1.0,XLE|ARGT|TUR|PPLT|XBI
2020-03-31,EWZ,0.07014398712639647,0.0028258840239838044,0.09154200198048698,GDXJ,False,0.8,EWZ|TAN|USO|USL|XLE
2020-04-30,PALL,0.02463958107243336,0.27268936262789245,0.0863805848737789,BNO,True,0.4,PALL|EWZ|USO|USL|BNO
2020-05-29,XLE,-0.03951865236282859,0.011940116147805213,0.021871392849181145,KWEB,False,0.4,XLE|UNG|USL|USO|PALL
2020-06-30,UNG,0.04929584964565814,0.04682530795440547,0.050770629092203264,SLV,False,0.6,UNG|EZA|EWZ|EIDO|XLE
2020-07-31,XBI,0.011909323427755414,0.02115105072018335,0.03775252971926207,TAN,False,0.6,XBI|ITA|EZA|EWZ|BNO
2020-08-31,EWZ,-0.1019607701306926,-0.07877061550593649,-0.02541034928462519,TAN,False,0.6,EWZ|XLE|EZA|KBE|KRE
2020-09-30,KBE,0.09793985949412987,-0.0037252187366602295,-0.014575183542486488,KRE,False,0.6,KBE|SLV|EWZ|GDXJ|GDX
2020-10-30,ITA,0.21168666885880905,0.1552284739358766,0.10904798877528823,EWO,False,1.0,ITA|BNO|XRT|EPOL|UNG
2020-11-30,GDX,0.026561052497227067,0.028877819051886133,0.0388328146442383,URA,False,0.8,GDX|UNG|SLV|GDXJ|EIDO
2020-12-31,UNG,0.09157893532200867,0.11594788583470476,0.019981214879735542,KWEB,True,0.8,UNG|XBI|XLE|IBB|KWEB
2021-01-29,UNG,0.035992207701365686,0.0838422012095881,0.025658163781078495,URA,False,0.4,UNG|KBE|KWEB|XLE|EWZ
2021-02-26,EWZ,-0.00030883039841744786,-0.11998774562034868,-0.003993433168416523,PALL,False,0.4,EWZ|KWEB|TAN|UNG|ICLN
2021-03-31,GDXJ,0.05588287412210757,-0.024747195398438636,0.03234704320971843,CORN,False,0.4,GDXJ|ICLN|KWEB|TAN|KRE
2021-04-30,TUR,-0.01710100535911574,0.004611717990435871,0.023147215038729813,URA,False,0.4,TUR|XBI|KRE|TAN|GDXJ
2021-05-28,TUR,-0.05372248261576351,-0.05345673576593035,-0.006596831644963596,UNG,False,0.6,TUR|KRE|KBE|IWN|KWEB
2021-06-30,CORN,-0.08416744403996923,-0.07005306491423147,-0.0004507446655959616,UNG,False,0.6,CORN|KWEB|TAN|TUR|ICLN
2021-07-30,CORN,-0.0004966876279205445,-0.016889695487454604,0.011032171731823855,ARGT,False,0.4,CORN|PALL|URA|KWEB|TAN
2021-08-31,TAN,-0.06046504838504396,-0.0429985011892388,-0.02688313513173237,UNG,False,0.4,TAN|PALL|URA|GDXJ|KRE
2021-09-30,KWEB,0.014630804905459538,0.045876840875653226,0.03925423260389011,TAN,True,0.6,KWEB|TAN|MCHI|EWZ|KRE
2021-10-29,PPLT,-0.1011729269717958,-0.08864279666268338,-0.026455814848629782,SMH,False,0.8,PPLT|PALL|UNG|EWZ|GDXJ
2021-11-30,PALL,0.0805303393937975,0.009504229690562749,0.020202152655016733,USL,False,0.6,PALL|EWZ|ARGT|KWEB|TUR
2021-12-31,UNG,0.49959842267627663,0.15439600745161466,-0.011719849216231199,UNG,True,0.4,UNG|KWEB|TUR|PALL|URA
2022-01-31,URA,0.20493004628877398,0.08077975804521025,0.0011953909601111342,BNO,False,0.19999999999999996,URA|UNG|KWEB|PALL|GDXJ
2022-02-28,EWO,0.0350303820844462,0.03068172267912068,0.027613404483560183,UNG,False,0.8,EWO|EPOL|XRT|KWEB|TAN
2022-03-31,USO,0.04838483425746709,0.09707094138778197,-0.05910709702913727,UNG,True,1.0,USO|UNG|PALL|USL|GSG
2022-04-29,KWEB,0.04487174272457062,0.071602657339364,0.014609175816216659,XLE,False,0.8,KWEB|EPOL|URA|UNG|BNO
2022-05-31,PALL,-0.03899374157593616,-0.04452983493374192,-0.0778303333622768,KWEB,True,0.8,PALL|KWEB|FDN|XLY|IGV
2022-06-30,ARGT,0.12112547552903519,0.0959602157609351,0.0458936258030586,UNG,False,1.0,ARGT|GDXJ|SOXX|GDX|URA
2022-07-29,GDX,-0.06858651940421567,-0.03138266663020668,-0.006386487820594474,TUR,False,0.4,GDX|URA|HACK|EPOL|GDXJ
2022-08-31,GDX,0.049250520730371505,-0.01588592670245479,-0.06284092801015069,SLV,False,0.6,GDX|GDXJ|KWEB|SMH|PALL
2022-09-30,KWEB,-0.15272140503154996,-0.042058917029334085,0.0464520880796528,XLE,False,0.6,KWEB|GDXJ|UNG|EPOL|MCHI
2022-10-31,UNG,0.12002067790900517,0.18796964131029678,0.07259788624785869,KWEB,True,0.4,UNG|FXI|MCHI|KWEB|PALL
2022-11-30,PALL,-0.062372613115235453,0.0005362293377958238,-0.026313440359326645,KWEB,True,0.4,PALL|DBO|URA|KWEB|FXI
2022-12-30,EDV,0.09330862640721671,-0.025131749433200224,0.06746990670578791,SMH,False,0.8,EDV|PALL|UNG|PPLT|SOXX
2023-01-31,PALL,-0.1473248250599858,-0.07578610469590334,-0.028505572156453707,TUR,False,0.6,PALL|FXI|UNG|KWEB|GDXJ
2023-02-28,TAN,0.014302707353363253,0.07876949513489558,0.003201048332731482,GDX,True,0.4,TAN|GDX|KWEB|GDXJ|PALL
2023-03-31,UNG,-0.06259315557469536,-0.022123783577665136,-0.010722978205537678,EPOL,False,0.8,UNG|TUR|PALL|EDV|XBI
2023-04-28,KWEB,-0.09938775517991516,-0.05255855948270716,-0.025486002845367662,SMH,False,0.8,KWEB|KRE|TUR|TAN|FXI
2023-05-31,PALL,-0.09409446557254442,0.032723455209170395,0.0408224065781704,UNG,False,0.6,PALL|GDX|KWEB|KRE|XRT
2023-06-30,GDXJ,0.012569879988606925,0.039110831279348224,0.022226341211932787,TUR,True,0.8,GDXJ|XBI|TUR|CORN|PALL
2023-07-31,PALL,0.00017514932586726317,-0.041233525942816776,-0.02159941623513218,TUR,False,0.6,PALL|TAN|GDXJ|SOXX|GDX
2023-08-31,PALL,-0.03684728781758417,-0.04815092002114816,-0.056807127681574685,URA,False,0.8,PALL|UNG|CORN|KWEB|EWZ
2023-09-29,EDV,-0.059886486008264295,0.020297366364516334,-0.027214803555054543,EPOL,False,0.8,EDV|GDXJ|ARGT|UNG|GDX
2023-10-31,TUR,0.06363075578192823,0.036820544673076515,0.067129788295726,ARGT,False,0.6,TUR|EDV|SMH|UNG|TAN
2023-11-30,UNG,-0.005504538352495203,0.017718422862421757,0.03394745351304307,XBI,False,0.4,UNG|EDV|SMH|URA|FXI
2023-12-29,DBO,0.03548617203522486,0.0072652352310677015,-0.003913801460252103,URA,False,0.8,DBO|TUR|UNG|KWEB|USO
2024-01-31,UNG,-0.10607618217556192,-0.014061124465711417,0.027497456370394115,SMH,False,0.6,UNG|KWEB|EZA|PALL|GDXJ
2024-02-29,GDXJ,0.23009697857682543,0.08905877149985415,0.024289707890021394,GDXJ,True,0.19999999999999996,GDXJ|GDX|EZA|KWEB|UNG
2024-03-28,UNG,-0.019646377324261,-0.05388335988936479,-0.016668925661751828,DBB,False,0.8,UNG|KRE|PALL|SOXX|XBI
2024-04-30,PALL,0.011678981835745894,0.08366775726562681,0.03454196101885979,UNG,True,0.19999999999999996,PALL|URA|UNG|KRE|XBI
2024-05-31,PALL,0.12042071215647376,0.048157038966466746,0.0014319015074736624,PALL,True,0.8,PALL|IGV|SMH|GDX|GDXJ
2024-06-28,KWEB,-0.015062469147521962,0.009460388457046998,0.018563034626936915,KRE,False,0.8,KWEB|TAN|SLV|GDXJ|URA
2024-07-31,SLV,0.005653962105088839,-0.01834146294160861,0.018873358242760263,ARGT,False,0.4,SLV|KWEB|PALL|UNG|URA
2024-08-30,TAN,0.038554777399935514,0.19797382309609687,0.037487379499561796,KWEB,True,0.4,TAN|UNG|PPLT|KWEB|PALL
2024-09-30,SOXX,-0.00524949082407411,-0.001365504501191106,-0.015742255664856097,PALL,False,0.8,SOXX|SMH|TAN|USO|SLV
2024-10-31,SOXX,-0.0016817550040801876,0.013697904491887524,0.014508805867728054,ARGT,False,0.4,SOXX|SMH|UNG|TAN|XLK
2024-11-29,SOXX,0.00610600138471229,-0.016916434678580995,-0.026235903753863483,UNG,False,0.6,SOXX|SMH|PALL|KWEB|FXI
2024-12-31,TAN,0.0005952517461891293,0.07845609021156749,0.023445564522306797,GDX,True,0.6,TAN|URA|GDX|KWEB|PALL
2025-01-31,SOXX,-0.03696028478267721,-0.03885322827552973,0.010503687453313905,UNG,False,1.0,SOXX|XLK|SMH|IGV|EWZ
2025-02-28,TAN,-0.05851559761160252,-0.026743595362418993,-0.01431867604610231,GDXJ,False,1.0,TAN|URA|MCHI|KWEB|EIDO
2025-03-31,SMH,0.018818693774058648,0.05251732581324882,-0.00022971638570073668,URA,True,0.8,SMH|SOXX|IGV|XLK|URA
2025-04-30,DBO,0.07083335687547554,0.06013521842434173,0.039060491560315685,URA,False,1.0,DBO|CPER|USO|BNO|UNG
2025-05-30,USO,0.06186600890433969,0.04463525787787426,0.0402921204482964,PPLT,False,0.19999999999999996,USO|DBO|UNG|PALL|BNO
2025-06-30,DBO,0.08584339333591862,0.02152290856835286,0.00950608782243117,THD,False,0.6,DBO|USL|UNG|XLE|GSG
2025-07-31,TAN,0.08131396088836218,0.03975626373591394,0.024093313604372717,GDXJ,False,0.8,TAN|WOOD|UNG|EWZ|KWEB
2025-08-29,ARGT,-0.11152073140733565,0.020404104215393383,0.03925703644787223,GDXJ,False,0.8,ARGT|UNG|EPOL|EIDO|PALL
2025-09-30,EPHE,-0.02467160574106686,0.054322487231053686,0.012682263666069494,ARGT,True,0.6,EPHE|CPER|UNG|ARGT|USO
2025-10-31,XRT,0.04258730795206689,0.021055667740442208,0.005724809989370055,SLV,False,0.8,XRT|GLD|IAU|USO|BNO
2025-11-28,KRE,0.053330722559731036,0.026612464046961336,0.019631551829011214,SLV,False,0.8,KRE|KBE|URA|XRT|ICLN
2025-12-31,URA,0.2778927461958334,0.1629674289949285,0.04328315812711774,URA,True,0.8,URA|GDX|GLD|GDXJ|IAU
2026-01-30,GDX,0.1510056641169859,0.061371174590055325,0.013216152444894961,BNO,False,0.4,GDX|URA|GDXJ|EZA|CPER
2026-02-27,KBE,-0.011748483913032293,-0.07293134218434012,-0.04289573078719505,USO,False,1.0,KBE|KRE|UNG|PALL|PPLT
2026-03-31,SOXX,0.3747638837025058,0.15766395280708015,0.054163690027435166,SOXX,True,0.6,SOXX|SMH|IGV|PPLT|PALL
2026-04-30,GDXJ,0.007454928968459118,-0.019253015314916966,0.021332590691104797,EWY,False,0.6,GDXJ|PALL|PPLT|GDX|SLV
2026-05-29,BNO,-0.24564389381472118,-0.1660675402682419,-0.014868854458391118,XBI,False,1.0,BNO|USL|DBO|USO|UNG
2026-06-30,USO,0.2451457568235098,0.1541508289424764,0.013695690058384986,BNO,True,0.4,USO|SLV|BNO|PPLT|DBO
