signal_date,entry_date,exit_date,top1,top2,margin,top1_weight_v2,top2_weight_v2
2017-01-31,2017-02-01,2017-03-01,EWZ,PALL,0.006711409395973145,0.75,0.25
2017-02-28,2017-03-01,2017-04-03,HACK,GDXJ,0.006711409395973145,0.75,0.25
2017-03-31,2017-04-03,2017-05-01,EZA,DEM,0.006711409395973145,0.75,0.25
2017-04-28,2017-05-01,2017-06-01,BNO,KBE,0.006711409395973145,0.75,0.25
2017-05-31,2017-06-01,2017-07-03,BNO,DBO,0.006711409395973145,0.75,0.25
2017-06-30,2017-07-03,2017-08-01,SMH,SOXX,0.006711409395973145,0.75,0.25
2017-07-31,2017-08-01,2017-09-01,SOXX,SMH,0.006711409395973145,0.75,0.25
2017-08-31,2017-09-01,2017-10-02,KWEB,KBE,0.006711409395973145,0.75,0.25
2017-09-29,2017-10-02,2017-11-01,EZA,GDX,0.006711409395973145,0.75,0.25
2017-10-31,2017-11-01,2017-12-01,CPER,GDXJ,0.006711409395973145,0.75,0.25
2017-11-30,2017-12-01,2018-01-02,EDV,MCHI,0.006711409395973145,0.75,0.25
2017-12-29,2018-01-02,2018-02-01,IGV,URA,0.006711409395973145,0.75,0.25
2018-01-31,2018-02-01,2018-03-01,SOXX,IJR,0.006711409395973145,0.75,0.25
2018-02-28,2018-03-01,2018-04-02,URA,KRE,0.006711409395973145,0.75,0.25
2018-03-29,2018-04-02,2018-05-01,XBI,QQQ,0.006711409395973145,0.75,0.25
2018-04-30,2018-05-01,2018-06-01,XLB,PPA,0.006711409395973145,0.75,0.25
2018-05-31,2018-06-01,2018-07-02,USL,DBO,0.006711409395973145,0.75,0.25
2018-06-29,2018-07-02,2018-08-01,SOXX,SMH,0.006711409395973145,0.75,0.25
2018-07-31,2018-08-01,2018-09-04,FDN,IBB,0.006711409395973145,0.75,0.25
2018-08-31,2018-09-04,2018-10-01,MCHI,IBB,0.006711409395973145,0.75,0.25
2018-09-28,2018-10-01,2018-11-01,EWI,IGV,0.006711409395973145,0.75,0.25
2018-10-31,2018-11-01,2018-12-03,GDXJ,GDX,0.006711409395973145,0.75,0.25
2018-11-30,2018-12-03,2019-01-02,BNO,DBO,0.006711409395973145,0.75,0.25
2018-12-31,2019-01-02,2019-02-01,PALL,UNG,0.006711409395973145,0.75,0.25
2019-01-31,2019-02-01,2019-03-01,IBB,IGV,0.006711409395973145,0.75,0.25
2019-02-28,2019-03-01,2019-04-01,FDN,XLY,0.006711409395973145,0.75,0.25
2019-03-29,2019-04-01,2019-05-01,PALL,UNG,0.006711409395973145,0.75,0.25
2019-04-30,2019-05-01,2019-06-03,ARGT,IJR,0.006711409395973145,0.75,0.25
2019-05-31,2019-06-03,2019-07-01,BNO,DBO,0.006711409395973145,0.75,0.25
2019-06-28,2019-07-01,2019-08-01,PALL,FDN,0.006711409395973145,0.75,0.25
2019-07-31,2019-08-01,2019-09-03,HACK,IGV,0.006711409395973145,0.75,0.25
2019-08-30,2019-09-03,2019-10-01,EDV,IGV,0.006711409395973145,0.75,0.25
2019-09-30,2019-10-01,2019-11-01,GDX,GDXJ,0.006711409395973145,0.75,0.25
2019-10-31,2019-11-01,2019-12-02,SOXX,SMH,0.006711409395973145,0.75,0.25
2019-11-29,2019-12-02,2020-01-02,SOXX,UNG,0.006711409395973145,0.75,0.25
2019-12-31,2020-01-02,2020-02-03,SOXX,UNG,0.006711409395973145,0.75,0.25
2020-01-31,2020-02-03,2020-03-02,SOXX,UNG,0.006711409395973145,0.75,0.25
2020-02-28,2020-03-02,2020-04-01,EZA,ARGT,0.006711409395973145,0.75,0.25
2020-03-31,2020-04-01,2020-05-01,GDX,USL,0.006711409395973145,0.75,0.25
2020-04-30,2020-05-01,2020-06-01,THD,GDX,0.006711409395973145,0.75,0.25
2020-05-29,2020-06-01,2020-07-01,GDX,EPHE,0.006711409395973145,0.75,0.25
2020-06-30,2020-07-01,2020-08-03,IJR,IWN,0.006711409395973145,0.75,0.25
2020-07-31,2020-08-03,2020-09-01,URA,USL,0.006711409395973145,0.75,0.25
2020-08-31,2020-09-01,2020-10-01,EWZ,XLE,0.006711409395973145,0.75,0.25
2020-09-30,2020-10-01,2020-11-02,EWZ,XLE,0.006711409395973145,0.75,0.25
2020-10-30,2020-11-02,2020-12-01,IWM,XRT,0.006711409395973145,0.75,0.25
2020-11-30,2020-12-01,2021-01-04,EZA,UNG,0.006711409395973145,0.75,0.25
2020-12-31,2021-01-04,2021-02-01,FDN,IBB,0.006711409395973145,0.75,0.25
2021-01-29,2021-02-01,2021-03-01,XLE,KBE,0.006711409395973145,0.75,0.25
2021-02-26,2021-03-01,2021-04-01,ARGT,IGV,0.006711409395973145,0.75,0.25
2021-03-31,2021-04-01,2021-05-03,USL,GDXJ,0.006711409395973145,0.75,0.25
2021-04-30,2021-05-03,2021-06-01,GDXJ,GDX,0.006711409395973145,0.75,0.25
2021-05-28,2021-06-01,2021-07-01,KWEB,TUR,0.006711409395973145,0.75,0.25
2021-06-30,2021-07-01,2021-08-02,TAN,GDXJ,0.006711409395973145,0.75,0.25
2021-07-30,2021-08-02,2021-09-01,EWZ,PPLT,0.006711409395973145,0.75,0.25
2021-08-31,2021-09-01,2021-10-01,KRE,IYT,0.006711409395973145,0.75,0.25
2021-09-30,2021-10-01,2021-11-01,SMH,DBO,0.006711409395973145,0.75,0.25
2021-10-29,2021-11-01,2021-12-01,CPER,EWZ,0.006711409395973145,0.75,0.25
2021-11-30,2021-12-01,2022-01-03,URA,PALL,0.006711409395973145,0.75,0.25
2021-12-31,2022-01-03,2022-02-01,USL,DBO,0.006711409395973145,0.75,0.25
2022-01-31,2022-02-01,2022-03-01,IWM,BNO,0.006711409395973145,0.75,0.25
2022-02-28,2022-03-01,2022-04-01,SOXX,TUR,0.006711409395973145,0.75,0.25
2022-03-31,2022-04-01,2022-05-02,UNG,PPLT,0.006711409395973145,0.75,0.25
2022-04-29,2022-05-02,2022-06-01,SOXX,IGV,0.006711409395973145,0.75,0.25
2022-05-31,2022-06-01,2022-07-01,BNO,USO,0.006711409395973145,0.75,0.25
2022-06-30,2022-07-01,2022-08-01,SMH,SOXX,0.006711409395973145,0.75,0.25
2022-07-29,2022-08-01,2022-09-01,UNG,KWEB,0.006711409395973145,0.75,0.25
2022-08-31,2022-09-01,2022-10-03,EZA,SOXX,0.006711409395973145,0.75,0.25
2022-09-30,2022-10-03,2022-11-01,XLY,XRT,0.006711409395973145,0.75,0.25
2022-10-31,2022-11-01,2022-12-01,TUR,PALL,0.006711409395973145,0.75,0.25
2022-11-30,2022-12-01,2023-01-03,PALL,GDXJ,0.006711409395973145,0.75,0.25
2022-12-30,2023-01-03,2023-02-01,SOXX,SMH,0.006711409395973145,0.75,0.25
2023-01-31,2023-02-01,2023-03-01,TUR,KWEB,0.006711409395973145,0.75,0.25
2023-02-28,2023-03-01,2023-04-03,PALL,EZA,0.006711409395973145,0.75,0.25
2023-03-31,2023-04-03,2023-05-01,UNG,EDV,0.006711409395973145,0.75,0.25
2023-04-28,2023-05-01,2023-06-01,KWEB,UNG,0.006711409395973145,0.75,0.25
2023-05-31,2023-06-01,2023-07-03,PALL,UNG,0.006711409395973145,0.75,0.25
2023-06-30,2023-07-03,2023-08-01,TUR,KWEB,0.006711409395973145,0.75,0.25
2023-07-31,2023-08-01,2023-09-01,TUR,ARGT,0.006711409395973145,0.75,0.25
2023-08-31,2023-09-01,2023-10-02,PALL,CORN,0.006711409395973145,0.75,0.25
2023-09-29,2023-10-02,2023-11-01,GDXJ,URA,0.006711409395973145,0.75,0.25
2023-10-31,2023-11-01,2023-12-01,ARGT,DBO,0.006711409395973145,0.75,0.25
2023-11-30,2023-12-01,2024-01-02,ARGT,SOXX,0.006711409395973145,0.75,0.25
2023-12-29,2024-01-02,2024-02-01,TUR,UNG,0.006711409395973145,0.75,0.25
2024-01-31,2024-02-01,2024-03-01,KRE,HACK,0.006711409395973145,0.75,0.25
2024-02-29,2024-03-01,2024-04-01,TAN,IHI,0.006711409395973145,0.75,0.25
2024-03-28,2024-04-01,2024-05-01,HACK,IGV,0.006711409395973145,0.75,0.25
2024-04-30,2024-05-01,2024-06-03,SLV,DBA,0.006711409395973145,0.75,0.25
2024-05-31,2024-06-03,2024-07-01,GDX,URA,0.006711409395973145,0.75,0.25
2024-06-28,2024-07-01,2024-08-01,CPER,KWEB,0.006711409395973145,0.75,0.25
2024-07-31,2024-08-01,2024-09-03,XLK,MTUM,0.006711409395973145,0.75,0.25
2024-08-30,2024-09-03,2024-10-01,XLK,KWEB,0.006711409395973145,0.75,0.25
2024-09-30,2024-10-01,2024-11-01,SMH,KWEB,0.006711409395973145,0.75,0.25
2024-10-31,2024-11-01,2024-12-02,XLK,SOXX,0.006711409395973145,0.75,0.25
2024-11-29,2024-12-02,2025-01-02,SOXX,SMH,0.006711409395973145,0.75,0.25
2024-12-31,2025-01-02,2025-02-03,URA,XLK,0.006711409395973145,0.75,0.25
2025-01-31,2025-02-03,2025-03-03,EWZ,GDX,0.006711409395973145,0.75,0.25
2025-02-28,2025-03-03,2025-04-01,GDXJ,URA,0.006711409395973145,0.75,0.25
2025-03-31,2025-04-01,2025-05-01,XLK,EWT,0.006711409395973145,0.75,0.25
2025-04-30,2025-05-01,2025-06-02,USO,GDX,0.006711409395973145,0.75,0.25
2025-05-30,2025-06-02,2025-07-01,DBO,XLK,0.006711409395973145,0.75,0.25
2025-06-30,2025-07-01,2025-08-01,BNO,DBO,0.006711409395973145,0.75,0.25
2025-07-31,2025-08-01,2025-09-02,SOXX,GDX,0.006711409395973145,0.75,0.25
2025-08-29,2025-09-02,2025-10-01,EIDO,PPLT,0.006711409395973145,0.75,0.25
2025-09-30,2025-10-01,2025-11-03,PPLT,XRT,0.006711409395973145,0.75,0.25
2025-10-31,2025-11-03,2025-12-01,PPLT,GDX,0.006711409395973145,0.75,0.25
2025-11-28,2025-12-01,2026-01-02,PALL,SLV,0.006711409395973145,0.75,0.25
2025-12-31,2026-01-02,2026-02-02,IAU,GLD,0.006711409395973145,0.75,0.25
2026-01-30,2026-02-02,2026-03-02,PALL,GDX,0.006711409395973145,0.75,0.25
2026-02-27,2026-03-02,2026-04-01,EIDO,KRE,0.006711409395973145,0.75,0.25
2026-03-31,2026-04-01,2026-05-01,USL,PPLT,0.006711409395973145,0.75,0.25
2026-04-30,2026-05-01,2026-06-01,PPLT,PALL,0.006711409395973145,0.75,0.25
2026-05-29,2026-06-01,2026-07-01,BNO,USL,0.006711409395973145,0.75,0.25
