signal_date,entry_date,exit_date,basket,top1,top2,top1_score,top2_score,margin,top1_weight,top2_weight
2026-05-29,2026-06-01,2026-07-01,0,GSG,UNG,0.9865771812080537,0.959731543624161,0.02684563758389269,0.75,0.25
2026-05-29,2026-06-01,2026-07-01,1,USL,GSG,0.9932885906040269,0.9865771812080537,0.006711409395973145,0.75,0.25
2026-05-29,2026-06-01,2026-07-01,2,BNO,EZA,1.0,0.9798657718120806,0.020134228187919434,0.75,0.25
2026-05-29,2026-06-01,2026-07-01,3,USL,GDXJ,0.9932885906040269,0.9463087248322147,0.046979865771812124,0.75,0.25
2026-05-29,2026-06-01,2026-07-01,4,BNO,HACK,1.0,0.9530201342281879,0.046979865771812124,0.75,0.25
2026-05-29,2026-06-01,2026-07-01,5,DBO,GDXJ,0.9664429530201343,0.9463087248322147,0.020134228187919545,0.75,0.25
2026-05-29,2026-06-01,2026-07-01,6,TUR,IGV,0.8993288590604027,0.8791946308724832,0.020134228187919545,0.75,0.25
2026-05-29,2026-06-01,2026-07-01,7,EZA,GDXJ,0.9798657718120806,0.9463087248322147,0.033557046979865834,0.75,0.25
2026-05-29,2026-06-01,2026-07-01,8,DBO,KWEB,0.9664429530201343,0.8657718120805369,0.10067114093959739,0.75,0.25
2026-05-29,2026-06-01,2026-07-01,9,BNO,USO,1.0,0.9731543624161074,0.02684563758389258,0.75,0.25
2026-05-29,2026-06-01,2026-07-01,10,GSG,COMT,0.9865771812080537,0.9328859060402684,0.05369127516778527,0.75,0.25
2026-05-29,2026-06-01,2026-07-01,11,DBO,PALL,0.9664429530201343,0.9194630872483222,0.046979865771812124,0.75,0.25
2026-05-29,2026-06-01,2026-07-01,12,PPLT,XLE,0.9395973154362416,0.9060402684563759,0.03355704697986572,0.75,0.25
2026-05-29,2026-06-01,2026-07-01,13,GSG,UNG,0.9865771812080537,0.959731543624161,0.02684563758389269,0.75,0.25
2026-05-29,2026-06-01,2026-07-01,14,DBO,EWZ,0.9664429530201343,0.912751677852349,0.05369127516778527,0.75,0.25
2026-05-29,2026-06-01,2026-07-01,15,UNG,HACK,0.959731543624161,0.9530201342281879,0.006711409395973145,0.75,0.25
2026-05-29,2026-06-01,2026-07-01,16,DBO,COMT,0.9664429530201343,0.9328859060402684,0.033557046979865834,0.75,0.25
2026-05-29,2026-06-01,2026-07-01,17,BNO,KWEB,1.0,0.8657718120805369,0.13422818791946312,1.0,0.0
2026-05-29,2026-06-01,2026-07-01,18,USL,HACK,0.9932885906040269,0.9530201342281879,0.04026845637583898,0.75,0.25
2026-05-29,2026-06-01,2026-07-01,19,GSG,EZA,0.9865771812080537,0.9798657718120806,0.006711409395973145,0.75,0.25
2026-05-29,2026-06-01,2026-07-01,20,DBO,TUR,0.9664429530201343,0.8993288590604027,0.06711409395973156,0.75,0.25
2026-05-29,2026-06-01,2026-07-01,21,BNO,HACK,1.0,0.9530201342281879,0.046979865771812124,0.75,0.25
2026-05-29,2026-06-01,2026-07-01,22,USL,DBO,0.9932885906040269,0.9664429530201343,0.02684563758389258,0.75,0.25
2026-05-29,2026-06-01,2026-07-01,23,USO,EWY,0.9731543624161074,0.8926174496644296,0.08053691275167785,0.75,0.25
2026-05-29,2026-06-01,2026-07-01,24,GDXJ,EWZ,0.9463087248322147,0.912751677852349,0.03355704697986572,0.75,0.25
2026-05-29,2026-06-01,2026-07-01,25,EZA,DBC,0.9798657718120806,0.825503355704698,0.15436241610738255,1.0,0.0
2026-05-29,2026-06-01,2026-07-01,26,PALL,XBI,0.9194630872483222,0.7785234899328859,0.14093959731543626,1.0,0.0
2026-05-29,2026-06-01,2026-07-01,27,EZA,USO,0.9798657718120806,0.9731543624161074,0.006711409395973145,0.75,0.25
2026-05-29,2026-06-01,2026-07-01,28,BNO,GDX,1.0,0.9261744966442953,0.0738255033557047,0.75,0.25
2026-05-29,2026-06-01,2026-07-01,29,PALL,TUR,0.9194630872483222,0.8993288590604027,0.020134228187919434,0.75,0.25
2026-05-29,2026-06-01,2026-07-01,30,UNG,EWZ,0.959731543624161,0.912751677852349,0.04697986577181201,0.75,0.25
2026-05-29,2026-06-01,2026-07-01,31,HACK,GDXJ,0.9530201342281879,0.9463087248322147,0.006711409395973145,0.75,0.25
2026-05-29,2026-06-01,2026-07-01,32,COMT,GDX,0.9328859060402684,0.9261744966442953,0.006711409395973145,0.75,0.25
2026-05-29,2026-06-01,2026-07-01,33,BNO,DBO,1.0,0.9664429530201343,0.03355704697986572,0.75,0.25
2026-05-29,2026-06-01,2026-07-01,34,HACK,GDXJ,0.9530201342281879,0.9463087248322147,0.006711409395973145,0.75,0.25
2026-05-29,2026-06-01,2026-07-01,35,COMT,EWZ,0.9328859060402684,0.912751677852349,0.020134228187919434,0.75,0.25
2026-05-29,2026-06-01,2026-07-01,36,USL,UNG,0.9932885906040269,0.959731543624161,0.033557046979865834,0.75,0.25
2026-05-29,2026-06-01,2026-07-01,37,GSG,DBO,0.9865771812080537,0.9664429530201343,0.020134228187919434,0.75,0.25
2026-05-29,2026-06-01,2026-07-01,38,BNO,USL,1.0,0.9932885906040269,0.006711409395973145,0.75,0.25
2026-05-29,2026-06-01,2026-07-01,39,COMT,PALL,0.9328859060402684,0.9194630872483222,0.01342281879194629,0.75,0.25
2026-05-29,2026-06-01,2026-07-01,40,COMT,IHI,0.9328859060402684,0.8187919463087249,0.11409395973154357,0.75,0.25
2026-05-29,2026-06-01,2026-07-01,41,BNO,USO,1.0,0.9731543624161074,0.02684563758389258,0.75,0.25
2026-05-29,2026-06-01,2026-07-01,42,GSG,DBO,0.9865771812080537,0.9664429530201343,0.020134228187919434,0.75,0.25
2026-05-29,2026-06-01,2026-07-01,43,USL,EZA,0.9932885906040269,0.9798657718120806,0.01342281879194629,0.75,0.25
2026-05-29,2026-06-01,2026-07-01,44,BNO,GSG,1.0,0.9865771812080537,0.01342281879194629,0.75,0.25
2026-05-29,2026-06-01,2026-07-01,45,USL,XLE,0.9932885906040269,0.9060402684563759,0.08724832214765099,0.75,0.25
2026-05-29,2026-06-01,2026-07-01,46,GSG,GDX,0.9865771812080537,0.9261744966442953,0.06040268456375841,0.75,0.25
2026-05-29,2026-06-01,2026-07-01,47,BNO,EZA,1.0,0.9798657718120806,0.020134228187919434,0.75,0.25
2026-05-29,2026-06-01,2026-07-01,48,USL,UNG,0.9932885906040269,0.959731543624161,0.033557046979865834,0.75,0.25
2026-05-29,2026-06-01,2026-07-01,49,BNO,COMT,1.0,0.9328859060402684,0.06711409395973156,0.75,0.25
2026-05-29,2026-06-01,2026-07-01,50,USO,GDX,0.9731543624161074,0.9261744966442953,0.046979865771812124,0.75,0.25
2026-05-29,2026-06-01,2026-07-01,51,USL,SOXX,0.9932885906040269,0.87248322147651,0.12080536912751683,1.0,0.0
2026-05-29,2026-06-01,2026-07-01,52,HACK,GDXJ,0.9530201342281879,0.9463087248322147,0.006711409395973145,0.75,0.25
2026-05-29,2026-06-01,2026-07-01,53,EZA,HACK,0.9798657718120806,0.9530201342281879,0.02684563758389269,0.75,0.25
2026-05-29,2026-06-01,2026-07-01,54,DBO,PPLT,0.9664429530201343,0.9395973154362416,0.02684563758389269,0.75,0.25
2026-05-29,2026-06-01,2026-07-01,55,DBO,COMT,0.9664429530201343,0.9328859060402684,0.033557046979865834,0.75,0.25
2026-05-29,2026-06-01,2026-07-01,56,DBO,HACK,0.9664429530201343,0.9530201342281879,0.0134228187919464,0.75,0.25
2026-05-29,2026-06-01,2026-07-01,57,GSG,DBO,0.9865771812080537,0.9664429530201343,0.020134228187919434,0.75,0.25
2026-05-29,2026-06-01,2026-07-01,58,EZA,USO,0.9798657718120806,0.9731543624161074,0.006711409395973145,0.75,0.25
2026-05-29,2026-06-01,2026-07-01,59,DBO,GDX,0.9664429530201343,0.9261744966442953,0.04026845637583898,0.75,0.25
2026-05-29,2026-06-01,2026-07-01,60,EZA,UNG,0.9798657718120806,0.959731543624161,0.020134228187919545,0.75,0.25
2026-05-29,2026-06-01,2026-07-01,61,BNO,HACK,1.0,0.9530201342281879,0.046979865771812124,0.75,0.25
2026-05-29,2026-06-01,2026-07-01,62,EZA,HACK,0.9798657718120806,0.9530201342281879,0.02684563758389269,0.75,0.25
2026-05-29,2026-06-01,2026-07-01,63,XLE,TUR,0.9060402684563759,0.8993288590604027,0.006711409395973145,0.75,0.25
2026-05-29,2026-06-01,2026-07-01,64,GSG,EZA,0.9865771812080537,0.9798657718120806,0.006711409395973145,0.75,0.25
2026-05-29,2026-06-01,2026-07-01,65,GSG,EWY,0.9865771812080537,0.8926174496644296,0.09395973154362414,0.75,0.25
2026-05-29,2026-06-01,2026-07-01,66,BNO,USL,1.0,0.9932885906040269,0.006711409395973145,0.75,0.25
2026-05-29,2026-06-01,2026-07-01,67,GSG,GDXJ,0.9865771812080537,0.9463087248322147,0.04026845637583898,0.75,0.25
2026-05-29,2026-06-01,2026-07-01,68,BNO,UNG,1.0,0.959731543624161,0.04026845637583898,0.75,0.25
2026-05-29,2026-06-01,2026-07-01,69,DBO,KWEB,0.9664429530201343,0.8657718120805369,0.10067114093959739,0.75,0.25
2026-05-29,2026-06-01,2026-07-01,70,GDXJ,XLE,0.9463087248322147,0.9060402684563759,0.04026845637583887,0.75,0.25
2026-05-29,2026-06-01,2026-07-01,71,EZA,PALL,0.9798657718120806,0.9194630872483222,0.06040268456375841,0.75,0.25
2026-05-29,2026-06-01,2026-07-01,72,GDXJ,PPLT,0.9463087248322147,0.9395973154362416,0.006711409395973145,0.75,0.25
2026-05-29,2026-06-01,2026-07-01,73,HACK,COMT,0.9530201342281879,0.9328859060402684,0.020134228187919434,0.75,0.25
2026-05-29,2026-06-01,2026-07-01,74,USL,GSG,0.9932885906040269,0.9865771812080537,0.006711409395973145,0.75,0.25
2026-05-29,2026-06-01,2026-07-01,75,EZA,PPLT,0.9798657718120806,0.9395973154362416,0.04026845637583898,0.75,0.25
2026-05-29,2026-06-01,2026-07-01,76,BNO,MTUM,1.0,0.8590604026845637,0.14093959731543626,1.0,0.0
2026-05-29,2026-06-01,2026-07-01,77,GSG,HACK,0.9865771812080537,0.9530201342281879,0.033557046979865834,0.75,0.25
2026-05-29,2026-06-01,2026-07-01,78,GSG,MTUM,0.9865771812080537,0.8590604026845637,0.12751677852348997,1.0,0.0
2026-05-29,2026-06-01,2026-07-01,79,BNO,EZA,1.0,0.9798657718120806,0.020134228187919434,0.75,0.25
2026-05-29,2026-06-01,2026-07-01,80,UNG,HACK,0.959731543624161,0.9530201342281879,0.006711409395973145,0.75,0.25
2026-05-29,2026-06-01,2026-07-01,81,BNO,EZA,1.0,0.9798657718120806,0.020134228187919434,0.75,0.25
2026-05-29,2026-06-01,2026-07-01,82,DBO,COMT,0.9664429530201343,0.9328859060402684,0.033557046979865834,0.75,0.25
2026-05-29,2026-06-01,2026-07-01,83,USO,UNG,0.9731543624161074,0.959731543624161,0.0134228187919464,0.75,0.25
2026-05-29,2026-06-01,2026-07-01,84,EZA,DBO,0.9798657718120806,0.9664429530201343,0.01342281879194629,0.75,0.25
2026-05-29,2026-06-01,2026-07-01,85,BNO,USL,1.0,0.9932885906040269,0.006711409395973145,0.75,0.25
2026-05-29,2026-06-01,2026-07-01,86,GSG,USO,0.9865771812080537,0.9731543624161074,0.01342281879194629,0.75,0.25
2026-05-29,2026-06-01,2026-07-01,87,USO,GDXJ,0.9731543624161074,0.9463087248322147,0.02684563758389269,0.75,0.25
2026-05-29,2026-06-01,2026-07-01,88,EZA,USO,0.9798657718120806,0.9731543624161074,0.006711409395973145,0.75,0.25
2026-05-29,2026-06-01,2026-07-01,89,PALL,EWY,0.9194630872483222,0.8926174496644296,0.02684563758389258,0.75,0.25
2026-05-29,2026-06-01,2026-07-01,90,GDX,URA,0.9261744966442953,0.8523489932885906,0.0738255033557047,0.75,0.25
2026-05-29,2026-06-01,2026-07-01,91,USO,COMT,0.9731543624161074,0.9328859060402684,0.04026845637583898,0.75,0.25
2026-05-29,2026-06-01,2026-07-01,92,USL,EWY,0.9932885906040269,0.8926174496644296,0.10067114093959728,0.75,0.25
2026-05-29,2026-06-01,2026-07-01,93,SOXX,DBC,0.87248322147651,0.825503355704698,0.04697986577181201,0.75,0.25
2026-05-29,2026-06-01,2026-07-01,94,GSG,PALL,0.9865771812080537,0.9194630872483222,0.06711409395973156,0.75,0.25
2026-05-29,2026-06-01,2026-07-01,95,USL,DBO,0.9932885906040269,0.9664429530201343,0.02684563758389258,0.75,0.25
2026-05-29,2026-06-01,2026-07-01,96,COMT,PALL,0.9328859060402684,0.9194630872483222,0.01342281879194629,0.75,0.25
2026-05-29,2026-06-01,2026-07-01,97,BNO,GSG,1.0,0.9865771812080537,0.01342281879194629,0.75,0.25
2026-05-29,2026-06-01,2026-07-01,98,BNO,GDX,1.0,0.9261744966442953,0.0738255033557047,0.75,0.25
2026-05-29,2026-06-01,2026-07-01,99,USO,EWN,0.9731543624161074,0.8456375838926175,0.12751677852348997,1.0,0.0
2026-05-29,2026-06-01,2026-07-01,100,EZA,DBO,0.9798657718120806,0.9664429530201343,0.01342281879194629,0.75,0.25
2026-05-29,2026-06-01,2026-07-01,101,USO,UNG,0.9731543624161074,0.959731543624161,0.0134228187919464,0.75,0.25
2026-05-29,2026-06-01,2026-07-01,102,GSG,COMT,0.9865771812080537,0.9328859060402684,0.05369127516778527,0.75,0.25
2026-05-29,2026-06-01,2026-07-01,103,GDXJ,PPLT,0.9463087248322147,0.9395973154362416,0.006711409395973145,0.75,0.25
2026-05-29,2026-06-01,2026-07-01,104,BNO,EZA,1.0,0.9798657718120806,0.020134228187919434,0.75,0.25
2026-05-29,2026-06-01,2026-07-01,105,DBO,HACK,0.9664429530201343,0.9530201342281879,0.0134228187919464,0.75,0.25
2026-05-29,2026-06-01,2026-07-01,106,BNO,GSG,1.0,0.9865771812080537,0.01342281879194629,0.75,0.25
2026-05-29,2026-06-01,2026-07-01,107,EZA,HACK,0.9798657718120806,0.9530201342281879,0.02684563758389269,0.75,0.25
2026-05-29,2026-06-01,2026-07-01,108,BNO,PALL,1.0,0.9194630872483222,0.08053691275167785,0.75,0.25
2026-05-29,2026-06-01,2026-07-01,109,GSG,EWZ,0.9865771812080537,0.912751677852349,0.0738255033557047,0.75,0.25
2026-05-29,2026-06-01,2026-07-01,110,PPLT,COMT,0.9395973154362416,0.9328859060402684,0.006711409395973145,0.75,0.25
2026-05-29,2026-06-01,2026-07-01,111,UNG,CPER,0.959731543624161,0.7718120805369127,0.18791946308724827,1.0,0.0
2026-05-29,2026-06-01,2026-07-01,112,USO,COMT,0.9731543624161074,0.9328859060402684,0.04026845637583898,0.75,0.25
2026-05-29,2026-06-01,2026-07-01,113,EWZ,IGV,0.912751677852349,0.8791946308724832,0.033557046979865834,0.75,0.25
2026-05-29,2026-06-01,2026-07-01,114,USL,TUR,0.9932885906040269,0.8993288590604027,0.09395973154362414,0.75,0.25
2026-05-29,2026-06-01,2026-07-01,115,BNO,USO,1.0,0.9731543624161074,0.02684563758389258,0.75,0.25
2026-05-29,2026-06-01,2026-07-01,116,GSG,EZA,0.9865771812080537,0.9798657718120806,0.006711409395973145,0.75,0.25
2026-05-29,2026-06-01,2026-07-01,117,USO,UNG,0.9731543624161074,0.959731543624161,0.0134228187919464,0.75,0.25
2026-05-29,2026-06-01,2026-07-01,118,USL,GSG,0.9932885906040269,0.9865771812080537,0.006711409395973145,0.75,0.25
2026-05-29,2026-06-01,2026-07-01,119,BNO,USL,1.0,0.9932885906040269,0.006711409395973145,0.75,0.25
2026-05-29,2026-06-01,2026-07-01,120,GSG,EZA,0.9865771812080537,0.9798657718120806,0.006711409395973145,0.75,0.25
2026-05-29,2026-06-01,2026-07-01,121,UNG,PALL,0.959731543624161,0.9194630872483222,0.04026845637583887,0.75,0.25
2026-05-29,2026-06-01,2026-07-01,122,DBO,HACK,0.9664429530201343,0.9530201342281879,0.0134228187919464,0.75,0.25
2026-05-29,2026-06-01,2026-07-01,123,DBO,TUR,0.9664429530201343,0.8993288590604027,0.06711409395973156,0.75,0.25
2026-05-29,2026-06-01,2026-07-01,124,USL,UNG,0.9932885906040269,0.959731543624161,0.033557046979865834,0.75,0.25
2026-05-29,2026-06-01,2026-07-01,125,BNO,GSG,1.0,0.9865771812080537,0.01342281879194629,0.75,0.25
2026-05-29,2026-06-01,2026-07-01,126,USL,GSG,0.9932885906040269,0.9865771812080537,0.006711409395973145,0.75,0.25
2026-05-29,2026-06-01,2026-07-01,127,EWY,URA,0.8926174496644296,0.8523489932885906,0.04026845637583898,0.75,0.25
2026-05-29,2026-06-01,2026-07-01,128,EZA,USO,0.9798657718120806,0.9731543624161074,0.006711409395973145,0.75,0.25
2026-05-29,2026-06-01,2026-07-01,129,BNO,PPLT,1.0,0.9395973154362416,0.06040268456375841,0.75,0.25
2026-05-29,2026-06-01,2026-07-01,130,USO,GDX,0.9731543624161074,0.9261744966442953,0.046979865771812124,0.75,0.25
2026-05-29,2026-06-01,2026-07-01,131,USO,DBO,0.9731543624161074,0.9664429530201343,0.006711409395973145,0.75,0.25
2026-05-29,2026-06-01,2026-07-01,132,DBO,XLE,0.9664429530201343,0.9060402684563759,0.06040268456375841,0.75,0.25
2026-05-29,2026-06-01,2026-07-01,133,DBO,TAN,0.9664429530201343,0.8859060402684564,0.08053691275167785,0.75,0.25
2026-05-29,2026-06-01,2026-07-01,134,BNO,EZA,1.0,0.9798657718120806,0.020134228187919434,0.75,0.25
2026-05-29,2026-06-01,2026-07-01,135,EZA,EWZ,0.9798657718120806,0.912751677852349,0.06711409395973156,0.75,0.25
2026-05-29,2026-06-01,2026-07-01,136,COMT,PALL,0.9328859060402684,0.9194630872483222,0.01342281879194629,0.75,0.25
2026-05-29,2026-06-01,2026-07-01,137,EZA,DBO,0.9798657718120806,0.9664429530201343,0.01342281879194629,0.75,0.25
2026-05-29,2026-06-01,2026-07-01,138,UNG,HACK,0.959731543624161,0.9530201342281879,0.006711409395973145,0.75,0.25
2026-05-29,2026-06-01,2026-07-01,139,USL,GSG,0.9932885906040269,0.9865771812080537,0.006711409395973145,0.75,0.25
2026-05-29,2026-06-01,2026-07-01,140,PALL,XLE,0.9194630872483222,0.9060402684563759,0.01342281879194629,0.75,0.25
2026-05-29,2026-06-01,2026-07-01,141,COMT,PALL,0.9328859060402684,0.9194630872483222,0.01342281879194629,0.75,0.25
2026-05-29,2026-06-01,2026-07-01,142,GDXJ,PPLT,0.9463087248322147,0.9395973154362416,0.006711409395973145,0.75,0.25
2026-05-29,2026-06-01,2026-07-01,143,EZA,PPLT,0.9798657718120806,0.9395973154362416,0.04026845637583898,0.75,0.25
2026-05-29,2026-06-01,2026-07-01,144,GSG,USO,0.9865771812080537,0.9731543624161074,0.01342281879194629,0.75,0.25
2026-05-29,2026-06-01,2026-07-01,145,USL,DBO,0.9932885906040269,0.9664429530201343,0.02684563758389258,0.75,0.25
2026-05-29,2026-06-01,2026-07-01,146,BNO,USL,1.0,0.9932885906040269,0.006711409395973145,0.75,0.25
2026-05-29,2026-06-01,2026-07-01,147,TUR,TAN,0.8993288590604027,0.8859060402684564,0.01342281879194629,0.75,0.25
2026-05-29,2026-06-01,2026-07-01,148,GDX,TAN,0.9261744966442953,0.8859060402684564,0.04026845637583887,0.75,0.25
2026-05-29,2026-06-01,2026-07-01,149,EZA,PPLT,0.9798657718120806,0.9395973154362416,0.04026845637583898,0.75,0.25
2026-05-29,2026-06-01,2026-07-01,150,USL,GSG,0.9932885906040269,0.9865771812080537,0.006711409395973145,0.75,0.25
2026-05-29,2026-06-01,2026-07-01,151,BNO,GSG,1.0,0.9865771812080537,0.01342281879194629,0.75,0.25
2026-05-29,2026-06-01,2026-07-01,152,GDXJ,TUR,0.9463087248322147,0.8993288590604027,0.04697986577181201,0.75,0.25
2026-05-29,2026-06-01,2026-07-01,153,DBO,HACK,0.9664429530201343,0.9530201342281879,0.0134228187919464,0.75,0.25
2026-05-29,2026-06-01,2026-07-01,154,HACK,PALL,0.9530201342281879,0.9194630872483222,0.03355704697986572,0.75,0.25
2026-05-29,2026-06-01,2026-07-01,155,COMT,EWY,0.9328859060402684,0.8926174496644296,0.04026845637583887,0.75,0.25
2026-05-29,2026-06-01,2026-07-01,156,USL,EZA,0.9932885906040269,0.9798657718120806,0.01342281879194629,0.75,0.25
2026-05-29,2026-06-01,2026-07-01,157,USL,IGV,0.9932885906040269,0.8791946308724832,0.11409395973154368,0.75,0.25
2026-05-29,2026-06-01,2026-07-01,158,UNG,HACK,0.959731543624161,0.9530201342281879,0.006711409395973145,0.75,0.25
2026-05-29,2026-06-01,2026-07-01,159,UNG,HACK,0.959731543624161,0.9530201342281879,0.006711409395973145,0.75,0.25
2026-05-29,2026-06-01,2026-07-01,160,USL,GDXJ,0.9932885906040269,0.9463087248322147,0.046979865771812124,0.75,0.25
2026-05-29,2026-06-01,2026-07-01,161,GDXJ,IGV,0.9463087248322147,0.8791946308724832,0.06711409395973156,0.75,0.25
2026-05-29,2026-06-01,2026-07-01,162,USL,HACK,0.9932885906040269,0.9530201342281879,0.04026845637583898,0.75,0.25
2026-05-29,2026-06-01,2026-07-01,163,BNO,DBO,1.0,0.9664429530201343,0.03355704697986572,0.75,0.25
2026-05-29,2026-06-01,2026-07-01,164,GSG,PPLT,0.9865771812080537,0.9395973154362416,0.046979865771812124,0.75,0.25
2026-05-29,2026-06-01,2026-07-01,165,BNO,GSG,1.0,0.9865771812080537,0.01342281879194629,0.75,0.25
2026-05-29,2026-06-01,2026-07-01,166,USL,USO,0.9932885906040269,0.9731543624161074,0.020134228187919434,0.75,0.25
2026-05-29,2026-06-01,2026-07-01,167,HACK,EWY,0.9530201342281879,0.8926174496644296,0.0604026845637583,0.75,0.25
2026-05-29,2026-06-01,2026-07-01,168,GSG,DBO,0.9865771812080537,0.9664429530201343,0.020134228187919434,0.75,0.25
2026-05-29,2026-06-01,2026-07-01,169,PALL,URA,0.9194630872483222,0.8523489932885906,0.06711409395973156,0.75,0.25
2026-05-29,2026-06-01,2026-07-01,170,USL,GDXJ,0.9932885906040269,0.9463087248322147,0.046979865771812124,0.75,0.25
2026-05-29,2026-06-01,2026-07-01,171,XLE,TUR,0.9060402684563759,0.8993288590604027,0.006711409395973145,0.75,0.25
2026-05-29,2026-06-01,2026-07-01,172,USL,TUR,0.9932885906040269,0.8993288590604027,0.09395973154362414,0.75,0.25
2026-05-29,2026-06-01,2026-07-01,173,USO,EWY,0.9731543624161074,0.8926174496644296,0.08053691275167785,0.75,0.25
2026-05-29,2026-06-01,2026-07-01,174,HACK,DBC,0.9530201342281879,0.825503355704698,0.12751677852348986,1.0,0.0
2026-05-29,2026-06-01,2026-07-01,175,GDXJ,PPLT,0.9463087248322147,0.9395973154362416,0.006711409395973145,0.75,0.25
2026-05-29,2026-06-01,2026-07-01,176,GDXJ,COMT,0.9463087248322147,0.9328859060402684,0.01342281879194629,0.75,0.25
2026-05-29,2026-06-01,2026-07-01,177,USL,TUR,0.9932885906040269,0.8993288590604027,0.09395973154362414,0.75,0.25
2026-05-29,2026-06-01,2026-07-01,178,SOXX,MTUM,0.87248322147651,0.8590604026845637,0.01342281879194629,0.75,0.25
2026-05-29,2026-06-01,2026-07-01,179,BNO,PPLT,1.0,0.9395973154362416,0.06040268456375841,0.75,0.25
2026-05-29,2026-06-01,2026-07-01,180,DBO,XLE,0.9664429530201343,0.9060402684563759,0.06040268456375841,0.75,0.25
2026-05-29,2026-06-01,2026-07-01,181,GSG,EZA,0.9865771812080537,0.9798657718120806,0.006711409395973145,0.75,0.25
2026-05-29,2026-06-01,2026-07-01,182,EZA,USO,0.9798657718120806,0.9731543624161074,0.006711409395973145,0.75,0.25
2026-05-29,2026-06-01,2026-07-01,183,EZA,UNG,0.9798657718120806,0.959731543624161,0.020134228187919545,0.75,0.25
2026-05-29,2026-06-01,2026-07-01,184,USO,UNG,0.9731543624161074,0.959731543624161,0.0134228187919464,0.75,0.25
2026-05-29,2026-06-01,2026-07-01,185,EZA,USO,0.9798657718120806,0.9731543624161074,0.006711409395973145,0.75,0.25
2026-05-29,2026-06-01,2026-07-01,186,PPLT,COMT,0.9395973154362416,0.9328859060402684,0.006711409395973145,0.75,0.25
2026-05-29,2026-06-01,2026-07-01,187,GSG,GDXJ,0.9865771812080537,0.9463087248322147,0.04026845637583898,0.75,0.25
2026-05-29,2026-06-01,2026-07-01,188,EZA,COMT,0.9798657718120806,0.9328859060402684,0.046979865771812124,0.75,0.25
2026-05-29,2026-06-01,2026-07-01,189,EZA,HACK,0.9798657718120806,0.9530201342281879,0.02684563758389269,0.75,0.25
2026-05-29,2026-06-01,2026-07-01,190,PALL,TUR,0.9194630872483222,0.8993288590604027,0.020134228187919434,0.75,0.25
2026-05-29,2026-06-01,2026-07-01,191,GSG,EZA,0.9865771812080537,0.9798657718120806,0.006711409395973145,0.75,0.25
2026-05-29,2026-06-01,2026-07-01,192,PPLT,IGV,0.9395973154362416,0.8791946308724832,0.06040268456375841,0.75,0.25
2026-05-29,2026-06-01,2026-07-01,193,USL,UNG,0.9932885906040269,0.959731543624161,0.033557046979865834,0.75,0.25
2026-05-29,2026-06-01,2026-07-01,194,BNO,USL,1.0,0.9932885906040269,0.006711409395973145,0.75,0.25
2026-05-29,2026-06-01,2026-07-01,195,COMT,EWY,0.9328859060402684,0.8926174496644296,0.04026845637583887,0.75,0.25
2026-05-29,2026-06-01,2026-07-01,196,UNG,EWY,0.959731543624161,0.8926174496644296,0.06711409395973145,0.75,0.25
2026-05-29,2026-06-01,2026-07-01,197,BNO,USO,1.0,0.9731543624161074,0.02684563758389258,0.75,0.25
2026-05-29,2026-06-01,2026-07-01,198,EZA,GDX,0.9798657718120806,0.9261744966442953,0.05369127516778527,0.75,0.25
2026-05-29,2026-06-01,2026-07-01,199,EZA,DBO,0.9798657718120806,0.9664429530201343,0.01342281879194629,0.75,0.25
2026-05-29,2026-06-01,2026-07-01,200,GDXJ,IGV,0.9463087248322147,0.8791946308724832,0.06711409395973156,0.75,0.25
2026-05-29,2026-06-01,2026-07-01,201,UNG,TAN,0.959731543624161,0.8859060402684564,0.07382550335570459,0.75,0.25
2026-05-29,2026-06-01,2026-07-01,202,BNO,XLE,1.0,0.9060402684563759,0.09395973154362414,0.75,0.25
2026-05-29,2026-06-01,2026-07-01,203,GSG,UNG,0.9865771812080537,0.959731543624161,0.02684563758389269,0.75,0.25
2026-05-29,2026-06-01,2026-07-01,204,UNG,HACK,0.959731543624161,0.9530201342281879,0.006711409395973145,0.75,0.25
2026-05-29,2026-06-01,2026-07-01,205,DBO,HACK,0.9664429530201343,0.9530201342281879,0.0134228187919464,0.75,0.25
2026-05-29,2026-06-01,2026-07-01,206,GDXJ,PPLT,0.9463087248322147,0.9395973154362416,0.006711409395973145,0.75,0.25
2026-05-29,2026-06-01,2026-07-01,207,USL,USO,0.9932885906040269,0.9731543624161074,0.020134228187919434,0.75,0.25
2026-05-29,2026-06-01,2026-07-01,208,USO,GDXJ,0.9731543624161074,0.9463087248322147,0.02684563758389269,0.75,0.25
2026-05-29,2026-06-01,2026-07-01,209,USO,DBO,0.9731543624161074,0.9664429530201343,0.006711409395973145,0.75,0.25
2026-05-29,2026-06-01,2026-07-01,210,USO,GDX,0.9731543624161074,0.9261744966442953,0.046979865771812124,0.75,0.25
2026-05-29,2026-06-01,2026-07-01,211,USL,TUR,0.9932885906040269,0.8993288590604027,0.09395973154362414,0.75,0.25
2026-05-29,2026-06-01,2026-07-01,212,USL,EWZ,0.9932885906040269,0.912751677852349,0.08053691275167785,0.75,0.25
2026-05-29,2026-06-01,2026-07-01,213,DBO,GDX,0.9664429530201343,0.9261744966442953,0.04026845637583898,0.75,0.25
2026-05-29,2026-06-01,2026-07-01,214,GDXJ,SOXX,0.9463087248322147,0.87248322147651,0.0738255033557047,0.75,0.25
2026-05-29,2026-06-01,2026-07-01,215,USO,UNG,0.9731543624161074,0.959731543624161,0.0134228187919464,0.75,0.25
2026-05-29,2026-06-01,2026-07-01,216,GSG,PPLT,0.9865771812080537,0.9395973154362416,0.046979865771812124,0.75,0.25
2026-05-29,2026-06-01,2026-07-01,217,UNG,MTUM,0.959731543624161,0.8590604026845637,0.10067114093959728,0.75,0.25
2026-05-29,2026-06-01,2026-07-01,218,GSG,GDXJ,0.9865771812080537,0.9463087248322147,0.04026845637583898,0.75,0.25
2026-05-29,2026-06-01,2026-07-01,219,USO,PALL,0.9731543624161074,0.9194630872483222,0.05369127516778527,0.75,0.25
2026-05-29,2026-06-01,2026-07-01,220,DBO,GDX,0.9664429530201343,0.9261744966442953,0.04026845637583898,0.75,0.25
2026-05-29,2026-06-01,2026-07-01,221,USL,DBO,0.9932885906040269,0.9664429530201343,0.02684563758389258,0.75,0.25
2026-05-29,2026-06-01,2026-07-01,222,EZA,PALL,0.9798657718120806,0.9194630872483222,0.06040268456375841,0.75,0.25
2026-05-29,2026-06-01,2026-07-01,223,USL,COMT,0.9932885906040269,0.9328859060402684,0.06040268456375841,0.75,0.25
2026-05-29,2026-06-01,2026-07-01,224,UNG,PPLT,0.959731543624161,0.9395973154362416,0.020134228187919434,0.75,0.25
2026-05-29,2026-06-01,2026-07-01,225,BNO,KWEB,1.0,0.8657718120805369,0.13422818791946312,1.0,0.0
2026-05-29,2026-06-01,2026-07-01,226,PPLT,COMT,0.9395973154362416,0.9328859060402684,0.006711409395973145,0.75,0.25
2026-05-29,2026-06-01,2026-07-01,227,BNO,EWK,1.0,0.8389261744966443,0.1610738255033557,1.0,0.0
2026-05-29,2026-06-01,2026-07-01,228,GSG,DBO,0.9865771812080537,0.9664429530201343,0.020134228187919434,0.75,0.25
2026-05-29,2026-06-01,2026-07-01,229,COMT,XLE,0.9328859060402684,0.9060402684563759,0.02684563758389258,0.75,0.25
2026-05-29,2026-06-01,2026-07-01,230,UNG,PPLT,0.959731543624161,0.9395973154362416,0.020134228187919434,0.75,0.25
2026-05-29,2026-06-01,2026-07-01,231,GSG,UNG,0.9865771812080537,0.959731543624161,0.02684563758389269,0.75,0.25
2026-05-29,2026-06-01,2026-07-01,232,PPLT,COMT,0.9395973154362416,0.9328859060402684,0.006711409395973145,0.75,0.25
2026-05-29,2026-06-01,2026-07-01,233,BNO,UNG,1.0,0.959731543624161,0.04026845637583898,0.75,0.25
2026-05-29,2026-06-01,2026-07-01,234,USO,COMT,0.9731543624161074,0.9328859060402684,0.04026845637583898,0.75,0.25
2026-05-29,2026-06-01,2026-07-01,235,EZA,PPLT,0.9798657718120806,0.9395973154362416,0.04026845637583898,0.75,0.25
2026-05-29,2026-06-01,2026-07-01,236,USL,UNG,0.9932885906040269,0.959731543624161,0.033557046979865834,0.75,0.25
2026-05-29,2026-06-01,2026-07-01,237,EZA,GDX,0.9798657718120806,0.9261744966442953,0.05369127516778527,0.75,0.25
2026-05-29,2026-06-01,2026-07-01,238,UNG,GDXJ,0.959731543624161,0.9463087248322147,0.01342281879194629,0.75,0.25
2026-05-29,2026-06-01,2026-07-01,239,USL,USO,0.9932885906040269,0.9731543624161074,0.020134228187919434,0.75,0.25
2026-05-29,2026-06-01,2026-07-01,240,USL,GSG,0.9932885906040269,0.9865771812080537,0.006711409395973145,0.75,0.25
2026-05-29,2026-06-01,2026-07-01,241,IGV,SOXX,0.8791946308724832,0.87248322147651,0.006711409395973145,0.75,0.25
2026-05-29,2026-06-01,2026-07-01,242,PPLT,GDX,0.9395973154362416,0.9261744966442953,0.01342281879194629,0.75,0.25
2026-05-29,2026-06-01,2026-07-01,243,XLE,TAN,0.9060402684563759,0.8859060402684564,0.020134228187919434,0.75,0.25
2026-05-29,2026-06-01,2026-07-01,244,UNG,HACK,0.959731543624161,0.9530201342281879,0.006711409395973145,0.75,0.25
2026-05-29,2026-06-01,2026-07-01,245,DBO,COMT,0.9664429530201343,0.9328859060402684,0.033557046979865834,0.75,0.25
2026-05-29,2026-06-01,2026-07-01,246,UNG,KWEB,0.959731543624161,0.8657718120805369,0.09395973154362414,0.75,0.25
2026-05-29,2026-06-01,2026-07-01,247,USO,GDXJ,0.9731543624161074,0.9463087248322147,0.02684563758389269,0.75,0.25
2026-05-29,2026-06-01,2026-07-01,248,BNO,USL,1.0,0.9932885906040269,0.006711409395973145,0.75,0.25
2026-05-29,2026-06-01,2026-07-01,249,GSG,DBO,0.9865771812080537,0.9664429530201343,0.020134228187919434,0.75,0.25
2026-05-29,2026-06-01,2026-07-01,250,HACK,GDX,0.9530201342281879,0.9261744966442953,0.02684563758389258,0.75,0.25
2026-05-29,2026-06-01,2026-07-01,251,EZA,HACK,0.9798657718120806,0.9530201342281879,0.02684563758389269,0.75,0.25
2026-05-29,2026-06-01,2026-07-01,252,USL,SMH,0.9932885906040269,0.8322147651006712,0.1610738255033557,1.0,0.0
2026-05-29,2026-06-01,2026-07-01,253,GSG,COMT,0.9865771812080537,0.9328859060402684,0.05369127516778527,0.75,0.25
2026-05-29,2026-06-01,2026-07-01,254,GSG,USO,0.9865771812080537,0.9731543624161074,0.01342281879194629,0.75,0.25
2026-05-29,2026-06-01,2026-07-01,255,EZA,USO,0.9798657718120806,0.9731543624161074,0.006711409395973145,0.75,0.25
2026-05-29,2026-06-01,2026-07-01,256,BNO,PPLT,1.0,0.9395973154362416,0.06040268456375841,0.75,0.25
2026-05-29,2026-06-01,2026-07-01,257,USL,UNG,0.9932885906040269,0.959731543624161,0.033557046979865834,0.75,0.25
2026-05-29,2026-06-01,2026-07-01,258,GSG,USO,0.9865771812080537,0.9731543624161074,0.01342281879194629,0.75,0.25
2026-05-29,2026-06-01,2026-07-01,259,USL,GSG,0.9932885906040269,0.9865771812080537,0.006711409395973145,0.75,0.25
2026-05-29,2026-06-01,2026-07-01,260,PALL,TUR,0.9194630872483222,0.8993288590604027,0.020134228187919434,0.75,0.25
2026-05-29,2026-06-01,2026-07-01,261,COMT,THD,0.9328859060402684,0.785234899328859,0.1476510067114094,1.0,0.0
2026-05-29,2026-06-01,2026-07-01,262,DBO,GDXJ,0.9664429530201343,0.9463087248322147,0.020134228187919545,0.75,0.25
2026-05-29,2026-06-01,2026-07-01,263,COMT,EWZ,0.9328859060402684,0.912751677852349,0.020134228187919434,0.75,0.25
2026-05-29,2026-06-01,2026-07-01,264,BNO,USL,1.0,0.9932885906040269,0.006711409395973145,0.75,0.25
2026-05-29,2026-06-01,2026-07-01,265,GSG,EZA,0.9865771812080537,0.9798657718120806,0.006711409395973145,0.75,0.25
2026-05-29,2026-06-01,2026-07-01,266,GSG,DBO,0.9865771812080537,0.9664429530201343,0.020134228187919434,0.75,0.25
2026-05-29,2026-06-01,2026-07-01,267,COMT,MTUM,0.9328859060402684,0.8590604026845637,0.0738255033557047,0.75,0.25
2026-05-29,2026-06-01,2026-07-01,268,BNO,PPLT,1.0,0.9395973154362416,0.06040268456375841,0.75,0.25
2026-05-29,2026-06-01,2026-07-01,269,BNO,GSG,1.0,0.9865771812080537,0.01342281879194629,0.75,0.25
2026-05-29,2026-06-01,2026-07-01,270,USL,USO,0.9932885906040269,0.9731543624161074,0.020134228187919434,0.75,0.25
2026-05-29,2026-06-01,2026-07-01,271,USO,UNG,0.9731543624161074,0.959731543624161,0.0134228187919464,0.75,0.25
2026-05-29,2026-06-01,2026-07-01,272,USO,UNG,0.9731543624161074,0.959731543624161,0.0134228187919464,0.75,0.25
2026-05-29,2026-06-01,2026-07-01,273,UNG,HACK,0.959731543624161,0.9530201342281879,0.006711409395973145,0.75,0.25
2026-05-29,2026-06-01,2026-07-01,274,GDX,MTUM,0.9261744966442953,0.8590604026845637,0.06711409395973156,0.75,0.25
2026-05-29,2026-06-01,2026-07-01,275,BNO,EZA,1.0,0.9798657718120806,0.020134228187919434,0.75,0.25
2026-05-29,2026-06-01,2026-07-01,276,BNO,HACK,1.0,0.9530201342281879,0.046979865771812124,0.75,0.25
2026-05-29,2026-06-01,2026-07-01,277,UNG,HACK,0.959731543624161,0.9530201342281879,0.006711409395973145,0.75,0.25
2026-05-29,2026-06-01,2026-07-01,278,USO,PPLT,0.9731543624161074,0.9395973154362416,0.033557046979865834,0.75,0.25
2026-05-29,2026-06-01,2026-07-01,279,GSG,USO,0.9865771812080537,0.9731543624161074,0.01342281879194629,0.75,0.25
2026-05-29,2026-06-01,2026-07-01,280,DBO,HACK,0.9664429530201343,0.9530201342281879,0.0134228187919464,0.75,0.25
2026-05-29,2026-06-01,2026-07-01,281,USL,USO,0.9932885906040269,0.9731543624161074,0.020134228187919434,0.75,0.25
2026-05-29,2026-06-01,2026-07-01,282,GSG,HACK,0.9865771812080537,0.9530201342281879,0.033557046979865834,0.75,0.25
2026-05-29,2026-06-01,2026-07-01,283,GSG,UNG,0.9865771812080537,0.959731543624161,0.02684563758389269,0.75,0.25
2026-05-29,2026-06-01,2026-07-01,284,EZA,USO,0.9798657718120806,0.9731543624161074,0.006711409395973145,0.75,0.25
2026-05-29,2026-06-01,2026-07-01,285,USO,DBO,0.9731543624161074,0.9664429530201343,0.006711409395973145,0.75,0.25
2026-05-29,2026-06-01,2026-07-01,286,DBO,UNG,0.9664429530201343,0.959731543624161,0.006711409395973256,0.75,0.25
2026-05-29,2026-06-01,2026-07-01,287,PPLT,TAN,0.9395973154362416,0.8859060402684564,0.05369127516778516,0.75,0.25
2026-05-29,2026-06-01,2026-07-01,288,DBO,GDXJ,0.9664429530201343,0.9463087248322147,0.020134228187919545,0.75,0.25
2026-05-29,2026-06-01,2026-07-01,289,BNO,EWZ,1.0,0.912751677852349,0.08724832214765099,0.75,0.25
2026-05-29,2026-06-01,2026-07-01,290,UNG,IGV,0.959731543624161,0.8791946308724832,0.08053691275167785,0.75,0.25
2026-05-29,2026-06-01,2026-07-01,291,GSG,USO,0.9865771812080537,0.9731543624161074,0.01342281879194629,0.75,0.25
2026-05-29,2026-06-01,2026-07-01,292,BNO,GDXJ,1.0,0.9463087248322147,0.05369127516778527,0.75,0.25
2026-05-29,2026-06-01,2026-07-01,293,USL,DBO,0.9932885906040269,0.9664429530201343,0.02684563758389258,0.75,0.25
2026-05-29,2026-06-01,2026-07-01,294,GSG,URA,0.9865771812080537,0.8523489932885906,0.13422818791946312,1.0,0.0
2026-05-29,2026-06-01,2026-07-01,295,HACK,GDXJ,0.9530201342281879,0.9463087248322147,0.006711409395973145,0.75,0.25
2026-05-29,2026-06-01,2026-07-01,296,GSG,EZA,0.9865771812080537,0.9798657718120806,0.006711409395973145,0.75,0.25
2026-05-29,2026-06-01,2026-07-01,297,GSG,EZA,0.9865771812080537,0.9798657718120806,0.006711409395973145,0.75,0.25
2026-05-29,2026-06-01,2026-07-01,298,GSG,GDXJ,0.9865771812080537,0.9463087248322147,0.04026845637583898,0.75,0.25
2026-05-29,2026-06-01,2026-07-01,299,EZA,DBO,0.9798657718120806,0.9664429530201343,0.01342281879194629,0.75,0.25
2026-05-29,2026-06-01,2026-07-01,300,BNO,PPLT,1.0,0.9395973154362416,0.06040268456375841,0.75,0.25
2026-05-29,2026-06-01,2026-07-01,301,GDX,EWZ,0.9261744966442953,0.912751677852349,0.01342281879194629,0.75,0.25
2026-05-29,2026-06-01,2026-07-01,302,USO,URA,0.9731543624161074,0.8523489932885906,0.12080536912751683,1.0,0.0
2026-05-29,2026-06-01,2026-07-01,303,DBO,PPLT,0.9664429530201343,0.9395973154362416,0.02684563758389269,0.75,0.25
2026-05-29,2026-06-01,2026-07-01,304,COMT,GDX,0.9328859060402684,0.9261744966442953,0.006711409395973145,0.75,0.25
2026-05-29,2026-06-01,2026-07-01,305,PALL,TUR,0.9194630872483222,0.8993288590604027,0.020134228187919434,0.75,0.25
2026-05-29,2026-06-01,2026-07-01,306,GSG,UNG,0.9865771812080537,0.959731543624161,0.02684563758389269,0.75,0.25
2026-05-29,2026-06-01,2026-07-01,307,BNO,TAN,1.0,0.8859060402684564,0.11409395973154357,0.75,0.25
2026-05-29,2026-06-01,2026-07-01,308,GDXJ,PALL,0.9463087248322147,0.9194630872483222,0.02684563758389258,0.75,0.25
2026-05-29,2026-06-01,2026-07-01,309,USO,HACK,0.9731543624161074,0.9530201342281879,0.020134228187919545,0.75,0.25
2026-05-29,2026-06-01,2026-07-01,310,XLE,EWN,0.9060402684563759,0.8456375838926175,0.06040268456375841,0.75,0.25
2026-05-29,2026-06-01,2026-07-01,311,USO,PPLT,0.9731543624161074,0.9395973154362416,0.033557046979865834,0.75,0.25
2026-05-29,2026-06-01,2026-07-01,312,BNO,USL,1.0,0.9932885906040269,0.006711409395973145,0.75,0.25
2026-05-29,2026-06-01,2026-07-01,313,GDX,XLE,0.9261744966442953,0.9060402684563759,0.020134228187919434,0.75,0.25
2026-05-29,2026-06-01,2026-07-01,314,EZA,USO,0.9798657718120806,0.9731543624161074,0.006711409395973145,0.75,0.25
2026-05-29,2026-06-01,2026-07-01,315,EZA,UNG,0.9798657718120806,0.959731543624161,0.020134228187919545,0.75,0.25
2026-05-29,2026-06-01,2026-07-01,316,USL,PPLT,0.9932885906040269,0.9395973154362416,0.05369127516778527,0.75,0.25
2026-05-29,2026-06-01,2026-07-01,317,UNG,GDXJ,0.959731543624161,0.9463087248322147,0.01342281879194629,0.75,0.25
2026-05-29,2026-06-01,2026-07-01,318,COMT,EWZ,0.9328859060402684,0.912751677852349,0.020134228187919434,0.75,0.25
2026-05-29,2026-06-01,2026-07-01,319,DBO,GDX,0.9664429530201343,0.9261744966442953,0.04026845637583898,0.75,0.25
2026-05-29,2026-06-01,2026-07-01,320,USL,DBO,0.9932885906040269,0.9664429530201343,0.02684563758389258,0.75,0.25
2026-05-29,2026-06-01,2026-07-01,321,GDXJ,SOXX,0.9463087248322147,0.87248322147651,0.0738255033557047,0.75,0.25
2026-05-29,2026-06-01,2026-07-01,322,BNO,USL,1.0,0.9932885906040269,0.006711409395973145,0.75,0.25
2026-05-29,2026-06-01,2026-07-01,323,GSG,COMT,0.9865771812080537,0.9328859060402684,0.05369127516778527,0.75,0.25
2026-05-29,2026-06-01,2026-07-01,324,DBO,IGV,0.9664429530201343,0.8791946308724832,0.0872483221476511,0.75,0.25
2026-05-29,2026-06-01,2026-07-01,325,TAN,KWEB,0.8859060402684564,0.8657718120805369,0.020134228187919545,0.75,0.25
2026-05-29,2026-06-01,2026-07-01,326,GSG,DBO,0.9865771812080537,0.9664429530201343,0.020134228187919434,0.75,0.25
2026-05-29,2026-06-01,2026-07-01,327,GDX,TAN,0.9261744966442953,0.8859060402684564,0.04026845637583887,0.75,0.25
2026-05-29,2026-06-01,2026-07-01,328,USL,USO,0.9932885906040269,0.9731543624161074,0.020134228187919434,0.75,0.25
2026-05-29,2026-06-01,2026-07-01,329,EZA,DBO,0.9798657718120806,0.9664429530201343,0.01342281879194629,0.75,0.25
2026-05-29,2026-06-01,2026-07-01,330,BNO,IGV,1.0,0.8791946308724832,0.12080536912751683,1.0,0.0
2026-05-29,2026-06-01,2026-07-01,331,USO,TAN,0.9731543624161074,0.8859060402684564,0.08724832214765099,0.75,0.25
2026-05-29,2026-06-01,2026-07-01,332,BNO,EZA,1.0,0.9798657718120806,0.020134228187919434,0.75,0.25
2026-05-29,2026-06-01,2026-07-01,333,DBO,PALL,0.9664429530201343,0.9194630872483222,0.046979865771812124,0.75,0.25
2026-05-29,2026-06-01,2026-07-01,334,USO,PALL,0.9731543624161074,0.9194630872483222,0.05369127516778527,0.75,0.25
2026-05-29,2026-06-01,2026-07-01,335,BNO,EZA,1.0,0.9798657718120806,0.020134228187919434,0.75,0.25
2026-05-29,2026-06-01,2026-07-01,336,USL,GDXJ,0.9932885906040269,0.9463087248322147,0.046979865771812124,0.75,0.25
2026-05-29,2026-06-01,2026-07-01,337,PPLT,COMT,0.9395973154362416,0.9328859060402684,0.006711409395973145,0.75,0.25
2026-05-29,2026-06-01,2026-07-01,338,USL,COMT,0.9932885906040269,0.9328859060402684,0.06040268456375841,0.75,0.25
2026-05-29,2026-06-01,2026-07-01,339,DBO,HACK,0.9664429530201343,0.9530201342281879,0.0134228187919464,0.75,0.25
2026-05-29,2026-06-01,2026-07-01,340,BNO,GDX,1.0,0.9261744966442953,0.0738255033557047,0.75,0.25
2026-05-29,2026-06-01,2026-07-01,341,USL,PPLT,0.9932885906040269,0.9395973154362416,0.05369127516778527,0.75,0.25
2026-05-29,2026-06-01,2026-07-01,342,USL,DBO,0.9932885906040269,0.9664429530201343,0.02684563758389258,0.75,0.25
2026-05-29,2026-06-01,2026-07-01,343,GSG,TAN,0.9865771812080537,0.8859060402684564,0.10067114093959728,0.75,0.25
2026-05-29,2026-06-01,2026-07-01,344,HACK,PALL,0.9530201342281879,0.9194630872483222,0.03355704697986572,0.75,0.25
2026-05-29,2026-06-01,2026-07-01,345,DBO,COMT,0.9664429530201343,0.9328859060402684,0.033557046979865834,0.75,0.25
2026-05-29,2026-06-01,2026-07-01,346,DBO,HACK,0.9664429530201343,0.9530201342281879,0.0134228187919464,0.75,0.25
2026-05-29,2026-06-01,2026-07-01,347,USL,GDXJ,0.9932885906040269,0.9463087248322147,0.046979865771812124,0.75,0.25
2026-05-29,2026-06-01,2026-07-01,348,GSG,GDXJ,0.9865771812080537,0.9463087248322147,0.04026845637583898,0.75,0.25
2026-05-29,2026-06-01,2026-07-01,349,USL,UNG,0.9932885906040269,0.959731543624161,0.033557046979865834,0.75,0.25
2026-05-29,2026-06-01,2026-07-01,350,UNG,HACK,0.959731543624161,0.9530201342281879,0.006711409395973145,0.75,0.25
2026-05-29,2026-06-01,2026-07-01,351,UNG,GDXJ,0.959731543624161,0.9463087248322147,0.01342281879194629,0.75,0.25
2026-05-29,2026-06-01,2026-07-01,352,GSG,DBO,0.9865771812080537,0.9664429530201343,0.020134228187919434,0.75,0.25
2026-05-29,2026-06-01,2026-07-01,353,UNG,PPLT,0.959731543624161,0.9395973154362416,0.020134228187919434,0.75,0.25
2026-05-29,2026-06-01,2026-07-01,354,GDXJ,PPLT,0.9463087248322147,0.9395973154362416,0.006711409395973145,0.75,0.25
2026-05-29,2026-06-01,2026-07-01,355,USL,COMT,0.9932885906040269,0.9328859060402684,0.06040268456375841,0.75,0.25
2026-05-29,2026-06-01,2026-07-01,356,GDXJ,EWY,0.9463087248322147,0.8926174496644296,0.05369127516778516,0.75,0.25
2026-05-29,2026-06-01,2026-07-01,357,GSG,COMT,0.9865771812080537,0.9328859060402684,0.05369127516778527,0.75,0.25
2026-05-29,2026-06-01,2026-07-01,358,GSG,COMT,0.9865771812080537,0.9328859060402684,0.05369127516778527,0.75,0.25
2026-05-29,2026-06-01,2026-07-01,359,GSG,EWY,0.9865771812080537,0.8926174496644296,0.09395973154362414,0.75,0.25
2026-05-29,2026-06-01,2026-07-01,360,GDXJ,COMT,0.9463087248322147,0.9328859060402684,0.01342281879194629,0.75,0.25
2026-05-29,2026-06-01,2026-07-01,361,EZA,HACK,0.9798657718120806,0.9530201342281879,0.02684563758389269,0.75,0.25
2026-05-29,2026-06-01,2026-07-01,362,USL,URA,0.9932885906040269,0.8523489932885906,0.14093959731543626,1.0,0.0
2026-05-29,2026-06-01,2026-07-01,363,PPLT,GDX,0.9395973154362416,0.9261744966442953,0.01342281879194629,0.75,0.25
2026-05-29,2026-06-01,2026-07-01,364,USO,GDX,0.9731543624161074,0.9261744966442953,0.046979865771812124,0.75,0.25
2026-05-29,2026-06-01,2026-07-01,365,USL,HACK,0.9932885906040269,0.9530201342281879,0.04026845637583898,0.75,0.25
2026-05-29,2026-06-01,2026-07-01,366,DBO,UNG,0.9664429530201343,0.959731543624161,0.006711409395973256,0.75,0.25
2026-05-29,2026-06-01,2026-07-01,367,TUR,DBC,0.8993288590604027,0.825503355704698,0.0738255033557047,0.75,0.25
2026-05-29,2026-06-01,2026-07-01,368,BNO,TUR,1.0,0.8993288590604027,0.10067114093959728,0.75,0.25
2026-05-29,2026-06-01,2026-07-01,369,USO,TUR,0.9731543624161074,0.8993288590604027,0.0738255033557047,0.75,0.25
2026-05-29,2026-06-01,2026-07-01,370,DBO,TUR,0.9664429530201343,0.8993288590604027,0.06711409395973156,0.75,0.25
2026-05-29,2026-06-01,2026-07-01,371,USL,PPLT,0.9932885906040269,0.9395973154362416,0.05369127516778527,0.75,0.25
2026-05-29,2026-06-01,2026-07-01,372,DBO,GDXJ,0.9664429530201343,0.9463087248322147,0.020134228187919545,0.75,0.25
2026-05-29,2026-06-01,2026-07-01,373,EZA,HACK,0.9798657718120806,0.9530201342281879,0.02684563758389269,0.75,0.25
2026-05-29,2026-06-01,2026-07-01,374,UNG,XLK,0.959731543624161,0.8120805369127517,0.1476510067114093,1.0,0.0
2026-05-29,2026-06-01,2026-07-01,375,GDX,KWEB,0.9261744966442953,0.8657718120805369,0.06040268456375841,0.75,0.25
2026-05-29,2026-06-01,2026-07-01,376,COMT,GDX,0.9328859060402684,0.9261744966442953,0.006711409395973145,0.75,0.25
2026-05-29,2026-06-01,2026-07-01,377,BNO,USL,1.0,0.9932885906040269,0.006711409395973145,0.75,0.25
2026-05-29,2026-06-01,2026-07-01,378,EZA,USO,0.9798657718120806,0.9731543624161074,0.006711409395973145,0.75,0.25
2026-05-29,2026-06-01,2026-07-01,379,BNO,PPLT,1.0,0.9395973154362416,0.06040268456375841,0.75,0.25
2026-05-29,2026-06-01,2026-07-01,380,GDX,TAN,0.9261744966442953,0.8859060402684564,0.04026845637583887,0.75,0.25
2026-05-29,2026-06-01,2026-07-01,381,BNO,GDXJ,1.0,0.9463087248322147,0.05369127516778527,0.75,0.25
2026-05-29,2026-06-01,2026-07-01,382,GDXJ,IGV,0.9463087248322147,0.8791946308724832,0.06711409395973156,0.75,0.25
2026-05-29,2026-06-01,2026-07-01,383,USO,EWZ,0.9731543624161074,0.912751677852349,0.06040268456375841,0.75,0.25
2026-05-29,2026-06-01,2026-07-01,384,USL,EZA,0.9932885906040269,0.9798657718120806,0.01342281879194629,0.75,0.25
2026-05-29,2026-06-01,2026-07-01,385,GSG,EWZ,0.9865771812080537,0.912751677852349,0.0738255033557047,0.75,0.25
2026-05-29,2026-06-01,2026-07-01,386,DBO,PPLT,0.9664429530201343,0.9395973154362416,0.02684563758389269,0.75,0.25
2026-05-29,2026-06-01,2026-07-01,387,PPLT,TUR,0.9395973154362416,0.8993288590604027,0.04026845637583887,0.75,0.25
2026-05-29,2026-06-01,2026-07-01,388,PPLT,XLE,0.9395973154362416,0.9060402684563759,0.03355704697986572,0.75,0.25
2026-05-29,2026-06-01,2026-07-01,389,EZA,HACK,0.9798657718120806,0.9530201342281879,0.02684563758389269,0.75,0.25
2026-05-29,2026-06-01,2026-07-01,390,BNO,PALL,1.0,0.9194630872483222,0.08053691275167785,0.75,0.25
2026-05-29,2026-06-01,2026-07-01,391,EWY,IGV,0.8926174496644296,0.8791946308724832,0.0134228187919464,0.75,0.25
2026-05-29,2026-06-01,2026-07-01,392,GSG,PPLT,0.9865771812080537,0.9395973154362416,0.046979865771812124,0.75,0.25
2026-05-29,2026-06-01,2026-07-01,393,GDX,PALL,0.9261744966442953,0.9194630872483222,0.006711409395973145,0.75,0.25
2026-05-29,2026-06-01,2026-07-01,394,GSG,UNG,0.9865771812080537,0.959731543624161,0.02684563758389269,0.75,0.25
2026-05-29,2026-06-01,2026-07-01,395,GSG,EZA,0.9865771812080537,0.9798657718120806,0.006711409395973145,0.75,0.25
2026-05-29,2026-06-01,2026-07-01,396,PALL,EWY,0.9194630872483222,0.8926174496644296,0.02684563758389258,0.75,0.25
2026-05-29,2026-06-01,2026-07-01,397,USO,COMT,0.9731543624161074,0.9328859060402684,0.04026845637583898,0.75,0.25
2026-05-29,2026-06-01,2026-07-01,398,PPLT,GDX,0.9395973154362416,0.9261744966442953,0.01342281879194629,0.75,0.25
2026-05-29,2026-06-01,2026-07-01,399,GSG,EZA,0.9865771812080537,0.9798657718120806,0.006711409395973145,0.75,0.25
2026-05-29,2026-06-01,2026-07-01,400,USL,PPLT,0.9932885906040269,0.9395973154362416,0.05369127516778527,0.75,0.25
2026-05-29,2026-06-01,2026-07-01,401,EZA,UNG,0.9798657718120806,0.959731543624161,0.020134228187919545,0.75,0.25
2026-05-29,2026-06-01,2026-07-01,402,EZA,PPLT,0.9798657718120806,0.9395973154362416,0.04026845637583898,0.75,0.25
2026-05-29,2026-06-01,2026-07-01,403,BNO,SOXX,1.0,0.87248322147651,0.12751677852348997,1.0,0.0
2026-05-29,2026-06-01,2026-07-01,404,EZA,UNG,0.9798657718120806,0.959731543624161,0.020134228187919545,0.75,0.25
2026-05-29,2026-06-01,2026-07-01,405,GDXJ,GDX,0.9463087248322147,0.9261744966442953,0.020134228187919434,0.75,0.25
2026-05-29,2026-06-01,2026-07-01,406,USO,PPLT,0.9731543624161074,0.9395973154362416,0.033557046979865834,0.75,0.25
2026-05-29,2026-06-01,2026-07-01,407,GSG,EZA,0.9865771812080537,0.9798657718120806,0.006711409395973145,0.75,0.25
2026-05-29,2026-06-01,2026-07-01,408,USL,GDX,0.9932885906040269,0.9261744966442953,0.06711409395973156,0.75,0.25
2026-05-29,2026-06-01,2026-07-01,409,BNO,DBO,1.0,0.9664429530201343,0.03355704697986572,0.75,0.25
2026-05-29,2026-06-01,2026-07-01,410,EZA,USO,0.9798657718120806,0.9731543624161074,0.006711409395973145,0.75,0.25
2026-05-29,2026-06-01,2026-07-01,411,COMT,TAN,0.9328859060402684,0.8859060402684564,0.04697986577181201,0.75,0.25
2026-05-29,2026-06-01,2026-07-01,412,GSG,EZA,0.9865771812080537,0.9798657718120806,0.006711409395973145,0.75,0.25
2026-05-29,2026-06-01,2026-07-01,413,EZA,UNG,0.9798657718120806,0.959731543624161,0.020134228187919545,0.75,0.25
2026-05-29,2026-06-01,2026-07-01,414,USL,EWZ,0.9932885906040269,0.912751677852349,0.08053691275167785,0.75,0.25
2026-05-29,2026-06-01,2026-07-01,415,USL,GSG,0.9932885906040269,0.9865771812080537,0.006711409395973145,0.75,0.25
2026-05-29,2026-06-01,2026-07-01,416,BNO,GDX,1.0,0.9261744966442953,0.0738255033557047,0.75,0.25
2026-05-29,2026-06-01,2026-07-01,417,BNO,EZA,1.0,0.9798657718120806,0.020134228187919434,0.75,0.25
2026-05-29,2026-06-01,2026-07-01,418,BNO,PPLT,1.0,0.9395973154362416,0.06040268456375841,0.75,0.25
2026-05-29,2026-06-01,2026-07-01,419,BNO,DBO,1.0,0.9664429530201343,0.03355704697986572,0.75,0.25
2026-05-29,2026-06-01,2026-07-01,420,UNG,COMT,0.959731543624161,0.9328859060402684,0.02684563758389258,0.75,0.25
2026-05-29,2026-06-01,2026-07-01,421,GSG,UNG,0.9865771812080537,0.959731543624161,0.02684563758389269,0.75,0.25
2026-05-29,2026-06-01,2026-07-01,422,PALL,IGV,0.9194630872483222,0.8791946308724832,0.04026845637583898,0.75,0.25
2026-05-29,2026-06-01,2026-07-01,423,GSG,UNG,0.9865771812080537,0.959731543624161,0.02684563758389269,0.75,0.25
2026-05-29,2026-06-01,2026-07-01,424,BNO,HACK,1.0,0.9530201342281879,0.046979865771812124,0.75,0.25
2026-05-29,2026-06-01,2026-07-01,425,BNO,PALL,1.0,0.9194630872483222,0.08053691275167785,0.75,0.25
2026-05-29,2026-06-01,2026-07-01,426,GSG,EWZ,0.9865771812080537,0.912751677852349,0.0738255033557047,0.75,0.25
2026-05-29,2026-06-01,2026-07-01,427,EZA,UNG,0.9798657718120806,0.959731543624161,0.020134228187919545,0.75,0.25
2026-05-29,2026-06-01,2026-07-01,428,BNO,GSG,1.0,0.9865771812080537,0.01342281879194629,0.75,0.25
2026-05-29,2026-06-01,2026-07-01,429,PPLT,COMT,0.9395973154362416,0.9328859060402684,0.006711409395973145,0.75,0.25
2026-05-29,2026-06-01,2026-07-01,430,BNO,GSG,1.0,0.9865771812080537,0.01342281879194629,0.75,0.25
2026-05-29,2026-06-01,2026-07-01,431,GSG,MTUM,0.9865771812080537,0.8590604026845637,0.12751677852348997,1.0,0.0
2026-05-29,2026-06-01,2026-07-01,432,USO,COMT,0.9731543624161074,0.9328859060402684,0.04026845637583898,0.75,0.25
2026-05-29,2026-06-01,2026-07-01,433,USO,UNG,0.9731543624161074,0.959731543624161,0.0134228187919464,0.75,0.25
2026-05-29,2026-06-01,2026-07-01,434,BNO,USL,1.0,0.9932885906040269,0.006711409395973145,0.75,0.25
2026-05-29,2026-06-01,2026-07-01,435,GSG,USO,0.9865771812080537,0.9731543624161074,0.01342281879194629,0.75,0.25
2026-05-29,2026-06-01,2026-07-01,436,UNG,HACK,0.959731543624161,0.9530201342281879,0.006711409395973145,0.75,0.25
2026-05-29,2026-06-01,2026-07-01,437,UNG,PPLT,0.959731543624161,0.9395973154362416,0.020134228187919434,0.75,0.25
2026-05-29,2026-06-01,2026-07-01,438,BNO,URA,1.0,0.8523489932885906,0.1476510067114094,1.0,0.0
2026-05-29,2026-06-01,2026-07-01,439,EZA,DBO,0.9798657718120806,0.9664429530201343,0.01342281879194629,0.75,0.25
2026-05-29,2026-06-01,2026-07-01,440,USL,TAN,0.9932885906040269,0.8859060402684564,0.10738255033557043,0.75,0.25
2026-05-29,2026-06-01,2026-07-01,441,DBO,HACK,0.9664429530201343,0.9530201342281879,0.0134228187919464,0.75,0.25
2026-05-29,2026-06-01,2026-07-01,442,GDXJ,PPLT,0.9463087248322147,0.9395973154362416,0.006711409395973145,0.75,0.25
2026-05-29,2026-06-01,2026-07-01,443,USL,EZA,0.9932885906040269,0.9798657718120806,0.01342281879194629,0.75,0.25
2026-05-29,2026-06-01,2026-07-01,444,BNO,DBO,1.0,0.9664429530201343,0.03355704697986572,0.75,0.25
2026-05-29,2026-06-01,2026-07-01,445,BNO,GSG,1.0,0.9865771812080537,0.01342281879194629,0.75,0.25
2026-05-29,2026-06-01,2026-07-01,446,BNO,DBO,1.0,0.9664429530201343,0.03355704697986572,0.75,0.25
2026-05-29,2026-06-01,2026-07-01,447,HACK,GDX,0.9530201342281879,0.9261744966442953,0.02684563758389258,0.75,0.25
2026-05-29,2026-06-01,2026-07-01,448,GDX,EWY,0.9261744966442953,0.8926174496644296,0.03355704697986572,0.75,0.25
2026-05-29,2026-06-01,2026-07-01,449,USL,PALL,0.9932885906040269,0.9194630872483222,0.0738255033557047,0.75,0.25
2026-05-29,2026-06-01,2026-07-01,450,COMT,XLE,0.9328859060402684,0.9060402684563759,0.02684563758389258,0.75,0.25
2026-05-29,2026-06-01,2026-07-01,451,EZA,UNG,0.9798657718120806,0.959731543624161,0.020134228187919545,0.75,0.25
2026-05-29,2026-06-01,2026-07-01,452,UNG,PPLT,0.959731543624161,0.9395973154362416,0.020134228187919434,0.75,0.25
2026-05-29,2026-06-01,2026-07-01,453,GDXJ,TAN,0.9463087248322147,0.8859060402684564,0.0604026845637583,0.75,0.25
2026-05-29,2026-06-01,2026-07-01,454,USL,SMH,0.9932885906040269,0.8322147651006712,0.1610738255033557,1.0,0.0
2026-05-29,2026-06-01,2026-07-01,455,USL,DBO,0.9932885906040269,0.9664429530201343,0.02684563758389258,0.75,0.25
2026-05-29,2026-06-01,2026-07-01,456,COMT,EWZ,0.9328859060402684,0.912751677852349,0.020134228187919434,0.75,0.25
2026-05-29,2026-06-01,2026-07-01,457,GSG,COMT,0.9865771812080537,0.9328859060402684,0.05369127516778527,0.75,0.25
2026-05-29,2026-06-01,2026-07-01,458,IHI,IWF,0.8187919463087249,0.7516778523489933,0.06711409395973156,0.75,0.25
2026-05-29,2026-06-01,2026-07-01,459,GDX,EWN,0.9261744966442953,0.8456375838926175,0.08053691275167785,0.75,0.25
2026-05-29,2026-06-01,2026-07-01,460,COMT,GDX,0.9328859060402684,0.9261744966442953,0.006711409395973145,0.75,0.25
2026-05-29,2026-06-01,2026-07-01,461,PALL,TUR,0.9194630872483222,0.8993288590604027,0.020134228187919434,0.75,0.25
2026-05-29,2026-06-01,2026-07-01,462,EZA,DBO,0.9798657718120806,0.9664429530201343,0.01342281879194629,0.75,0.25
2026-05-29,2026-06-01,2026-07-01,463,USL,DBO,0.9932885906040269,0.9664429530201343,0.02684563758389258,0.75,0.25
2026-05-29,2026-06-01,2026-07-01,464,USO,DBO,0.9731543624161074,0.9664429530201343,0.006711409395973145,0.75,0.25
2026-05-29,2026-06-01,2026-07-01,465,USL,UNG,0.9932885906040269,0.959731543624161,0.033557046979865834,0.75,0.25
2026-05-29,2026-06-01,2026-07-01,466,DBO,EWZ,0.9664429530201343,0.912751677852349,0.05369127516778527,0.75,0.25
2026-05-29,2026-06-01,2026-07-01,467,HACK,PPLT,0.9530201342281879,0.9395973154362416,0.01342281879194629,0.75,0.25
2026-05-29,2026-06-01,2026-07-01,468,USO,UNG,0.9731543624161074,0.959731543624161,0.0134228187919464,0.75,0.25
2026-05-29,2026-06-01,2026-07-01,469,USL,GSG,0.9932885906040269,0.9865771812080537,0.006711409395973145,0.75,0.25
2026-05-29,2026-06-01,2026-07-01,470,USO,XLK,0.9731543624161074,0.8120805369127517,0.1610738255033557,1.0,0.0
2026-05-29,2026-06-01,2026-07-01,471,COMT,THD,0.9328859060402684,0.785234899328859,0.1476510067114094,1.0,0.0
2026-05-29,2026-06-01,2026-07-01,472,EZA,PALL,0.9798657718120806,0.9194630872483222,0.06040268456375841,0.75,0.25
2026-05-29,2026-06-01,2026-07-01,473,GDXJ,COMT,0.9463087248322147,0.9328859060402684,0.01342281879194629,0.75,0.25
2026-05-29,2026-06-01,2026-07-01,474,EZA,UNG,0.9798657718120806,0.959731543624161,0.020134228187919545,0.75,0.25
2026-05-29,2026-06-01,2026-07-01,475,TAN,KWEB,0.8859060402684564,0.8657718120805369,0.020134228187919545,0.75,0.25
2026-05-29,2026-06-01,2026-07-01,476,PPLT,KWEB,0.9395973154362416,0.8657718120805369,0.0738255033557047,0.75,0.25
2026-05-29,2026-06-01,2026-07-01,477,USO,DBO,0.9731543624161074,0.9664429530201343,0.006711409395973145,0.75,0.25
2026-05-29,2026-06-01,2026-07-01,478,GSG,HACK,0.9865771812080537,0.9530201342281879,0.033557046979865834,0.75,0.25
2026-05-29,2026-06-01,2026-07-01,479,DBO,UNG,0.9664429530201343,0.959731543624161,0.006711409395973256,0.75,0.25
2026-05-29,2026-06-01,2026-07-01,480,USL,PPLT,0.9932885906040269,0.9395973154362416,0.05369127516778527,0.75,0.25
2026-05-29,2026-06-01,2026-07-01,481,TUR,EWK,0.8993288590604027,0.8389261744966443,0.06040268456375841,0.75,0.25
2026-05-29,2026-06-01,2026-07-01,482,GSG,EZA,0.9865771812080537,0.9798657718120806,0.006711409395973145,0.75,0.25
2026-05-29,2026-06-01,2026-07-01,483,USO,EWY,0.9731543624161074,0.8926174496644296,0.08053691275167785,0.75,0.25
2026-05-29,2026-06-01,2026-07-01,484,BNO,IGV,1.0,0.8791946308724832,0.12080536912751683,1.0,0.0
2026-05-29,2026-06-01,2026-07-01,485,EZA,HACK,0.9798657718120806,0.9530201342281879,0.02684563758389269,0.75,0.25
2026-05-29,2026-06-01,2026-07-01,486,EZA,URA,0.9798657718120806,0.8523489932885906,0.12751677852348997,1.0,0.0
2026-05-29,2026-06-01,2026-07-01,487,GSG,EZA,0.9865771812080537,0.9798657718120806,0.006711409395973145,0.75,0.25
2026-05-29,2026-06-01,2026-07-01,488,GDXJ,XLE,0.9463087248322147,0.9060402684563759,0.04026845637583887,0.75,0.25
2026-05-29,2026-06-01,2026-07-01,489,EZA,DBO,0.9798657718120806,0.9664429530201343,0.01342281879194629,0.75,0.25
2026-05-29,2026-06-01,2026-07-01,490,DBO,UNG,0.9664429530201343,0.959731543624161,0.006711409395973256,0.75,0.25
2026-05-29,2026-06-01,2026-07-01,491,GDX,IGV,0.9261744966442953,0.8791946308724832,0.046979865771812124,0.75,0.25
2026-05-29,2026-06-01,2026-07-01,492,BNO,PPLT,1.0,0.9395973154362416,0.06040268456375841,0.75,0.25
2026-05-29,2026-06-01,2026-07-01,493,BNO,HACK,1.0,0.9530201342281879,0.046979865771812124,0.75,0.25
2026-05-29,2026-06-01,2026-07-01,494,GSG,MTUM,0.9865771812080537,0.8590604026845637,0.12751677852348997,1.0,0.0
2026-05-29,2026-06-01,2026-07-01,495,DBO,HACK,0.9664429530201343,0.9530201342281879,0.0134228187919464,0.75,0.25
2026-05-29,2026-06-01,2026-07-01,496,GDX,EWZ,0.9261744966442953,0.912751677852349,0.01342281879194629,0.75,0.25
2026-05-29,2026-06-01,2026-07-01,497,USL,EZA,0.9932885906040269,0.9798657718120806,0.01342281879194629,0.75,0.25
2026-05-29,2026-06-01,2026-07-01,498,PALL,TAN,0.9194630872483222,0.8859060402684564,0.03355704697986572,0.75,0.25
2026-05-29,2026-06-01,2026-07-01,499,GDXJ,PALL,0.9463087248322147,0.9194630872483222,0.02684563758389258,0.75,0.25
