signal_date,winner,ltr_top1,ltr_top2,ltr_top1_ret21,ltr_top2_ret21,ltr_top1_is_winner,ltr_top2_contains_winner,ltr_top3_contains_winner,ltr_margin,ltr_top1_minus_top2_ret21,rr3_top1,rr3_top2,rr3_top1_ret21,rr3_top2_ret21,rr3_top1_is_winner,rr3_top2_contains_winner,rr3_top3_contains_winner,rr3_margin,rr3_top1_minus_top2_ret21
2017-01-31,XBI,PALL,EZA,0.0027548182225876072,0.013418092705565599,False,False,False,0.27064784,-0.010663274482977991,DBA,PALL,-0.006357003108170778,0.0027548182225876072,False,False,False,0.022525403648614883,-0.009111821330758385
2017-02-28,UNG,UNG,XRT,0.1261128205244304,-0.023118969557045732,True,True,True,0.08312544,0.14923179008147613,UNG,XRT,0.1261128205244304,-0.023118969557045732,True,True,True,0.023350423201918602,0.14923179008147613
2017-03-31,EPOL,EZA,TUR,0.05199520514601108,0.10050131731858292,False,False,False,0.29079682,-0.048506112172571836,EZA,UNG,0.05199520514601108,-0.016021347026178523,False,False,False,0.11977192759513855,0.0680165521721896
2017-04-28,EWY,GDXJ,GDX,-0.014375153554917253,0.029505178862959225,False,False,False,0.3545433,-0.04388033241787648,UNG,GDXJ,-0.06896551506065507,-0.014375153554917253,False,False,False,0.005807109177112579,-0.05459036150573782
2017-05-31,XBI,USO,KRE,-0.0689311207073462,0.0662399852187141,False,False,False,0.05146379000000001,-0.1351711059260603,XBI,DBO,0.15082706284786052,-0.04332132928662524,True,True,True,0.017088260501623154,0.19414839213448576
2017-06-30,KWEB,SMH,UNG,0.05814527264463454,-0.06508876365722238,False,False,False,0.12185987000000004,0.12323403630185692,SMH,SOXX,0.05814527264463454,0.052430450965755826,False,False,False,0.014430254697799683,0.005714821678878712
2017-07-31,DBB,IHI,SOXX,-0.010675685883497654,0.004206029700764891,False,False,False,0.17627899999999996,-0.014881715584262545,IHI,SOXX,-0.010675685883497654,0.004206029700764891,False,False,False,0.011357158422470093,-0.014881715584262545
2017-08-31,KRE,USO,USL,0.06354162837896227,0.03450261084119899,False,False,False,0.30133047,0.02903901753776328,USO,KWEB,0.06354162837896227,0.023876839865609734,False,False,False,0.010385304689407349,0.039664788513352534
2017-09-29,TAN,EZA,UNG,0.01762491704499425,-0.05625002002343504,False,False,False,0.17844438,0.07387493706842929,PPLT,EZA,0.0042417354052728395,0.01762491704499425,False,False,False,0.005465911701321602,-0.013383181639721409
2017-10-31,URA,IBB,XBI,0.002473928290811944,-0.01338558313295124,False,False,False,0.34808885999999994,0.015859511423763184,GDXJ,KWEB,-0.01678058059003862,-0.0220164727457548,False,False,False,0.0382440946996212,0.005235892155716182
2017-11-30,TUR,UNG,SLV,-0.030944635399350773,0.04993517859623342,False,False,False,0.0014178000000000246,-0.0808798139955842,TUR,KWEB,0.16627498374539562,0.11142351928164818,True,True,True,0.026679296046495438,0.054851464463747446
2017-12-29,EWZ,UNG,XBI,0.01697019246695186,0.09311580393713914,False,False,False,0.16517206,-0.07614561147018728,IWN,URA,0.00411553749954674,-0.06538965248658901,False,False,True,0.048503708094358444,0.06950518998613575
2018-01-31,HACK,URA,PALL,-0.06925801739415327,-0.047546327533254606,False,False,False,0.19172796000000003,-0.021711689860898664,PALL,EPOL,-0.047546327533254606,-0.10210425752830343,False,False,False,0.035672999918460846,0.054557929995048826
2018-02-28,BNO,URA,GDX,-0.055686313977411195,0.050662760784045524,False,False,False,0.06598435999999999,-0.10634907476145672,MCHI,EPOL,-0.03290127783475849,-0.04292840887983018,False,False,False,0.012458393350243568,0.010027131045071691
2018-03-29,URA,URA,XBI,0.0980066194956164,-0.0026330155302296543,True,True,True,0.36481910000000006,0.10063963502584605,URA,QQQ,0.0980066194956164,0.00962321727221127,True,True,True,0.013494975864887238,0.08838340222340513
2018-04-30,SOXX,EIDO,ITA,0.0035573270705617777,0.05092111154477741,False,False,False,0.04575967999999997,-0.04736378447421563,EIDO,ITA,0.0035573270705617777,0.05092111154477741,False,False,False,0.05804033949971199,-0.04736378447421563
2018-05-31,USO,DBO,USL,0.047377527728016844,0.05944350287642175,False,False,True,0.015270440000000107,-0.012065975148404906,USL,DBO,0.05944350287642175,0.047377527728016844,False,False,True,0.01038876548409462,0.012065975148404906
2018-06-29,EWZ,ARGT,URA,0.10419775953218391,0.034564133962669,False,False,False,0.05815882,0.06963362556951491,FDN,IBB,-0.005931875067675563,0.06888331741464904,False,False,False,0.01396746002137661,-0.0748151924823246
2018-07-31,HACK,XBI,IGV,0.04457046729512304,0.08336924314993066,False,False,True,0.09248414000000005,-0.03879877585480762,FDN,IBB,0.0748488875214608,0.043993832790884646,False,False,False,0.016248218715190887,0.030855054730576148
2018-08-31,EWZ,EWZ,EZA,0.21056028321463605,0.014691616775190486,True,True,True,0.09647343999999997,0.19586866643944556,ARGT,SMH,0.06833976500174188,-0.010324521733375724,False,False,False,0.008583523333072662,0.0786642867351176
2018-09-28,EWZ,KRE,KBE,-0.11131582669886586,-0.10872337465450677,False,False,False,0.050142030000000004,-0.002592452044359095,TUR,EPI,-0.01421419955820813,-0.08295474457174612,False,False,False,0.034721046686172485,0.06874054501353799
2018-10-31,UNG,GDXJ,ARGT,-0.025815542442161332,0.015491707201012339,False,False,False,0.008205830000000025,-0.04130724964317367,GDXJ,EZA,-0.025815542442161332,0.10082174689107659,False,False,False,0.02181711047887802,-0.12663728933323792
2018-11-30,GDXJ,GDXJ,GDX,0.14134522742881028,0.0955027765102594,True,True,True,0.0003486299999999609,0.04584245091855088,PPLT,GDX,-0.00641616638413578,0.0955027765102594,False,False,False,0.00732247531414032,-0.10191894289439518
2018-12-31,TAN,UNG,KWEB,0.026424496909220885,0.18666664584933912,False,False,False,0.27338617000000004,-0.16024214894011823,USO,EZA,0.21019103250531046,0.14876359193233624,False,False,False,0.0029126396402716637,0.06142744057297422
2019-01-31,ASHR,BNO,USL,0.0724138078451444,0.05301206657685431,False,False,False,0.03310936999999997,0.019401741268290085,USO,BNO,0.044736863679613714,0.0724138078451444,False,False,False,0.02795703522861004,-0.02767694416553068
2019-02-28,EPI,EZA,UNG,0.01045008847872575,-0.06101422433216164,False,False,False,0.11882409000000005,0.07146431281088739,URA,UNG,0.01935481707067277,-0.06101422433216164,False,False,False,0.02257400192320347,0.0803690414028344
2019-03-29,SOXX,TAN,UNG,0.08923210679117277,-0.04641351671135119,False,False,False,0.11363133000000003,0.13564562350252396,UNG,TUR,-0.04641351671135119,-0.04617900196259439,False,False,False,0.09220833331346512,-0.00023451474875679779
2019-04-30,CORN,ARGT,XBI,0.07907895946079191,-0.06362759052224842,False,False,False,0.004134300000000035,0.14270654998304033,ARGT,TUR,0.07907895946079191,-0.027420629171835298,False,False,False,0.0193009115755558,0.1064995886326272
2019-05-31,PALL,PALL,EWZ,0.16693105100887173,0.05463763900661789,True,True,True,0.04150553000000001,0.11229341200225385,PALL,TUR,0.16693105100887173,0.15429496533903042,True,True,True,0.0248761847615242,0.012636085669841313
2019-06-28,GDXJ,UNG,TUR,-0.012886598191538479,0.04435663009582025,False,False,False,0.0723104,-0.05724322828735873,VNQ,IYR,0.015458164197158064,0.01733709399005612,False,False,False,0.011185172945261002,-0.0018789297928980542
2019-07-31,EDV,UNG,XBI,-0.015014977173866795,-0.052894605371575976,False,False,False,0.09920162000000002,0.03787962819770918,CORN,EZA,-0.06230337969806876,-0.06951777719966523,False,False,False,0.04547664150595665,0.00721439750159647
2019-08-30,PALL,ARGT,UNG,-0.004424672484659942,-0.03972533056345273,False,False,False,0.1717357,0.03530065807879279,XBI,UNG,-0.07007133233821106,-0.03972533056345273,False,False,False,0.018914371728897095,-0.030346001774758324
2019-09-30,UNG,KWEB,UNG,0.08229061192930742,0.08910387242284568,False,True,True,0.23191277999999999,-0.0068132604935382535,UNG,KWEB,0.08910387242284568,0.08229061192930742,True,True,True,0.09579131007194519,0.0068132604935382535
2019-10-31,XBI,TAN,ARGT,-0.019121741272098314,0.0411766078217064,False,False,False,0.10271173999999994,-0.060298349093804715,ARGT,GDXJ,0.0411766078217064,0.0015408168286592527,False,False,False,0.13718169927597046,0.03963579099304715
2019-11-29,GDXJ,UNG,DBO,-0.0655829633568823,0.08562117890057164,False,False,False,0.16514677,-0.15120414225745393,EWZ,KWEB,0.1253825521161802,0.06506658713457125,False,False,False,0.00647633895277977,0.06031596498160896
2019-12-31,PALL,UNG,EDV,-0.13377327448737575,0.08458170197188686,False,False,False,0.0948196,-0.2183549764592626,UNG,EDV,-0.13377327448737575,0.08458170197188686,False,False,False,0.007058154791593552,-0.2183549764592626
2020-01-31,TAN,USO,GDXJ,-0.059534915657930565,-0.019707983891268377,False,False,False,0.10825903000000003,-0.03982693176666219,ASHR,DBO,0.1491159331536287,-0.048943159355132604,False,False,False,0.03312762826681137,0.1980590925087613
2020-02-28,EDV,XLE,ARGT,-0.3500795104083475,-0.3075921197877185,False,False,False,0.08574757999999999,-0.042487390620629006,XLE,UNG,-0.3500795104083475,-0.04219101693869565,False,False,False,0.028588242828845978,-0.30788849346965186
2020-03-31,GDXJ,EWZ,TAN,0.07014398712639647,0.20130126110608004,False,False,False,0.08946704000000005,-0.13115727397968358,TAN,USO,0.20130126110608004,-0.4363206995471396,False,False,False,0.03443453833460808,0.6376219606532196
2020-04-30,BNO,PALL,EWZ,0.02463958107243336,0.18613466756991226,False,False,False,0.28956796,-0.1614950864974789,PALL,TAN,0.02463958107243336,0.19228167355882597,False,False,False,0.04392454773187637,-0.1676420924863926
2020-05-29,KWEB,XLE,UNG,-0.03951865236282859,-0.05580975236228525,False,False,False,0.34591424000000004,0.01629109999945666,ARGT,USO,0.10137003134194122,0.08437014518764885,False,False,False,0.015036843717098236,0.016999886154292376
2020-06-30,SLV,UNG,EZA,0.04929584964565814,0.07080653237093082,False,False,False,0.10904907000000008,-0.02151068272527268,PPA,EZA,-0.010435332830622368,0.07080653237093082,False,False,False,0.010640516877174377,-0.08124186520155319
2020-07-31,TAN,XBI,ITA,0.011909323427755414,0.06253569025698313,False,False,False,0.10625946000000003,-0.05062636682922772,XBI,PALL,0.011909323427755414,0.08351342816245766,False,False,False,0.014700712636113167,-0.07160410473470225
2020-08-31,TAN,EWZ,XLE,-0.1019607701306926,-0.1516679869660308,False,False,False,0.12625276999999996,0.049707216835338186,IWN,XLE,-0.03903317578417054,-0.1516679869660308,False,False,False,0.008433427661657333,0.11263481118186025
2020-09-30,KRE,KBE,SLV,0.09793985949412987,0.001363047993345301,False,False,False,0.016434950000000004,0.09657681150078457,EWZ,SLV,-0.010916874499919182,0.001363047993345301,False,False,False,0.016718510538339615,-0.012279922493264483
2020-10-30,EWO,ITA,BNO,0.21168666885880905,0.252910094345135,False,False,False,0.00643726,-0.04122342548632596,SLV,EPOL,-0.007633591055211664,0.2675070243967417,False,False,False,0.025402730330824852,-0.27514061545195334
2020-11-30,URA,GDX,UNG,0.026561052497227067,-0.14489986055808401,False,False,False,0.08530467000000008,0.17146091305531108,SLV,KWEB,0.1222070345591042,0.03350224246987876,False,False,False,0.0007856711745262146,0.08870479208922544
2020-12-31,KWEB,UNG,XBI,0.09157893532200867,0.1484748512597549,False,False,False,0.18163563000000005,-0.05689591593774623,UNG,XBI,0.09157893532200867,0.1484748512597549,False,False,False,0.01404029130935669,-0.05689591593774623
2021-01-29,URA,UNG,KBE,0.035992207701365686,0.2066075849981419,False,False,False,0.15697861000000002,-0.17061537729677623,UNG,EWZ,0.035992207701365686,-0.09853500788637459,False,False,False,0.009849395602941513,0.13452721558774028
2021-02-26,PALL,EWZ,KWEB,-0.00030883039841744786,-0.19293128838225737,False,False,False,0.16888251999999998,0.19262245798383992,TAN,SOXX,-0.19750260616129,-0.025646282284351174,False,False,False,0.03256424516439438,-0.17185632387693883
2021-03-31,CORN,GDXJ,ICLN,0.05588287412210757,-0.06345390458709532,False,False,False,0.013047100000000034,0.1193367787092029,KWEB,SLV,-0.05474457063952254,0.07608219096053559,False,False,False,0.00784069299697876,-0.13082676160005813
2021-04-30,URA,TUR,XBI,-0.01710100535911574,-0.07764788145144264,False,False,False,0.1255603,0.060546876092326896,TUR,GDXJ,-0.01710100535911574,0.1418234248325887,False,False,False,0.014320440590381622,-0.15892443019170444
2021-05-28,UNG,TUR,KRE,-0.05372248261576351,-0.08154925979691796,False,False,False,0.15105908999999995,0.02782677718115445,TUR,KRE,-0.05372248261576351,-0.08154925979691796,False,False,False,0.022414004430174828,0.02782677718115445
2021-06-30,UNG,CORN,KWEB,-0.08416744403996923,-0.27017745116267966,False,False,False,0.06481040000000005,0.18601000712271043,TUR,GDXJ,0.05854569357944395,-0.031065046869865443,False,False,False,0.05294521152973175,0.08961074044930939
2021-07-30,ARGT,CORN,PALL,-0.0004966876279205445,-0.06966601603484901,False,False,False,0.07396747000000004,0.06916932840692847,TAN,FXI,-0.008178786200276678,-0.00439158968638631,False,False,False,0.034499362111091614,-0.0037871965138903674
2021-08-31,UNG,TAN,PALL,-0.06046504838504396,-0.21664338275584905,False,False,False,0.19752936000000004,0.15617833437080508,URA,KRE,0.13642831253509624,0.03521028978917684,False,False,False,0.003652636893093586,0.1012180227459194
2021-09-30,TAN,KWEB,TAN,0.014630804905459538,0.237623763490995,False,True,True,0.02233908000000001,-0.22299295858553547,KWEB,FXI,0.014630804905459538,0.0360453790487516,False,False,False,0.02471231482923031,-0.021414574143292064
2021-10-29,SMH,PPLT,PALL,-0.1011729269717958,-0.15141411938737137,False,False,False,0.02927525999999997,0.050241192415575564,PPLT,GDX,-0.1011729269717958,0.013534796291368112,False,False,False,0.0011087507009506226,-0.11470772326316392
2021-11-30,USL,PALL,EWZ,0.0805303393937975,0.013628967520152413,False,False,False,0.06583724000000002,0.06690137187364509,PALL,ARGT,0.0805303393937975,0.06490109216302686,False,False,False,0.0398421473801136,0.015629247230770638
2021-12-31,UNG,UNG,KWEB,0.49959842267627663,0.03393541122478183,True,True,True,0.2334374600000001,0.4656630114514948,KWEB,UNG,0.03393541122478183,0.49959842267627663,False,True,True,0.038844481110572815,-0.4656630114514948
2022-01-31,BNO,URA,UNG,0.20493004628877398,-0.010210215026356328,False,False,False,0.07661706000000001,0.2151402613151303,TUR,GDXJ,-0.05058959356246773,0.16425998543063414,False,False,False,0.0066903457045555115,-0.21484957899310186
2022-02-28,UNG,EWO,EPOL,0.0350303820844462,0.08872781754323045,False,False,False,0.02001645000000002,-0.05369743545878425,TUR,TAN,0.11057722105429435,0.07949799889752107,False,False,False,0.028623156249523163,0.03107922215677328
2022-03-31,UNG,USO,UNG,0.04838483425746709,0.3862943354458752,False,True,True,0.007838730000000016,-0.3379095011884081,PALL,GSG,-0.044598691284391756,0.05170128677345964,False,False,False,0.055693868547677994,-0.0962999780578514
2022-04-29,XLE,KWEB,EPOL,0.04487174272457062,0.05799881605972135,False,False,False,0.06383114999999998,-0.01312707333515073,URA,EPOL,-0.039825051091515684,0.05799881605972135,False,False,False,0.0018600737676024437,-0.09782386715123703
2022-05-31,KWEB,PALL,KWEB,-0.03899374157593616,0.10906618258803347,False,True,True,0.05980926999999997,-0.14805992416396963,KWEB,FDN,0.10906618258803347,-0.1046397066766398,True,True,True,0.022627681493759155,0.21370588926467327
2022-06-30,UNG,ARGT,GDXJ,0.12112547552903519,0.06965650435295889,False,False,False,0.10065835000000001,0.051468971176076295,ARGT,GDXJ,0.12112547552903519,0.06965650435295889,False,False,False,0.005176544189453125,0.051468971176076295
2022-07-29,TUR,GDX,URA,-0.06858651940421567,0.1035931386540756,False,False,False,0.06598159999999997,-0.17217965805829127,URA,EPOL,0.1035931386540756,-0.11257811536341511,False,False,False,0.028168935328722,0.2161712540174907
2022-08-31,SLV,GDX,GDXJ,0.049250520730371505,0.0398475093081152,False,False,False,0.07789100000000004,0.009403011422256302,SMH,GDXJ,-0.1041427144656677,0.0398475093081152,False,False,False,0.04626494273543358,-0.1439902237737829
2022-09-30,XLE,KWEB,GDXJ,-0.15272140503154996,0.01199605724936803,False,False,False,0.32394082999999996,-0.164717462280918,KWEB,EPOL,-0.15272140503154996,0.17608887089014513,False,False,False,0.03129175305366516,-0.3288102759216951
2022-10-31,KWEB,UNG,FXI,0.12002067790900517,0.25553059347994833,False,False,False,0.09089710000000001,-0.13550991557094316,MCHI,PALL,0.23788098343051933,-0.008195796295070945,False,False,False,0.006815212778747082,0.24607677972559028
2022-11-30,KWEB,PALL,DBO,-0.062372613115235453,-0.06401744669913723,False,False,False,0.23001247999999996,0.0016448335839017725,UNG,FDN,-0.4083140579525647,-0.05572338226192308,False,False,False,0.04268023371696472,-0.3525906756906416
2022-12-30,SMH,EDV,PALL,0.09330862640721671,-0.06217552420137118,False,False,False,0.27928173999999995,0.1554841506085879,EDV,GDXJ,0.09330862640721671,0.09829753049830847,False,False,False,0.015949644148349762,-0.0049889040910917615
2023-01-31,TUR,PALL,FXI,-0.1473248250599858,-0.08310075652737026,False,False,False,0.18785544000000004,-0.06422406853261553,UNG,KWEB,0.04826041667112646,-0.09449846136141238,False,False,False,0.00010088086128234863,0.14275887803253884
2023-02-28,GDX,TAN,GDX,0.014302707353363253,0.1640288790138773,False,True,True,0.10523842,-0.14972617166051405,SOXX,GDX,0.0730524389528544,0.1640288790138773,False,True,True,0.017694789916276932,-0.0909764400610229
2023-03-31,EPOL,UNG,TUR,-0.06259315557469536,-0.08278888843452403,False,False,False,0.24106523999999996,0.020195732859828674,EDV,UNG,-0.0013368674347334908,-0.06259315557469536,False,False,False,0.005710359662771225,0.06125628813996187
2023-04-28,SMH,KWEB,KRE,-0.09938775517991516,-0.0669789498159935,False,False,False,0.07520617000000002,-0.032408805363921656,KRE,SOXX,-0.0669789498159935,0.16240111195602558,False,False,False,0.0019921064376831055,-0.22938006177201908
2023-05-31,UNG,PALL,GDX,-0.09409446557254442,-0.02670530224026868,False,False,False,0.1014989,-0.06738916333227574,XBI,KRE,-0.013608133423658075,0.055429082672311614,False,False,False,0.01809149980545044,-0.06903721609596969
2023-06-30,TUR,GDXJ,XBI,0.012569879988606925,-0.0061335364086789745,False,False,True,0.16124141999999997,0.0187034163972859,KWEB,PALL,0.09779055386978275,-0.0026075386938533285,False,False,False,0.00569712370634079,0.10039809256363608
2023-07-31,TUR,PALL,TAN,0.00017514932586726317,-0.1262294720546946,False,False,False,0.06944579999999995,0.12640462138056185,TAN,TUR,-0.1262294720546946,0.10756508266274589,False,True,True,0.004155445843935013,-0.23379455471744048
2023-08-31,URA,PALL,UNG,-0.03684728781758417,-0.06777320147477883,False,False,False,0.18113804000000006,0.03092591365719466,KWEB,CORN,-0.08697123617048019,0.0062695651646560435,False,False,False,0.004179563373327255,-0.09324080133513624
2023-09-29,EPOL,EDV,GDXJ,-0.059886486008264295,0.06578951830649626,False,False,False,0.34420406000000003,-0.12567600431476056,EDV,ARGT,-0.059886486008264295,-0.06394377436338428,False,False,False,0.020300284028053284,0.004057288355119981
2023-10-31,ARGT,TUR,EDV,0.06363075578192823,0.13121118004999377,False,False,False,0.03724564999999991,-0.06758042426806554,GDX,GDXJ,0.11174377213304076,0.1444311166098189,False,False,False,0.01973411813378334,-0.032687344476778124
2023-11-30,XBI,UNG,EDV,-0.005504538352495203,0.09814657246338321,False,False,False,0.05876793999999996,-0.10365111081587841,SMH,UNG,0.0459544406082486,-0.005504538352495203,False,False,False,0.004017636179924011,0.051458978960743806
2023-12-29,URA,DBO,TUR,0.03548617203522486,0.12018462924206075,False,False,False,0.11455771000000003,-0.08469845720683589,UNG,TUR,-0.073473238332322,0.12018462924206075,False,False,False,0.041141577064991,-0.19365786757438275
2024-01-31,SMH,UNG,KWEB,-0.10607618217556192,0.09556032505108525,False,False,False,0.026818830000000016,-0.20163650722664717,UNG,SOXX,-0.10607618217556192,0.1681791124308396,False,False,False,0.04743359610438347,-0.2742552946064015
2024-02-29,GDXJ,GDXJ,GDX,0.23009697857682543,0.20703859495547805,True,True,True,0.09037407999999997,0.023058383621347378,EZA,UNG,0.048644320312413614,-0.07527542744336146,False,False,False,0.01640141010284424,0.12391974775577508
2024-03-28,DBB,UNG,KRE,-0.019646377324261,-0.057199617643023615,False,False,False,0.3756774,0.037553240318762615,UNG,KRE,-0.019646377324261,-0.057199617643023615,False,False,False,0.007979344576597214,0.037553240318762615
2024-04-30,UNG,PALL,URA,0.011678981835745894,0.08327754333149895,False,False,True,0.14001602999999996,-0.07159856149575305,UNG,PALL,0.2501762012482718,0.011678981835745894,True,True,True,0.056712016463279724,0.23849721941252588
2024-05-31,PALL,PALL,IGV,0.12042071215647376,0.11857713564244188,True,True,True,0.05767655000000002,0.001843576514031886,IGV,FXI,0.11857713564244188,-0.009459114541713554,False,False,True,0.017250198870897293,0.12803625018415543
2024-06-28,KRE,KWEB,TAN,-0.015062469147521962,0.045238728809991136,False,False,False,0.2695733,-0.0603011979575131,KWEB,URA,-0.015062469147521962,-0.04238458009090407,False,False,False,0.04259462654590607,0.027322110943382105
2024-07-31,ARGT,SLV,KWEB,0.005653962105088839,-0.020037791708225283,False,False,False,0.0055822999999999845,0.025691753813314122,KWEB,SLV,-0.020037791708225283,0.005653962105088839,False,False,False,0.05571594089269638,-0.025691753813314122
2024-08-30,KWEB,TAN,UNG,0.038554777399935514,0.25889470951881743,False,False,False,0.06607435999999994,-0.22033993211888192,UNG,SLV,0.25889470951881743,0.12775839128175526,False,False,True,0.026660040020942688,0.13113631823706218
2024-09-30,PALL,SOXX,SMH,-0.00524949082407411,0.02487472612546604,False,False,False,0.05299862999999999,-0.03012421694954015,EWY,SOXX,-0.05558993517781197,-0.00524949082407411,False,False,False,0.006442485377192497,-0.05034044435373786
2024-10-31,ARGT,SOXX,SMH,-0.0016817550040801876,0.01122073652911415,False,False,False,0.16466569999999997,-0.012902491533194338,XLK,SMH,0.05604988839619107,0.01122073652911415,False,False,False,0.020071029663085938,0.04482915186707692
2024-11-29,UNG,SOXX,SMH,0.00610600138471229,0.00926142042079392,False,False,False,0.18182850000000006,-0.0031554190360816303,KWEB,MCHI,-0.037092763380517924,-0.0030716276747552174,False,False,False,0.012738668359816074,-0.034021135705762706
2024-12-31,GDX,TAN,URA,0.0005952517461891293,0.05448485122107116,False,False,True,0.08046370000000003,-0.05388959947488203,FDN,SMH,0.0712770329892396,-0.023351894927235106,False,False,False,0.02676631510257721,0.0946289279164747
2025-01-31,UNG,SOXX,XLK,-0.03696028478267721,-0.02888792603558532,False,False,False,0.013213990000000009,-0.00807235874709189,SMH,XLK,-0.03453831671520746,-0.02888792603558532,False,False,False,0.006782211363315582,-0.0056503906796221415
2025-02-28,GDXJ,TAN,URA,-0.05851559761160252,-0.09026129975898634,False,False,False,0.14179283999999998,0.031745702147383814,URA,SMH,-0.09026129975898634,-0.10370904386480473,False,False,False,0.006199229508638382,0.013447744105818393
2025-03-31,URA,SMH,SOXX,0.018818693774058648,-0.007735455518096956,False,False,False,0.18309998000000005,0.026554149292155604,URA,SMH,0.10443864195298813,0.018818693774058648,True,True,True,0.02538437396287918,0.08561994817892948
2025-04-30,URA,DBO,CPER,0.07083335687547554,0.05292288809134904,False,False,False,0.04219610000000007,0.0179104687841265,USO,CPER,0.10064471922982343,0.05292288809134904,False,False,False,0.002727821469306946,0.04772183113847439
2025-05-30,PPLT,USO,DBO,0.06186600890433969,0.04280149917658571,False,False,False,0.006450419999999957,0.019064509727753975,DBO,XLE,0.04280149917658571,0.04600366323176486,False,False,False,0.04929712787270546,-0.0032021640551791464
2025-06-30,THD,DBO,USL,0.08584339333591862,0.08141840941517065,False,False,False,0.009961600000000015,0.004424983920747971,TUR,BNO,0.04659052178068812,0.08790459591731214,False,False,False,0.009316787123680115,-0.041314074136624024
2025-07-31,GDXJ,TAN,WOOD,0.08131396088836218,0.05199543819725583,False,False,False,0.24457561999999994,0.029318522691106352,EWZ,WOOD,0.06423027644375057,0.05199543819725583,False,False,False,0.005003716796636581,0.01223483824649474
2025-08-29,GDXJ,ARGT,UNG,-0.11152073140733565,0.057028116387487726,False,False,False,0.10956752000000003,-0.16854884779482338,EIDO,UNG,-0.011344169853401143,0.057028116387487726,False,False,False,0.029825206845998764,-0.06837228624088887
2025-09-30,ARGT,EPHE,CPER,-0.02467160574106686,0.06260458250234047,False,False,False,0.043656999999999946,-0.08727618824340733,EPHE,CPER,-0.02467160574106686,0.06260458250234047,False,False,False,0.029208604246377945,-0.08727618824340733
2025-10-31,SLV,XRT,GLD,0.04258730795206689,0.0529939215496984,False,False,False,0.0001784300000000072,-0.010406613597631509,GLD,USO,0.0529939215496984,-0.024944840400968005,False,False,False,0.005037412047386169,0.0779387619506664
2025-11-28,SLV,KRE,KBE,0.053330722559731036,0.052015964024027195,False,False,False,0.05666087,0.0013147585357038416,SLV,KRE,0.260627020573317,0.053330722559731036,True,True,True,0.0009534331038594246,0.20729629801358596
2025-12-31,URA,URA,GDX,0.2778927461958334,0.14543156301085403,True,True,True,0.19312393000000005,0.13246118318497935,GLD,GDXJ,0.12701063290123527,0.13745056823763546,False,False,False,0.011419305577874184,-0.010439935336400197
2026-01-30,BNO,GDX,URA,0.1510056641169859,-0.047252712242844996,False,False,False,0.0012070000000000136,0.1982583763598309,IAU,GLD,0.09334236642681959,0.09403008373155286,False,False,False,0.009644369594752789,-0.0006877173047332708
2026-02-27,USO,KBE,KRE,-0.011748483913032293,-0.01164467932746771,False,False,False,0.016917100000000018,-0.00010380458556458194,KRE,UNG,-0.01164467932746771,0.009220423626437269,False,False,False,0.029167547821998596,-0.02086510295390498
2026-03-31,SOXX,SOXX,SMH,0.3747638837025058,0.2986400318679405,True,True,True,0.03789200000000004,0.07612385183456527,IGV,UNG,0.06650154016033216,-0.07445892607356275,False,False,True,0.005957026034593582,0.1409604662338949
2026-04-30,EWY,GDXJ,PALL,0.007454928968459118,-0.09946435039929846,False,False,False,0.07004421999999999,0.10691927936775758,SLV,EZA,0.01642498639059653,0.008682890220163886,False,False,False,0.04304514825344086,0.007742096170432644
2026-05-29,XBI,BNO,USL,-0.24564389381472118,-0.15038728582237104,False,False,False,0.007680249999999944,-0.09525660799235014,DBO,ARGT,-0.2084853868119546,-0.061564074943032066,False,False,False,0.004696538671851158,-0.14692131186892254
2026-06-30,BNO,USO,SLV,0.2451457568235098,-0.02587663642853366,False,False,True,0.005473720000000015,0.27102239325204347,TAN,BNO,-0.1332415503208082,0.2686416383716961,False,True,True,8.618831634521484e-05,-0.4018831886925043
