scenario,family,variant,daily_observations,signal_dates,available_tickers,inference_dropped_tickers,cagr_mean,cagr_median,cagr_p10,maxdd_mean,maxdd_p10,sharpe_mean,concentrated_100pct_rate,score_keys_identical,max_abs_score_delta,monthly_score_rank_correlation,unrestricted_top1_agreement,basket_top1_agreement,basket_top2_ordered_agreement,basket_top2_set_agreement,concentration_regime_agreement,decision_count,cagr_delta_vs_baseline_pp,maxdd_delta_vs_baseline_pp,sharpe_delta_vs_baseline,fraction_baskets_beating_baseline,elapsed_seconds
CONTROL_ANNUAL_EXPANDING,control,CONSENSUS_MULTI,2366,113,148,0,0.2046355388413887,0.2051752518028466,0.1160862689439615,-0.349159461229863,-0.4457216583218044,0.8341797711300486,0.1051150442477876,True,0.0,1.0,1.0,1.0,1.0,1.0,1.0,56500,1.6246207519581055,6.367521601972104,0.085231337566102,0.608,306.64865732192993
CONTROL_ANNUAL_EXPANDING,control,BASELINE_21,2366,113,148,0,0.1883893313218076,0.1823581427514479,0.0618332681272167,-0.412834677249584,-0.6094946000467583,0.7489484335639466,0.0709203539823008,True,0.0,1.0,1.0,1.0,1.0,1.0,1.0,56500,0.0,0.0,0.0,0.0,306.64865732192993
CONTROL_ANNUAL_EXPANDING,control,MULTI_45_35_20,2366,113,148,0,0.1976766102738228,0.1945740341363181,0.1065942298813622,-0.3713674044868409,-0.4916379166905693,0.7962036067426637,0.0871681415929203,True,0.0,1.0,1.0,1.0,1.0,1.0,1.0,56500,0.92872789520152,4.146727276274315,0.047255173178717,0.562,306.64865732192993
CUTOFF_DECEMBER,cutoff,CONSENSUS_MULTI,2366,113,148,0,0.1637009713800135,0.163600877708354,0.0925437794921087,-0.3827534687498276,-0.4986743378803935,0.7068763313763752,0.1064247787610619,True,0.4871621621621621,0.9708323640751452,0.5929203539823009,0.6757522123893805,0.4030442477876106,0.5203716814159292,0.8981238938053098,56500,-1.9161800661707225,3.3974879505925983,-0.0280671352843133,0.418,338.0030837059021
CUTOFF_DECEMBER,cutoff,MULTI_45_35_20,2366,113,148,0,0.1707493532629994,0.1717877806438142,0.0794761041973706,-0.4017725282631127,-0.537077287086865,0.7109446086177598,0.0881769911504424,True,0.4067567567567567,0.9720448331564974,0.5752212389380531,0.6966548672566372,0.4122654867256637,0.5236991150442478,0.913504424778761,56500,-1.211341877872127,1.495581999264084,-0.0239988580429287,0.464,338.0030837059021
CUTOFF_DECEMBER,cutoff,BASELINE_21,2366,113,148,0,0.1828627720417207,0.1798414408292465,0.0514415467941669,-0.4167283482557535,-0.6207389694735358,0.7349434666606885,0.0677522123893805,True,0.3547297297297296,0.9705124512828636,0.5132743362831859,0.6941238938053097,0.4217522123893805,0.5448849557522124,0.9289380530973452,56500,0.0,0.0,0.0,0.0,338.0030837059021
CUTOFF_FEBRUARY,cutoff,CONSENSUS_MULTI,2366,113,148,0,0.2029592622994489,0.2021113992790939,0.1154753398731641,-0.3483581848076698,-0.454407783104318,0.8276626102802279,0.1063362831858407,True,0.3310810810810811,0.985380413566056,0.7876106194690266,0.8241415929203539,0.6634159292035399,0.7321238938053097,0.941433628318584,56500,1.3573050023553246,5.410224556984067,0.0751669294826303,0.596,318.64393281936646
CUTOFF_FEBRUARY,cutoff,MULTI_45_35_20,2366,113,148,0,0.2014534209592076,0.1976966188082765,0.1045953086073961,-0.3710657420846585,-0.4894237328579515,0.8079827821119425,0.0904247787610619,True,0.3689189189189189,0.9853250586576202,0.7610619469026548,0.8225840707964602,0.6567787610619469,0.7253982300884956,0.952,56500,1.2067208683311987,3.139468829285197,0.0554871013143449,0.582,318.64393281936646
CUTOFF_FEBRUARY,cutoff,BASELINE_21,2366,113,148,0,0.1893862122758957,0.1873000273197522,0.0756492760185506,-0.4024604303775104,-0.575946323698426,0.7524956807975975,0.0715398230088495,True,0.4587837837837837,0.9759196356653188,0.5929203539823009,0.7590442477876106,0.5415929203539823,0.634424778761062,0.9400884955752212,56500,0.0,0.0,0.0,0.0,318.64393281936646
QUARTERLY_REFIT,cutoff,CONSENSUS_MULTI,2366,113,148,0,0.2022521678293115,0.2016492660506345,0.1158290071224295,-0.3485602545887641,-0.4621311346171069,0.8282714893187492,0.1039823008849557,True,0.3783783783783783,0.9760949083476824,0.672566371681416,0.7431327433628319,0.5334690265486726,0.6158230088495575,0.9267964601769912,56500,3.2040666853285638,7.892850469646834,0.1355385252199918,0.67,865.4498028755188
QUARTERLY_REFIT,cutoff,MULTI_45_35_20,2366,113,148,0,0.1718747714479138,0.1747634170619242,0.0617716799798241,-0.4055957429147575,-0.606431698802976,0.7108304584382427,0.0869734513274336,True,0.4256756756756756,0.975126631927724,0.6283185840707964,0.7349911504424779,0.5227964601769911,0.6082300884955752,0.9289734513274336,56500,0.1663270471887995,2.1893016370475027,0.0180974943394853,0.514,865.4498028755188
QUARTERLY_REFIT,cutoff,BASELINE_21,2366,113,148,0,0.1702115009760259,0.1672383976835411,0.0555027079179673,-0.4274887592852325,-0.6269875957679614,0.6927329640987573,0.0744247787610619,True,0.35,0.9714870296071978,0.6548672566371682,0.7508495575221239,0.5454690265486726,0.633362831858407,0.940283185840708,56500,0.0,0.0,0.0,0.0,865.4498028755188
ROLLING_5Y,window,CONSENSUS_MULTI,2366,113,148,0,0.1191946940732226,0.1214637991722095,0.0253941930893176,-0.4340045375056249,-0.5994131382663938,0.545839658761639,0.098070796460177,True,0.6858108108108109,0.8092908615881917,0.2035398230088495,0.3702123893805309,0.1173097345132743,0.1829911504424778,0.8378761061946902,56500,-2.935786383023305,-0.7781495712142705,-0.0863709800646964,0.324,177.39972639083862
ROLLING_5Y,window,MULTI_45_35_20,2366,113,148,0,0.144210225647618,0.1449612951059959,0.0508121331452978,-0.4288652396454452,-0.6287835595180601,0.6222218181405438,0.0788495575221239,True,0.6905405405405405,0.8163657852679305,0.2920353982300885,0.3615221238938053,0.1159646017699115,0.1825486725663717,0.8644601769911504,56500,-0.4342332255837716,-0.2642197851963013,-0.0099888206857916,0.476,177.39972639083862
ROLLING_5Y,window,BASELINE_21,2366,113,148,0,0.1485525579034557,0.1531556982803456,0.0467093296053891,-0.4262230417934822,-0.5897852570530521,0.6322106388263354,0.0607787610619469,True,0.6668918918918918,0.8064407127885593,0.2743362831858407,0.3995044247787611,0.1280530973451327,0.2003008849557522,0.8913097345132743,56500,0.0,0.0,0.0,0.0,177.39972639083862
ROLLING_7Y,window,CONSENSUS_MULTI,2366,113,148,0,0.1611610422947674,0.1630493684108586,0.0538196805351956,-0.4032312721108459,-0.5671158947152265,0.6747821465176467,0.0849557522123893,True,0.6810810810810811,0.8479407941964139,0.247787610619469,0.4185663716814159,0.1431327433628318,0.2128495575221239,0.8527256637168141,56500,-0.8803654957367762,2.240150869141916,-0.0157446572349435,0.42,195.73723888397217
ROLLING_7Y,window,MULTI_45_35_20,2366,113,148,0,0.1733794093008576,0.1742401429481201,0.0656360221130236,-0.4084297505338157,-0.6077701079795287,0.7123480156173784,0.0803539823008849,True,0.6858108108108109,0.8469551167288133,0.2389380530973451,0.402,0.1418938053097345,0.2207787610619469,0.8692920353982301,56500,0.3414712048722401,1.7203030268449326,0.0218212118647881,0.498,195.73723888397217
ROLLING_7Y,window,BASELINE_21,2366,113,148,0,0.1699646972521352,0.1679717101457977,0.0520282581937504,-0.4256327808022651,-0.5995680177894305,0.6905268037525902,0.0724070796460177,True,0.647972972972973,0.8091666829679344,0.2389380530973451,0.4288672566371681,0.1482831858407079,0.2275929203539823,0.8826194690265486,56500,0.0,0.0,0.0,0.0,195.73723888397217
ROLLING_10Y,window,MULTI_45_35_20,2366,113,148,0,0.1339443745581496,0.136690244358525,0.0239066376160744,-0.415890146558567,-0.5896605296602825,0.5934241044130877,0.0860176991150442,True,0.6574324324324324,0.8955498614477774,0.336283185840708,0.4512743362831858,0.1710442477876106,0.254212389380531,0.8718407079646018,56500,-3.0010699602050246,0.8981104487554292,-0.0824937541455935,0.316,223.15904879570007
ROLLING_10Y,window,CONSENSUS_MULTI,2366,113,148,0,0.1707133887270467,0.172095619870833,0.0740163789314021,-0.4193288945564887,-0.5464551641793325,0.7141491777896753,0.109433628318584,True,0.681081081081081,0.8763129458482092,0.3451327433628318,0.4427964601769911,0.164141592920354,0.2333805309734513,0.8410265486725663,56500,0.6758314566846918,0.5542356489632583,0.0382313192309941,0.51,223.15904879570007
ROLLING_10Y,window,BASELINE_21,2366,113,148,0,0.1639550741601998,0.1674262735622337,0.068389301017583,-0.4248712510461213,-0.5778601955835082,0.6759178585586813,0.0734690265486725,True,0.6574324324324323,0.8564272776062151,0.3805309734513274,0.4954513274336283,0.1988672566371681,0.2869911504424778,0.8926725663716815,56500,0.0,0.0,0.0,0.0,223.15904879570007
TRAIN_TICKER_DROPOUT_5PCT,ticker_training,CONSENSUS_MULTI,2366,113,148,0,0.1978899698047285,0.1986976915236632,0.1054128251455906,-0.3741594747004921,-0.4808129058052477,0.8099192155999719,0.1134159292035398,True,0.4256756756756756,0.9705676894777504,0.6017699115044248,0.6960176991150443,0.4117522123893805,0.5276283185840708,0.8967256637168142,56500,2.653335285112632,2.5815448384004567,0.1050148150293607,0.624,266.6282551288605
TRAIN_TICKER_DROPOUT_5PCT,ticker_training,BASELINE_21,2366,113,148,0,0.1713566169536022,0.174786497201396,0.0680046532280598,-0.3999749230844967,-0.5561108630989712,0.7049044005706112,0.0732389380530973,True,0.4587837837837838,0.9554466522236384,0.504424778761062,0.6690796460176991,0.3825309734513274,0.5073982300884956,0.9221061946902654,56500,0.0,0.0,0.0,0.0,266.6282551288605
TRAIN_TICKER_DROPOUT_5PCT,ticker_training,MULTI_45_35_20,2366,113,148,0,0.178804276734406,0.1773299875092147,0.0957410207948809,-0.38625791066894,-0.5047469983854337,0.7371743688007615,0.0954513274336283,True,0.4493243243243242,0.9684812768882654,0.5398230088495575,0.6890088495575222,0.4055575221238938,0.5237522123893805,0.9101946902654868,56500,0.7447659780803861,1.3717012415556729,0.0322699682301502,0.53,266.6282551288605
TRAIN_TICKER_DROPOUT_10PCT,ticker_training,CONSENSUS_MULTI,2366,113,148,0,0.1829541846208743,0.1882962381998155,0.0939846930315913,-0.3653530133870684,-0.4679179849666512,0.7580111634804316,0.1105486725663716,True,0.4162162162162161,0.969208254485421,0.495575221238938,0.6559469026548672,0.361787610619469,0.4774513274336283,0.8851504424778761,56500,0.6817222963451275,6.661185859437485,0.0513080761583777,0.526,295.7423985004425
TRAIN_TICKER_DROPOUT_10PCT,ticker_training,BASELINE_21,2366,113,148,0,0.176136961657423,0.180804244603868,0.0201857530065546,-0.4319648719814433,-0.6321323171145421,0.7067030873220539,0.0727256637168141,True,0.4162162162162161,0.9592584941082823,0.4867256637168141,0.631858407079646,0.3411681415929203,0.4652566371681416,0.916991150442478,56500,0.0,0.0,0.0,0.0,295.7423985004425
TRAIN_TICKER_DROPOUT_10PCT,ticker_training,MULTI_45_35_20,2366,113,148,0,0.1803518845930829,0.1840337861953821,0.0750769856956011,-0.4033611131136833,-0.5417062291063669,0.7296858765788168,0.0910973451327433,True,0.402027027027027,0.9630086364681348,0.3893805309734513,0.6256814159292036,0.3342477876106194,0.4478053097345132,0.8992566371681416,56500,0.4214922935659893,2.860375886775995,0.0229827892567628,0.528,295.7423985004425
FEATURE_NOISE_0_5PCT,price_vintage,CONSENSUS_MULTI,2366,113,148,0,0.202766489327504,0.2021659191119196,0.1234867072355555,-0.3412877563711431,-0.4392869463105478,0.8371135288768576,0.1079115044247787,True,0.4398648648648648,0.9738435621169058,0.5663716814159292,0.6943716814159292,0.4227433628318584,0.5457522123893805,0.9056283185840708,56500,3.155855938972074,7.3274953998133885,0.1367858787959031,0.628,330.37185502052307
FEATURE_NOISE_0_5PCT,price_vintage,MULTI_45_35_20,2366,113,148,0,0.1748161902105667,0.1743672377572217,0.0817963723226587,-0.3919763094627147,-0.5081756306003914,0.7241681474106447,0.0863008849557522,True,0.4256756756756757,0.9730093233790372,0.5663716814159292,0.6895044247787611,0.4068672566371681,0.5205309734513275,0.9120530973451328,56500,0.3608260272783409,2.2586400906562334,0.0238404973296901,0.51,330.37185502052307
FEATURE_NOISE_0_5PCT,price_vintage,BASELINE_21,2366,113,148,0,0.1712079299377833,0.1733357524349883,0.0502874837416992,-0.414562710369277,-0.5817150430680009,0.7003276500809545,0.0750973451327433,True,0.3405405405405405,0.9757656398599548,0.5132743362831859,0.7078230088495575,0.4295398230088496,0.556566371681416,0.9275398230088496,56500,0.0,0.0,0.0,0.0,330.37185502052307
FEATURE_NOISE_1PCT,price_vintage,MULTI_45_35_20,2366,113,148,0,0.189087752833594,0.1888838725927067,0.1053105651761291,-0.3894619581421368,-0.4992485617058416,0.7658862547779484,0.0889380530973451,True,0.3831081081081081,0.9766916549915406,0.6371681415929203,0.6908672566371682,0.4096637168141593,0.5277522123893805,0.911150442477876,56500,1.3243040481554087,2.76983953784124,0.0599226362644039,0.574,272.7996292114258
FEATURE_NOISE_1PCT,price_vintage,CONSENSUS_MULTI,2366,113,148,0,0.2031025965225016,0.2016023585855,0.1284397616302826,-0.3538037806545409,-0.4438529245106618,0.8291943691908304,0.1004778761061946,True,0.4777027027027027,0.9720485543265882,0.5309734513274337,0.6844955752212389,0.4089026548672566,0.5297522123893805,0.9013097345132745,56500,2.7257884170461684,6.335657286600838,0.123230750677286,0.656,272.7996292114258
FEATURE_NOISE_1PCT,price_vintage,BASELINE_21,2366,113,148,0,0.1758447123520399,0.1725550791069385,0.0581511665282817,-0.4171603535205492,-0.5745967418550794,0.7059636185135444,0.0732566371681416,True,0.3452702702702702,0.974217350170668,0.5221238938053098,0.6853628318584071,0.407858407079646,0.5354867256637168,0.9243185840707964,56500,0.0,0.0,0.0,0.0,272.7996292114258
FEATURE_NOISE_2PCT,price_vintage,MULTI_45_35_20,2366,113,148,0,0.1890496267188255,0.1887405011249253,0.0945934184447655,-0.365912968496974,-0.4811466813516915,0.7716760626149975,0.0896814159292035,True,0.5202702702702702,0.9733643395354886,0.5575221238938053,0.6735221238938053,0.3884424778761062,0.5086548672566372,0.9089557522123892,56500,0.8901596638862364,4.01142758300963,0.0427873295726212,0.554,274.17358565330505
FEATURE_NOISE_2PCT,price_vintage,BASELINE_21,2366,113,148,0,0.1801480300799632,0.1853741492645988,0.0675089306474813,-0.4060272443270703,-0.5555409248651555,0.7288887330423763,0.0748672566371681,True,0.3405405405405405,0.9677377210564126,0.495575221238938,0.67270796460177,0.3857522123893805,0.5084955752212389,0.9224955752212388,56500,0.0,0.0,0.0,0.0,274.17358565330505
FEATURE_NOISE_2PCT,price_vintage,CONSENSUS_MULTI,2366,113,148,0,0.2078600357668007,0.2093720755808666,0.1213565187598454,-0.3411700232168415,-0.4360337226710268,0.8458300820064975,0.105646017699115,True,0.420945945945946,0.97128915989915,0.5929203539823009,0.6907433628318584,0.4212389380530973,0.5344955752212389,0.9013451327433628,56500,2.7712005686837515,6.485722111022879,0.1169413489641211,0.664,274.17358565330505
LIVE_MISSING_5PCT_R1,ticker_live,BASELINE_21,2366,113,141,7,0.1767703913343793,0.1679456645235247,0.0579798106074759,-0.4255501798130437,-0.616493006615447,0.7132108024980395,0.0877345132743362,False,0.0,1.0,0.9469026548672568,0.9164778761061948,0.8311681415929204,0.8311681415929204,0.972566371681416,56500,0.0,0.0,0.0,0.0,100.68357133865356
LIVE_MISSING_5PCT_R1,ticker_live,MULTI_45_35_20,2366,113,141,7,0.1872607507441149,0.184047740476972,0.0962717438725485,-0.3822024953694884,-0.5024349652491867,0.76775244534004,0.0987433628318584,False,0.0,1.0,0.9203539823008848,0.9006194690265487,0.8184778761061947,0.8184778761061947,0.9681769911504424,56500,1.0490359409735583,4.334768444355536,0.0545416428420004,0.586,100.68357133865356
LIVE_MISSING_5PCT_R1,ticker_live,CONSENSUS_MULTI,2366,113,141,7,0.192765993139977,0.1927491303843923,0.1065225637080739,-0.3569681067106656,-0.4527925240768339,0.804466806476735,0.1166902654867256,False,0.0,1.0,0.911504424778761,0.8936106194690265,0.8100353982300885,0.8100353982300885,0.964212389380531,56500,1.599560180559767,6.858207310237818,0.0912560039786954,0.618,100.68357133865356
LIVE_MISSING_5PCT_R2,ticker_live,BASELINE_21,2366,113,141,7,0.1851748259210994,0.1783789102169243,0.0603856937487594,-0.4154649638685511,-0.6089759541196562,0.737221121745741,0.0788672566371681,False,0.0,1.0,0.9823008849557522,0.9644778761061948,0.9227964601769912,0.9227964601769912,0.986353982300885,56500,0.0,0.0,0.0,0.0,123.42806220054626
LIVE_MISSING_5PCT_R2,ticker_live,MULTI_45_35_20,2366,113,141,7,0.1991932899117987,0.195177689912137,0.105316872194318,-0.372574576502916,-0.4911672915550716,0.7981005169535307,0.0950619469026548,False,0.0,1.0,0.9734513274336284,0.9607433628318583,0.9136814159292036,0.9136814159292036,0.9855575221238938,56500,1.401846399069928,4.2890387365635165,0.0608793952077897,0.596,123.42806220054626
LIVE_MISSING_5PCT_R2,ticker_live,CONSENSUS_MULTI,2366,113,141,7,0.205487328523145,0.2039244031314958,0.1140219821355021,-0.3504819454003818,-0.4545395761020581,0.8351876123367006,0.1154867256637168,False,0.0,1.0,0.9557522123893806,0.9492035398230088,0.8902123893805309,0.8902123893805309,0.9812389380530974,56500,2.031250260204565,6.498301846816928,0.0979664905909596,0.626,123.42806220054626
LIVE_MISSING_5PCT_R3,ticker_live,BASELINE_21,2366,113,141,7,0.1987795122912616,0.1901016512935942,0.0897058543705164,-0.3694783159678063,-0.4697172017006323,0.7963349430923956,0.0817699115044247,False,0.0,1.0,0.7787610619469026,0.8640884955752213,0.7922300884955752,0.7922300884955752,0.96458407079646,56500,0.0,0.0,0.0,0.0,99.20522570610046
LIVE_MISSING_5PCT_R3,ticker_live,MULTI_45_35_20,2366,113,141,7,0.1949831294852364,0.1905917607751471,0.1030054538503833,-0.3675308649468167,-0.481991157232362,0.8026907989913543,0.0955929203539823,False,0.0,1.0,0.8761061946902655,0.9276106194690266,0.8712212389380531,0.8712212389380531,0.9745486725663716,56500,-0.3796382806025206,0.1947451020989643,0.0063558558989587,0.484,99.20522570610046
LIVE_MISSING_5PCT_R3,ticker_live,CONSENSUS_MULTI,2366,113,141,7,0.2048812683919795,0.2049644314911799,0.1147931883546198,-0.3415241398463039,-0.4364589713730226,0.8509419638646782,0.1114867256637168,False,0.0,1.0,0.8761061946902655,0.9323008849557524,0.8841592920353982,0.8841592920353982,0.9773097345132744,56500,0.6101756100717948,2.7954176121502416,0.0546070207722826,0.576,99.20522570610046
LIVE_MISSING_10PCT_R1,ticker_live,BASELINE_21,2366,113,134,15,0.1545332009844466,0.15350175984206,0.0494691365664533,-0.4393940023788424,-0.6297955492142582,0.6604696529557799,0.0954867256637168,False,0.0,1.0,0.8407079646017699,0.8634867256637168,0.7468672566371681,0.7468672566371681,0.956424778761062,56500,0.0,0.0,0.0,0.0,99.86378860473631
LIVE_MISSING_10PCT_R1,ticker_live,MULTI_45_35_20,2366,113,134,15,0.174698371494037,0.1719404528514878,0.0898171260363886,-0.3949775507495403,-0.5221135223525095,0.7357430883775787,0.1068672566371681,False,0.0,1.0,0.8849557522123894,0.8550442477876106,0.7355398230088496,0.7355398230088496,0.9503893805309734,56500,2.016517050959035,4.441645162930214,0.0752734354217988,0.642,99.86378860473631
LIVE_MISSING_10PCT_R1,ticker_live,CONSENSUS_MULTI,2366,113,134,15,0.1849477448612829,0.1862180126024206,0.1004977605836002,-0.3635307716484146,-0.4653819383273117,0.7867492142669605,0.1261946902654867,False,0.0,1.0,0.9026548672566372,0.8453982300884956,0.7210973451327434,0.7210973451327434,0.9466371681415928,56500,3.041454387683632,7.586323073042777,0.1262795613111806,0.69,99.86378860473631
LIVE_MISSING_10PCT_R2,ticker_live,BASELINE_21,2366,113,133,15,0.1651931872676326,0.1645061541315998,0.0557392760587261,-0.4281040376020721,-0.6230791994339601,0.6909572591229137,0.0870796460176991,False,0.0,1.0,0.8761061946902655,0.907150442477876,0.8255221238938053,0.8255221238938053,0.9687610619469028,56500,0.0,0.0,0.0,0.0,107.3855562210083
LIVE_MISSING_10PCT_R2,ticker_live,MULTI_45_35_20,2366,113,133,15,0.1910148673120801,0.1849822407092226,0.103059812477188,-0.3820113574343436,-0.5063538255990014,0.7786011869231884,0.1031858407079646,False,0.0,1.0,0.9380530973451328,0.9138230088495576,0.8218407079646017,0.8218407079646017,0.9669203539823008,56500,2.5821680044447515,4.60926801677285,0.0876439278002746,0.654,107.3855562210083
LIVE_MISSING_10PCT_R2,ticker_live,CONSENSUS_MULTI,2366,113,133,15,0.2016508374885605,0.2014394471817181,0.1083500974399854,-0.3539241311133658,-0.4545921041416852,0.8287732412234443,0.1252035398230088,False,0.0,1.0,0.9380530973451328,0.9007610619469026,0.7945309734513274,0.7945309734513274,0.9629557522123894,56500,3.645765022092786,7.417990648870631,0.1378159821005306,0.714,107.3855562210083
LIVE_MISSING_10PCT_R3,ticker_live,BASELINE_21,2366,113,133,15,0.1961992057053133,0.1889517447909671,0.0861529647009659,-0.3759523699583481,-0.4822784474816204,0.7865434905636848,0.0924247787610619,False,0.0,1.0,0.7787610619469026,0.8412743362831858,0.7337522123893805,0.7337522123893805,0.952442477876106,56500,0.0,0.0,0.0,0.0,95.6569402217865
LIVE_MISSING_10PCT_R3,ticker_live,MULTI_45_35_20,2366,113,133,15,0.1902115145441721,0.1884080796113421,0.096895789084052,-0.3785992343285141,-0.4911655225072611,0.7838550979136084,0.1058761061946902,False,0.0,1.0,0.8672566371681416,0.8962123893805309,0.7971858407079646,0.7971858407079646,0.9622477876106196,56500,-0.5987691161141201,-0.2646864370166091,-0.0026883926500763,0.476,95.6569402217865
LIVE_MISSING_10PCT_R3,ticker_live,CONSENSUS_MULTI,2366,113,133,15,0.2012603447932021,0.2000590003940278,0.1128503137032281,-0.3511792924627803,-0.4490820238805222,0.8357652012494033,0.1213451327433628,False,0.0,1.0,0.8761061946902655,0.9026725663716814,0.8105663716814159,0.8105663716814159,0.965008849557522,56500,0.50611390878888,2.477307749556773,0.0492217106857185,0.568,95.6569402217865
