year,cutoff,n_train,n_predict,max_train_exit63,maturity_ok
2011,2011-01-01,3850,1552,2010-12-31,True
2012,2012-01-01,5235,1637,2011-12-01,True
2013,2013-01-01,6850,1683,2012-12-05,True
2014,2014-01-01,8661,1740,2013-12-31,True
2015,2015-01-01,10387,1776,2014-12-31,True
2016,2016-01-01,12154,1788,2015-12-31,True
2017,2017-01-01,13793,1788,2016-12-01,True
2018,2018-01-01,15581,1788,2017-12-01,True
2019,2019-01-01,17369,1788,2018-12-03,True
2020,2020-01-01,19306,1788,2019-12-31,True
2021,2021-01-01,21094,1788,2020-12-31,True
2022,2022-01-01,22882,1788,2021-12-31,True
2023,2023-01-01,24521,1788,2022-12-01,True
2024,2024-01-01,26309,1788,2023-12-01,True
2025,2025-01-01,28246,1788,2024-12-31,True
2026,2026-01-01,30034,894,2025-12-31,True
