signal_date,ticker,LTR_SCORE,LTR_RANK,LTR_POSITION
2011-01-31,IWM,0.29055396,1,1.0
2011-01-31,EWY,0.19525503,2,0.9919354838709677
2011-01-31,EWP,0.18929337,3,0.9838709677419355
2011-01-31,SOXX,0.15646374,4,0.9758064516129032
2011-01-31,SMH,0.13302484,5,0.967741935483871
2011-01-31,VB,0.09073795,6,0.9596774193548387
2011-01-31,IWN,0.08448052,7,0.9516129032258065
2011-01-31,EWT,0.07121116,8,0.9435483870967742
2011-01-31,TAN,0.025317518,9,0.935483870967742
2011-01-31,FDN,-0.03425586,10,0.9274193548387096
2011-02-28,UNG,0.6306958,1,1.0
2011-02-28,PALL,0.5040035,2,0.992
2011-02-28,KBE,0.3987421,3,0.984
2011-02-28,SOXX,0.3950064,4,0.976
2011-02-28,TAN,0.37013447,5,0.968
2011-02-28,SMH,0.33308467,6,0.96
2011-02-28,EIDO,0.2979185,7,0.952
2011-02-28,TUR,0.1462169,8,0.944
2011-02-28,XLI,0.12223458,9,0.9359999999999999
2011-02-28,USO,0.09585887,10,0.928
2011-03-31,PALL,0.33458847,1,1.0
2011-03-31,CORN,0.22858171,2,0.992
2011-03-31,USO,0.20604603,3,0.984
2011-03-31,SLV,0.12878212,4,0.976
2011-03-31,GDXJ,0.0973486,5,0.968
2011-03-31,SOXX,0.07522291,6,0.96
2011-03-31,TUR,0.060170744,7,0.952
2011-03-31,EWP,0.048583776,8,0.944
2011-03-31,DBO,0.0438639,9,0.9359999999999999
2011-03-31,GSG,-0.010615389,10,0.928
2011-04-29,THD,0.5848737,1,1.0
2011-04-29,PALL,0.32711115,2,0.9920634920634921
2011-04-29,GDXJ,0.26932907,3,0.9841269841269842
2011-04-29,TAN,0.19464338,4,0.9761904761904762
2011-04-29,USO,0.108548455,5,0.9682539682539683
2011-04-29,GDX,0.10780361,6,0.9603174603174603
2011-04-29,XBI,0.07461392,7,0.9523809523809523
2011-04-29,UNG,0.043011792,8,0.9444444444444444
2011-04-29,EIDO,0.005506266,9,0.9365079365079365
2011-04-29,EPI,-0.0023517278,10,0.9285714285714286
2011-05-31,BNO,0.5821197,1,1.0
2011-05-31,USO,0.44966614,2,0.9921875
2011-05-31,EWY,0.14466032,3,0.984375
2011-05-31,THD,0.14109646,4,0.9765625
2011-05-31,USL,0.11613265,5,0.96875
2011-05-31,CORN,0.072788656,6,0.9609375
2011-05-31,IGV,0.051719036,7,0.953125
2011-05-31,DBO,0.051041633,8,0.9453125
2011-05-31,GDXJ,0.025561092,9,0.9375
2011-05-31,EDV,-0.052272744,10,0.9296875
2011-06-30,EDV,0.5162825,1,1.0
2011-06-30,IEF,0.44045344,2,0.9921875
2011-06-30,CORN,0.37545216,3,0.984375
2011-06-30,SLV,0.3206712,4,0.9765625
2011-06-30,VGLT,0.3206521,5,0.96875
2011-06-30,IAU,0.28139606,6,0.9609375
2011-06-30,GLD,0.25813505,7,0.953125
2011-06-30,BNO,0.24012746,8,0.9453125
2011-06-30,GDXJ,0.20356384,9,0.9375
2011-06-30,TUR,0.13287468,10,0.9296875
2011-07-29,TAN,0.5310656,1,1.0
2011-07-29,UNG,0.5104629,2,0.9922480620155039
2011-07-29,TUR,0.4824822,3,0.9844961240310077
2011-07-29,EWI,0.31568918,4,0.9767441860465116
2011-07-29,PALL,0.289786,5,0.9689922480620154
2011-07-29,EPHE,0.2392543,6,0.9612403100775194
2011-07-29,EIDO,0.2304915,7,0.9534883720930233
2011-07-29,GDXJ,0.22215652,8,0.9457364341085271
2011-07-29,THD,0.15508045,9,0.937984496124031
2011-07-29,URA,0.10240753,10,0.9302325581395349
2011-08-31,URA,0.63294095,1,1.0
2011-08-31,TAN,0.5529794,2,0.9922480620155039
2011-08-31,GDXJ,0.5297221,3,0.9844961240310077
2011-08-31,CORN,0.3633617,4,0.9767441860465116
2011-08-31,SLV,0.30256525,5,0.9689922480620154
2011-08-31,GDX,0.26589724,6,0.9612403100775194
2011-08-31,EWI,0.16439381,7,0.9534883720930233
2011-08-31,AGG,0.12623358,8,0.9457364341085271
2011-08-31,EPOL,0.12269898,9,0.937984496124031
2011-08-31,MBB,0.104197964,10,0.9302325581395349
2011-09-30,VCIT,0.4028264,1,1.0
2011-09-30,LQD,0.36871505,2,0.9922480620155039
2011-09-30,TLT,0.3481526,3,0.9844961240310077
2011-09-30,TIP,0.33539,4,0.9767441860465116
2011-09-30,VGLT,0.32691327,5,0.9689922480620154
2011-09-30,URA,0.31282791,6,0.9612403100775194
2011-09-30,SLV,0.31197113,7,0.9534883720930233
2011-09-30,TAN,0.27975595,8,0.9457364341085271
2011-09-30,GDX,0.27063087,9,0.937984496124031
2011-09-30,SCHP,0.23674406,10,0.9302325581395349
2011-10-31,EWD,0.478542,1,1.0
2011-10-31,EPOL,0.41485912,2,0.9923664122137404
2011-10-31,EWI,0.32512355,3,0.9847328244274809
2011-10-31,XLP,0.28973806,4,0.9770992366412213
2011-10-31,XLU,0.26641786,5,0.9694656488549618
2011-10-31,TAN,0.19601949,6,0.9618320610687023
2011-10-31,XLV,0.17663991,7,0.9541984732824428
2011-10-31,EIDO,0.1492419,8,0.9465648854961832
2011-10-31,XLK,0.13332021,9,0.9389312977099237
2011-10-31,SOXX,0.11602258,10,0.9312977099236641
2011-11-30,EDV,0.62235755,1,1.0
2011-11-30,IYT,0.44057837,2,0.9924812030075187
2011-11-30,TAN,0.4244392,3,0.9849624060150376
2011-11-30,IGV,0.372018,4,0.9774436090225564
2011-11-30,URA,0.3523074,5,0.9699248120300752
2011-11-30,IBB,0.23077105,6,0.9624060150375939
2011-11-30,XLI,0.19628057,7,0.9548872180451128
2011-11-30,SOXX,0.19408503,8,0.9473684210526316
2011-11-30,XLE,0.17684183,9,0.9398496240601504
2011-11-30,SMH,0.16689558,10,0.9323308270676691
2011-12-30,THD,0.43030867,1,1.0
2011-12-30,TUR,0.34890705,2,0.9924812030075187
2011-12-30,XLE,0.14550748,3,0.9849624060150376
2011-12-30,IWM,0.08182275,4,0.9774436090225564
2011-12-30,USO,-0.011718268,5,0.9699248120300752
2011-12-30,EPOL,-0.049269218,6,0.9624060150375939
2011-12-30,EDV,-0.051761534,7,0.9548872180451128
2011-12-30,EWG,-0.05361527,8,0.9473684210526316
2011-12-30,URA,-0.06284544,9,0.9398496240601504
2011-12-30,XRT,-0.07654072,10,0.9323308270676691
2012-01-31,KRE,0.8443287,1,1.0
2012-01-31,KBE,0.26082376,2,0.9925373134328358
2012-01-31,UNG,0.22843795,3,0.9850746268656716
2012-01-31,DBB,0.19978093,4,0.9776119402985075
2012-01-31,IHI,0.17881712,5,0.9701492537313433
2012-01-31,EIDO,0.1327516,6,0.9626865671641791
2012-01-31,IYT,0.11811275,7,0.9552238805970149
2012-01-31,SOXX,0.06738793,8,0.9477611940298507
2012-01-31,IYR,0.04561635,9,0.9402985074626866
2012-01-31,XBI,-0.053545058,10,0.9328358208955224
2012-02-29,TAN,0.4827382,1,1.0
2012-02-29,UNG,0.36667356,2,0.9925373134328358
2012-02-29,EWI,0.36124521,3,0.9850746268656716
2012-02-29,ICLN,0.23546222,4,0.9776119402985075
2012-02-29,EWP,0.21783745,5,0.9701492537313433
2012-02-29,EWO,0.18537319,6,0.9626865671641791
2012-02-29,EIDO,0.16527855,7,0.9552238805970149
2012-02-29,GDXJ,0.09545905,8,0.9477611940298507
2012-02-29,EIS,0.094340205,9,0.9402985074626866
2012-02-29,IWM,0.040560447,10,0.9328358208955224
2012-03-30,UNG,0.4109043,1,1.0
2012-03-30,ICLN,0.26109126,2,0.9925373134328358
2012-03-30,EDV,0.20653269,3,0.9850746268656716
2012-03-30,KBE,0.14497308,4,0.9776119402985075
2012-03-30,DBO,0.13310353,5,0.9701492537313433
2012-03-30,USL,0.08290677,6,0.9626865671641791
2012-03-30,USO,0.07815962,7,0.9552238805970149
2012-03-30,EWP,0.020505056,8,0.9477611940298507
2012-03-30,TUR,-0.054821387,9,0.9402985074626866
2012-03-30,EWI,-0.07459837,10,0.9328358208955224
2012-04-30,EWZ,0.1805808,1,1.0
2012-04-30,SLV,0.1761576,2,0.9925373134328358
2012-04-30,EPI,0.11723009,3,0.9850746268656716
2012-04-30,XRT,0.09978226,4,0.9776119402985075
2012-04-30,XLY,0.033629395,5,0.9701492537313433
2012-04-30,VGLT,0.013197591,6,0.9626865671641791
2012-04-30,QQQ,0.010381378,7,0.9552238805970149
2012-04-30,EDV,0.00908229,8,0.9477611940298507
2012-04-30,XLK,-0.019574134,9,0.9402985074626866
2012-04-30,HDV,-0.030096961,10,0.9328358208955224
2012-05-31,DBO,0.5910727,1,1.0
2012-05-31,TLT,0.49224654,2,0.9925373134328358
2012-05-31,IEF,0.48631695,3,0.9850746268656716
2012-05-31,TIP,0.46592766,4,0.9776119402985075
2012-05-31,AGG,0.36503243,5,0.9701492537313433
2012-05-31,IEI,0.34897888,6,0.9626865671641791
2012-05-31,VGIT,0.31940606,7,0.9552238805970149
2012-05-31,XLE,0.3000046,8,0.9477611940298507
2012-05-31,EWI,0.27978456,9,0.9402985074626866
2012-05-31,LQD,0.24591431,10,0.9328358208955224
2012-06-29,SHY,0.54400957,1,1.0
2012-06-29,IEF,0.43861783,2,0.9925925925925926
2012-06-29,PALL,0.41648957,3,0.9851851851851852
2012-06-29,SCHP,0.4056425,4,0.9777777777777777
2012-06-29,AGG,0.39011228,5,0.9703703703703703
2012-06-29,IEI,0.38953394,6,0.962962962962963
2012-06-29,GDXJ,0.384766,7,0.9555555555555556
2012-06-29,TAN,0.37825805,8,0.9481481481481482
2012-06-29,VCIT,0.26463512,9,0.9407407407407408
2012-06-29,BIL,0.25319174,10,0.9333333333333333
2012-07-31,TLT,0.6720457,1,1.0
2012-07-31,IEF,0.6151084,2,0.9926470588235294
2012-07-31,USL,0.58939564,3,0.9852941176470589
2012-07-31,VGIT,0.5854754,4,0.9779411764705882
2012-07-31,IEI,0.55506563,5,0.9705882352941176
2012-07-31,USO,0.5281483,6,0.9632352941176471
2012-07-31,TIP,0.4679806,7,0.9558823529411765
2012-07-31,DBO,0.46681067,8,0.9485294117647058
2012-07-31,VGLT,0.44607532,9,0.9411764705882353
2012-07-31,BIL,0.44296244,10,0.9338235294117647
2012-08-31,EWD,0.32641113,1,1.0
2012-08-31,ICLN,0.3036865,2,0.9926470588235294
2012-08-31,ARGT,0.29422855,3,0.9852941176470589
2012-08-31,EWZ,0.25289312,4,0.9779411764705882
2012-08-31,PALL,0.13493755,5,0.9705882352941176
2012-08-31,TAN,0.12164719,6,0.9632352941176471
2012-08-31,FXI,0.10497723,7,0.9558823529411765
2012-08-31,DBB,0.071779415,8,0.9485294117647058
2012-08-31,EIDO,0.0598823,9,0.9411764705882353
2012-08-31,EPOL,0.04467282,10,0.9338235294117647
2012-09-28,EWQ,0.58928,1,1.0
2012-09-28,EWI,0.41160193,2,0.9926470588235294
2012-09-28,EWG,0.40819365,3,0.9852941176470589
2012-09-28,GDXJ,0.32120502,4,0.9779411764705882
2012-09-28,UNG,0.248674,5,0.9705882352941176
2012-09-28,TUR,0.21597861,6,0.9632352941176471
2012-09-28,EWZ,0.14205734,7,0.9558823529411765
2012-09-28,PALL,0.12134448,8,0.9485294117647058
2012-09-28,SOXX,0.08022284,9,0.9411764705882353
2012-09-28,XLE,0.079365596,10,0.9338235294117647
2012-10-31,EPOL,0.689508,1,1.0
2012-10-31,USO,0.2336567,2,0.9927007299270073
2012-10-31,EWQ,0.20529334,3,0.9854014598540146
2012-10-31,EWI,0.17369261,4,0.9781021897810219
2012-10-31,MCHI,0.13749309,5,0.9708029197080292
2012-10-31,EPI,0.08190578,6,0.9635036496350365
2012-10-31,TUR,0.07083958,7,0.9562043795620438
2012-10-31,IBB,0.06737365,8,0.948905109489051
2012-10-31,EWH,0.04676924,9,0.9416058394160584
2012-10-31,TAN,0.038441777,10,0.9343065693430657
2012-11-30,EPOL,0.4683963,1,1.0
2012-11-30,EIDO,0.40556082,2,0.9927007299270073
2012-11-30,UNG,0.23161379,3,0.9854014598540146
2012-11-30,EWQ,0.14268713,4,0.9781021897810219
2012-11-30,TUR,0.073028,5,0.9708029197080292
2012-11-30,EWN,0.061218835,6,0.9635036496350365
2012-11-30,URA,0.05966369,7,0.9562043795620438
2012-11-30,EWM,0.017986372,8,0.948905109489051
2012-11-30,GDXJ,0.003237045,9,0.9416058394160584
2012-11-30,MCHI,-0.0296955,10,0.9343065693430657
2012-12-31,URA,0.3202552,1,1.0
2012-12-31,IYT,0.30960304,2,0.9927536231884058
2012-12-31,DGS,0.2956543,3,0.9855072463768116
2012-12-31,AAXJ,0.27636072,4,0.9782608695652174
2012-12-31,EWL,0.24137808,5,0.9710144927536232
2012-12-31,ICLN,0.23745357,6,0.9637681159420289
2012-12-31,UNG,0.1291295,7,0.9565217391304348
2012-12-31,EWO,0.12517627,8,0.9492753623188406
2012-12-31,KRE,0.058416497,9,0.9420289855072463
2012-12-31,EWI,0.038828656,10,0.9347826086956522
2013-01-31,GDX,0.7822897,1,1.0
2013-01-31,ICLN,0.48661965,2,0.9927536231884058
2013-01-31,GDXJ,0.38965893,3,0.9855072463768116
2013-01-31,TAN,0.33727276,4,0.9782608695652174
2013-01-31,EZA,0.29746908,5,0.9710144927536232
2013-01-31,UNG,0.28002352,6,0.9637681159420289
2013-01-31,TUR,0.23490381,7,0.9565217391304348
2013-01-31,EWM,0.22529954,8,0.9492753623188406
2013-01-31,EWY,0.16810378,9,0.9420289855072463
2013-01-31,SLV,0.1406688,10,0.9347826086956522
2013-02-28,UNG,0.5015248,1,1.0
2013-02-28,GDX,0.4382867,2,0.9927536231884058
2013-02-28,EPI,0.34982598,3,0.9855072463768116
2013-02-28,TAN,0.34376198,4,0.9782608695652174
2013-02-28,URA,0.2551832,5,0.9710144927536232
2013-02-28,DBC,0.14408536,6,0.9637681159420289
2013-02-28,INDA,0.1435179,7,0.9565217391304348
2013-02-28,PPLT,0.12523259,8,0.9492753623188406
2013-02-28,USO,0.10480752,9,0.9420289855072463
2013-02-28,EWP,0.08811787,10,0.9347826086956522
2013-03-28,EWP,0.4439452,1,1.0
2013-03-28,EWI,0.30474052,2,0.9927536231884058
2013-03-28,EWO,0.2896589,3,0.9855072463768116
2013-03-28,CORN,0.26098847,4,0.9782608695652174
2013-03-28,TAN,0.18551019,5,0.9710144927536232
2013-03-28,GDXJ,0.15796262,6,0.9637681159420289
2013-03-28,INDA,0.12973598,7,0.9565217391304348
2013-03-28,EPOL,0.096546054,8,0.9492753623188406
2013-03-28,EWZ,0.072223514,9,0.9420289855072463
2013-03-28,UNG,0.050825577,10,0.9347826086956522
2013-04-30,GDXJ,0.41864818,1,1.0
2013-04-30,SLV,0.3665653,2,0.9927536231884058
2013-04-30,TAN,0.32887083,3,0.9855072463768116
2013-04-30,XBI,0.26944813,4,0.9782608695652174
2013-04-30,XLV,0.240206,5,0.9710144927536232
2013-04-30,GDX,0.23892768,6,0.9637681159420289
2013-04-30,EPOL,0.23182814,7,0.9565217391304348
2013-04-30,IBB,0.22968215,8,0.9492753623188406
2013-04-30,EWI,0.14337127,9,0.9420289855072463
2013-04-30,UNG,0.027071346,10,0.9347826086956522
2013-05-31,GDXJ,0.36792046,1,1.0
2013-05-31,EWZ,0.22457512,2,0.9927536231884058
2013-05-31,GDX,0.21193074,3,0.9855072463768116
2013-05-31,CORN,0.1794483,4,0.9782608695652174
2013-05-31,RWX,0.10609812,5,0.9710144927536232
2013-05-31,EZA,0.07355596,6,0.9637681159420289
2013-05-31,SLV,0.006866889,7,0.9565217391304348
2013-05-31,RWO,0.0037170257,8,0.9492753623188406
2013-05-31,EDV,-0.044118837,9,0.9420289855072463
2013-05-31,THD,-0.11517319,10,0.9347826086956522
2013-06-28,GDXJ,0.5948577,1,1.0
2013-06-28,UNG,0.5280565,2,0.9928571428571429
2013-06-28,SLV,0.45349675,3,0.9857142857142858
2013-06-28,CORN,0.44210434,4,0.9785714285714285
2013-06-28,GDX,0.4037622,5,0.9714285714285714
2013-06-28,EWI,0.3704861,6,0.9642857142857143
2013-06-28,GLD,0.30916607,7,0.9571428571428572
2013-06-28,EPOL,0.2910943,8,0.95
2013-06-28,TAN,0.2871805,9,0.9428571428571428
2013-06-28,IAU,0.2648194,10,0.9357142857142857
2013-07-31,EPI,0.628698,1,1.0
2013-07-31,UNG,0.62354445,2,0.9928571428571429
2013-07-31,INDA,0.56400937,3,0.9857142857142858
2013-07-31,THD,0.5411537,4,0.9785714285714285
2013-07-31,EIDO,0.46588024,5,0.9714285714285714
2013-07-31,EWJ,0.3430273,6,0.9642857142857143
2013-07-31,CORN,0.32121995,7,0.9571428571428572
2013-07-31,EPHE,0.29023263,8,0.95
2013-07-31,EWM,0.27445346,9,0.9428571428571428
2013-07-31,PALL,0.11202587,10,0.9357142857142857
2013-08-30,EIDO,0.45609656,1,1.0
2013-08-30,GDX,0.3401997,2,0.9928571428571429
2013-08-30,TUR,0.2795957,3,0.9857142857142858
2013-08-30,EWK,0.2531537,4,0.9785714285714285
2013-08-30,EPHE,0.1627678,5,0.9714285714285714
2013-08-30,ICLN,0.15983757,6,0.9642857142857143
2013-08-30,INDA,0.07414801,7,0.9571428571428572
2013-08-30,GDXJ,0.04375062,8,0.95
2013-08-30,URA,0.039765105,9,0.9428571428571428
2013-08-30,EWP,0.038070895,10,0.9357142857142857
2013-09-30,THD,0.42532253,1,1.0
2013-09-30,TAN,0.38130945,2,0.9928571428571429
2013-09-30,UNG,0.37598586,3,0.9857142857142858
2013-09-30,FXI,0.3560919,4,0.9785714285714285
2013-09-30,MCHI,0.26234314,5,0.9714285714285714
2013-09-30,SLV,0.23407517,6,0.9642857142857143
2013-09-30,GDXJ,0.18858078,7,0.9571428571428572
2013-09-30,TUR,0.1812137,8,0.95
2013-09-30,EIDO,0.1791423,9,0.9428571428571428
2013-09-30,EPHE,0.085774936,10,0.9357142857142857
2013-10-31,UNG,0.41476762,1,1.0
2013-10-31,CORN,0.33334062,2,0.9928571428571429
2013-10-31,THD,0.29026324,3,0.9857142857142858
2013-10-31,SLV,0.27196822,4,0.9785714285714285
2013-10-31,GDXJ,0.24797583,5,0.9714285714285714
2013-10-31,TAN,0.1817234,6,0.9642857142857143
2013-10-31,XBI,0.15222561,7,0.9571428571428572
2013-10-31,INDA,0.13997391,8,0.95
2013-10-31,TUR,0.09745134,9,0.9428571428571428
2013-10-31,EIDO,0.07570799,10,0.9357142857142857
2013-11-29,GDXJ,0.5198335,1,1.0
2013-11-29,EPHE,0.38509312,2,0.9928571428571429
2013-11-29,GDX,0.379357,3,0.9857142857142858
2013-11-29,ENZL,0.26909056,4,0.9785714285714285
2013-11-29,TAN,0.25395665,5,0.9714285714285714
2013-11-29,EWA,0.24567188,6,0.9642857142857143
2013-11-29,XBI,0.21925606,7,0.9571428571428572
2013-11-29,EIDO,0.18673934,8,0.95
2013-11-29,PPLT,0.15021248,9,0.9428571428571428
2013-11-29,USO,0.12146519,10,0.9357142857142857
2013-12-31,TUR,0.8782578,1,1.0
2013-12-31,GDX,0.5545496,2,0.9929078014184397
2013-12-31,TAN,0.46035552,3,0.9858156028368794
2013-12-31,CORN,0.45531178,4,0.9787234042553191
2013-12-31,EIDO,0.41464752,5,0.9716312056737588
2013-12-31,GDXJ,0.3179633,6,0.9645390070921985
2013-12-31,SLV,0.18186396,7,0.9574468085106383
2013-12-31,THD,0.17275618,8,0.950354609929078
2013-12-31,UNG,0.16578609,9,0.9432624113475178
2013-12-31,EPHE,0.13767217,10,0.9361702127659575
2014-01-31,SLV,0.38280383,1,1.0
2014-01-31,TAN,0.31958896,2,0.9929078014184397
2014-01-31,UNG,0.2320248,3,0.9858156028368794
2014-01-31,GDXJ,0.16030104,4,0.9787234042553191
2014-01-31,XBI,0.10358737,5,0.9716312056737588
2014-01-31,IBB,0.091457024,6,0.9645390070921985
2014-01-31,EWP,0.05272735,7,0.9574468085106383
2014-01-31,EWZ,0.04790853,8,0.950354609929078
2014-01-31,FXI,0.016024806,9,0.9432624113475178
2014-01-31,PALL,0.014424094,10,0.9361702127659575
2014-02-28,TUR,0.6364851,1,1.0
2014-02-28,EIDO,0.5243278,2,0.9929577464788732
2014-02-28,UNG,0.4141864,3,0.9859154929577465
2014-02-28,THD,0.35031515,4,0.9788732394366197
2014-02-28,TAN,0.31334218,5,0.971830985915493
2014-02-28,FXI,0.30880404,6,0.9647887323943662
2014-02-28,EZA,0.30878443,7,0.9577464788732395
2014-02-28,IBB,0.2652909,8,0.9507042253521126
2014-02-28,SLV,0.2513417,9,0.9436619718309859
2014-02-28,GDX,0.25119594,10,0.9366197183098591
2014-03-31,GDXJ,0.68804383,1,1.0
2014-03-31,GDX,0.6585833,2,0.993006993006993
2014-03-31,TAN,0.5586591,3,0.986013986013986
2014-03-31,URA,0.39073336,4,0.9790209790209791
2014-03-31,PALL,0.38594073,5,0.972027972027972
2014-03-31,XBI,0.3827009,6,0.965034965034965
2014-03-31,UNG,0.31510863,7,0.958041958041958
2014-03-31,IBB,0.28821573,8,0.951048951048951
2014-03-31,FDN,0.26175168,9,0.9440559440559441
2014-03-31,KRE,0.14525175,10,0.9370629370629371
2014-04-30,FDN,0.56923705,1,1.0
2014-04-30,KRE,0.3833893,2,0.9930555555555556
2014-04-30,KWEB,0.36671433,3,0.9861111111111112
2014-04-30,XBI,0.36283818,4,0.9791666666666666
2014-04-30,UNG,0.3056582,5,0.9722222222222222
2014-04-30,KBE,0.28155446,6,0.9652777777777778
2014-04-30,URA,0.27041402,7,0.9583333333333334
2014-04-30,TAN,0.25008205,8,0.9513888888888888
2014-04-30,ICLN,0.23735514,9,0.9444444444444444
2014-04-30,SMH,0.18246102,10,0.9375
2014-05-30,EZA,0.8186946,1,1.0
2014-05-30,EIDO,0.7695203,2,0.9930555555555556
2014-05-30,EPI,0.7246553,3,0.9861111111111112
2014-05-30,INDA,0.7097763,4,0.9791666666666666
2014-05-30,GDXJ,0.6380904,5,0.9722222222222222
2014-05-30,EPHE,0.5567152,6,0.9652777777777778
2014-05-30,EWZ,0.5319815,7,0.9583333333333334
2014-05-30,TAN,0.49566013,8,0.9513888888888888
2014-05-30,GDX,0.43618113,9,0.9444444444444444
2014-05-30,TUR,0.41011176,10,0.9375
2014-06-30,KWEB,0.4116191,1,1.0
2014-06-30,URA,0.405654,2,0.9930555555555556
2014-06-30,EPOL,0.34786645,3,0.9861111111111112
2014-06-30,CORN,0.34131277,4,0.9791666666666666
2014-06-30,EWZ,0.33694392,5,0.9722222222222222
2014-06-30,EIDO,0.32584396,6,0.9652777777777778
2014-06-30,UNG,0.3027431,7,0.9583333333333334
2014-06-30,XBI,0.279369,8,0.9513888888888888
2014-06-30,IBB,0.24647374,9,0.9444444444444444
2014-06-30,GDXJ,0.24571049,10,0.9375
2014-07-31,THD,0.5375005,1,1.0
2014-07-31,EWZ,0.511718,2,0.993103448275862
2014-07-31,EPI,0.3617621,3,0.9862068965517241
2014-07-31,GDXJ,0.34747624,4,0.9793103448275862
2014-07-31,TUR,0.3002365,5,0.9724137931034482
2014-07-31,EPOL,0.25961393,6,0.9655172413793104
2014-07-31,UNG,0.2530781,7,0.9586206896551724
2014-07-31,ARGT,0.22052926,8,0.9517241379310345
2014-07-31,INDA,0.16464531,9,0.9448275862068966
2014-07-31,TAN,0.13344541,10,0.9379310344827586
2014-08-29,EPOL,0.48203853,1,1.0
2014-08-29,GDXJ,0.47613832,2,0.993103448275862
2014-08-29,GDX,0.46867457,3,0.9862068965517241
2014-08-29,TUR,0.45374382,4,0.9793103448275862
2014-08-29,KWEB,0.3526995,5,0.9724137931034482
2014-08-29,ARGT,0.31676456,6,0.9655172413793104
2014-08-29,XBI,0.2830557,7,0.9586206896551724
2014-08-29,EWZ,0.2474745,8,0.9517241379310345
2014-08-29,TAN,0.22561413,9,0.9448275862068966
2014-08-29,ASHR,0.22165887,10,0.9379310344827586
2014-09-30,URA,0.58995026,1,1.0
2014-09-30,TAN,0.5886742,2,0.993103448275862
2014-09-30,GDX,0.5153073,3,0.9862068965517241
2014-09-30,TUR,0.49014568,4,0.9793103448275862
2014-09-30,GDXJ,0.43360218,5,0.9724137931034482
2014-09-30,PALL,0.38070345,6,0.9655172413793104
2014-09-30,SLV,0.28708738,7,0.9586206896551724
2014-09-30,ARGT,0.25057054,8,0.9517241379310345
2014-09-30,KWEB,0.23724896,9,0.9448275862068966
2014-09-30,XBI,0.21774612,10,0.9379310344827586
2014-10-31,UNG,0.69289184,1,1.0
2014-10-31,EWZ,0.41511977,2,0.993103448275862
2014-10-31,GDXJ,0.41134772,3,0.9862068965517241
2014-10-31,GDX,0.35797596,4,0.9793103448275862
2014-10-31,USO,0.35039732,5,0.9724137931034482
2014-10-31,DBO,0.34604907,6,0.9655172413793104
2014-10-31,URA,0.32110235,7,0.9586206896551724
2014-10-31,EDV,0.25914544,8,0.9517241379310345
2014-10-31,SMH,0.2518124,9,0.9448275862068966
2014-10-31,BNO,0.21240383,10,0.9379310344827586
2014-11-28,DBO,0.82748985,1,1.0
2014-11-28,USO,0.8265984,2,0.993103448275862
2014-11-28,XLE,0.6979135,3,0.9862068965517241
2014-11-28,BNO,0.6739135,4,0.9793103448275862
2014-11-28,URA,0.6413984,5,0.9724137931034482
2014-11-28,USL,0.6292693,6,0.9655172413793104
2014-11-28,UNG,0.57218546,7,0.9586206896551724
2014-11-28,GSG,0.45798331,8,0.9517241379310345
2014-11-28,DBC,0.30886734,9,0.9448275862068966
2014-11-28,CORN,0.20154385,10,0.9379310344827586
2014-12-31,UNG,0.80659795,1,1.0
2014-12-31,USL,0.4080403,2,0.993103448275862
2014-12-31,DBO,0.40624827,3,0.9862068965517241
2014-12-31,BNO,0.40295428,4,0.9793103448275862
2014-12-31,USO,0.38411915,5,0.9724137931034482
2014-12-31,EWZ,0.37128267,6,0.9655172413793104
2014-12-31,GSG,0.30731207,7,0.9586206896551724
2014-12-31,URA,0.2973194,8,0.9517241379310345
2014-12-31,EWP,0.253392,9,0.9448275862068966
2014-12-31,IBB,0.22992878,10,0.9379310344827586
2015-01-30,ASHR,0.56592005,1,1.0
2015-01-30,DBO,0.372863,2,0.993103448275862
2015-01-30,TAN,0.35115713,3,0.9862068965517241
2015-01-30,GDXJ,0.3315604,4,0.9793103448275862
2015-01-30,UNG,0.30102655,5,0.9724137931034482
2015-01-30,URA,0.29430106,6,0.9655172413793104
2015-01-30,USO,0.27985862,7,0.9586206896551724
2015-01-30,EWP,0.2530312,8,0.9517241379310345
2015-01-30,BNO,0.22643577,9,0.9448275862068966
2015-01-30,USL,0.20133603,10,0.9379310344827586
2015-02-27,UNG,0.41375664,1,1.0
2015-02-27,CPER,0.3584913,2,0.9931506849315068
2015-02-27,DBO,0.3514853,3,0.9863013698630136
2015-02-27,URA,0.31961727,4,0.9794520547945206
2015-02-27,EWZ,0.31522262,5,0.9726027397260274
2015-02-27,GSG,0.30744562,6,0.9657534246575342
2015-02-27,USL,0.30638474,7,0.9589041095890412
2015-02-27,USO,0.2511426,8,0.952054794520548
2015-02-27,GDX,0.24726655,9,0.9452054794520548
2015-02-27,BNO,0.2417948,10,0.9383561643835616
2015-03-31,USL,0.4307796,1,1.0
2015-03-31,USO,0.40435225,2,0.9931506849315068
2015-03-31,BNO,0.38297367,3,0.9863013698630136
2015-03-31,DBO,0.35444596,4,0.9794520547945206
2015-03-31,GDXJ,0.30491567,5,0.9726027397260274
2015-03-31,GDX,0.27188075,6,0.9657534246575342
2015-03-31,SMH,0.2671207,7,0.9589041095890412
2015-03-31,SOXX,0.255415,8,0.952054794520548
2015-03-31,EWP,0.22896737,9,0.9452054794520548
2015-03-31,EPOL,0.1973491,10,0.9383561643835616
2015-04-30,UNG,0.6363156,1,1.0
2015-04-30,XBI,0.52317154,2,0.9931506849315068
2015-04-30,EZA,0.33359876,3,0.9863013698630136
2015-04-30,GDX,0.33137026,4,0.9794520547945206
2015-04-30,IBB,0.32497832,5,0.9726027397260274
2015-04-30,TUR,0.24625508,6,0.9657534246575342
2015-04-30,DBO,0.2292751,7,0.9589041095890412
2015-04-30,GDXJ,0.21333705,8,0.952054794520548
2015-04-30,CPER,0.15177871,9,0.9452054794520548
2015-04-30,USL,0.13514934,10,0.9383561643835616
2015-05-29,GDX,0.44951364,1,1.0
2015-05-29,EWZ,0.39567697,2,0.9931506849315068
2015-05-29,GDXJ,0.35445574,3,0.9863013698630136
2015-05-29,EWP,0.30398637,4,0.9794520547945206
2015-05-29,USO,0.2470238,5,0.9726027397260274
2015-05-29,MCHI,0.18254794,6,0.9657534246575342
2015-05-29,BNO,0.16590418,7,0.9589041095890412
2015-05-29,ASHR,0.16524065,8,0.952054794520548
2015-05-29,TAN,0.16488653,9,0.9452054794520548
2015-05-29,EPI,0.15989664,10,0.9383561643835616
2015-06-30,GDXJ,0.7566584,1,1.0
2015-06-30,BNO,0.61068517,2,0.9931972789115646
2015-06-30,CPER,0.60799533,3,0.9863945578231292
2015-06-30,EWO,0.5438031,4,0.9795918367346939
2015-06-30,TAN,0.5364959,5,0.9727891156462585
2015-06-30,ASHR,0.39549524,6,0.9659863945578231
2015-06-30,EWQ,0.39410698,7,0.9591836734693877
2015-06-30,MCHI,0.3923908,8,0.9523809523809523
2015-06-30,FXI,0.3879807,9,0.9455782312925171
2015-06-30,EWG,0.37661996,10,0.9387755102040817
2015-07-31,BNO,0.6026018,1,1.0
2015-07-31,USO,0.44368964,2,0.9932432432432432
2015-07-31,UNG,0.4149419,3,0.9864864864864865
2015-07-31,FXI,0.40339434,4,0.9797297297297297
2015-07-31,EWI,0.37787506,5,0.972972972972973
2015-07-31,ASHR,0.3744737,6,0.9662162162162162
2015-07-31,TAN,0.36156818,7,0.9594594594594594
2015-07-31,DBO,0.30110338,8,0.9527027027027027
2015-07-31,USL,0.29631293,9,0.9459459459459459
2015-07-31,EWZ,0.28339204,10,0.9391891891891891
2015-08-31,ASHR,0.53177685,1,1.0
2015-08-31,EWZ,0.4123131,2,0.9932432432432432
2015-08-31,TUR,0.37694812,3,0.9864864864864865
2015-08-31,FXI,0.2580652,4,0.9797297297297297
2015-08-31,KWEB,0.23091175,5,0.972972972972973
2015-08-31,EIDO,0.22543705,6,0.9662162162162162
2015-08-31,MCHI,0.18966126,7,0.9594594594594594
2015-08-31,TAN,0.1707973,8,0.9527027027027027
2015-08-31,TLT,0.12116432,9,0.9459459459459459
2015-08-31,BNO,0.08457539,10,0.9391891891891891
2015-09-30,GDXJ,0.55080634,1,1.0
2015-09-30,GDX,0.44919956,2,0.9932432432432432
2015-09-30,KWEB,0.3815473,3,0.9864864864864865
2015-09-30,MCHI,0.36458936,4,0.9797297297297297
2015-09-30,ASHR,0.31147376,5,0.972972972972973
2015-09-30,TUR,0.28100443,6,0.9662162162162162
2015-09-30,TAN,0.27797642,7,0.9594594594594594
2015-09-30,FXI,0.27380964,8,0.9527027027027027
2015-09-30,CPER,0.25175396,9,0.9459459459459459
2015-09-30,EIDO,0.23793244,10,0.9391891891891891
2015-10-30,BNO,0.47138175,1,1.0
2015-10-30,USL,0.33463737,2,0.9932432432432432
2015-10-30,EZA,0.3237103,3,0.9864864864864865
2015-10-30,EWM,0.2956657,4,0.9797297297297297
2015-10-30,DBO,0.28464332,5,0.972972972972973
2015-10-30,USO,0.26957265,6,0.9662162162162162
2015-10-30,PALL,0.20240834,7,0.9594594594594594
2015-10-30,UNG,0.19882801,8,0.9527027027027027
2015-10-30,EWZ,0.19617155,9,0.9459459459459459
2015-10-30,URA,0.15014854,10,0.9391891891891891
2015-11-30,IBB,0.3529183,1,1.0
2015-11-30,XRT,0.31657773,2,0.9932432432432432
2015-11-30,EZA,0.2987277,3,0.9864864864864865
2015-11-30,GDXJ,0.22629815,4,0.9797297297297297
2015-11-30,XBI,0.22023931,5,0.972972972972973
2015-11-30,GDX,0.18168896,6,0.9662162162162162
2015-11-30,EWM,0.16812594,7,0.9594594594594594
2015-11-30,PALL,0.16272262,8,0.9527027027027027
2015-11-30,ASHR,0.11760364,9,0.9459459459459459
2015-11-30,EIDO,0.102933004,10,0.9391891891891891
2015-12-31,XBI,0.39892823,1,1.0
2015-12-31,GDX,0.39359337,2,0.9932432432432432
2015-12-31,EIDO,0.31389534,3,0.9864864864864865
2015-12-31,EZA,0.26873612,4,0.9797297297297297
2015-12-31,IBB,0.2544707,5,0.972972972972973
2015-12-31,EWZ,0.193677,6,0.9662162162162162
2015-12-31,GDXJ,0.17404026,7,0.9594594594594594
2015-12-31,TUR,0.16737145,8,0.9527027027027027
2015-12-31,USO,0.12349205,9,0.9459459459459459
2015-12-31,EDV,0.099563956,10,0.9391891891891891
2016-01-29,ASHR,0.52288437,1,1.0
2016-01-29,GDX,0.36206383,2,0.9932432432432432
2016-01-29,UNG,0.32228205,3,0.9864864864864865
2016-01-29,GDXJ,0.29026365,4,0.9797297297297297
2016-01-29,XBI,0.2896196,5,0.972972972972973
2016-01-29,DBO,0.26118428,6,0.9662162162162162
2016-01-29,TAN,0.21397996,7,0.9594594594594594
2016-01-29,IBB,0.19263367,8,0.9527027027027027
2016-01-29,EDV,0.18567246,9,0.9459459459459459
2016-01-29,TLT,0.17307536,10,0.9391891891891891
2016-02-29,UNG,0.573797,1,1.0
2016-02-29,DBO,0.46962875,2,0.9932432432432432
2016-02-29,USO,0.4071593,3,0.9864864864864865
2016-02-29,TAN,0.3710802,4,0.9797297297297297
2016-02-29,USL,0.32518312,5,0.972972972972973
2016-02-29,IBB,0.2939697,6,0.9662162162162162
2016-02-29,XBI,0.2884591,7,0.9594594594594594
2016-02-29,EZA,0.254803,8,0.9527027027027027
2016-02-29,ASHR,0.15873036,9,0.9459459459459459
2016-02-29,BNO,0.05455956,10,0.9391891891891891
2016-03-31,DBO,0.6456777,1,1.0
2016-03-31,USL,0.6080609,2,0.9932432432432432
2016-03-31,BNO,0.54633623,3,0.9864864864864865
2016-03-31,USO,0.3567821,4,0.9797297297297297
2016-03-31,COMT,0.3307693,5,0.972972972972973
2016-03-31,TAN,0.31278932,6,0.9662162162162162
2016-03-31,XLE,0.3036878,7,0.9594594594594594
2016-03-31,GSG,0.26937196,8,0.9527027027027027
2016-03-31,EWZ,0.24237886,9,0.9459459459459459
2016-03-31,IBB,0.21164232,10,0.9391891891891891
2016-04-29,UNG,0.2653685,1,1.0
2016-04-29,XBI,0.21081205,2,0.9932432432432432
2016-04-29,IBB,0.1415555,3,0.9864864864864865
2016-04-29,EZA,0.11896274,4,0.9797297297297297
2016-04-29,TAN,0.110708065,5,0.972972972972973
2016-04-29,DBO,0.07879762,6,0.9662162162162162
2016-04-29,URA,0.061461587,7,0.9594594594594594
2016-04-29,EWJ,0.030299464,8,0.9527027027027027
2016-04-29,ASHR,0.029153157,9,0.9459459459459459
2016-04-29,USL,0.026104774,10,0.9391891891891891
2016-05-31,XRT,0.48978183,1,1.0
2016-05-31,TAN,0.45801586,2,0.9932432432432432
2016-05-31,EZA,0.37262598,3,0.9864864864864865
2016-05-31,GDX,0.30701697,4,0.9797297297297297
2016-05-31,UNG,0.28161088,5,0.972972972972973
2016-05-31,EWZ,0.2596003,6,0.9662162162162162
2016-05-31,GDXJ,0.23818268,7,0.9594594594594594
2016-05-31,IBB,0.18966678,8,0.9527027027027027
2016-05-31,XBI,0.18769863,9,0.9459459459459459
2016-05-31,TUR,0.13772067,10,0.9391891891891891
2016-06-30,EWP,0.5477553,1,1.0
2016-06-30,EWI,0.52592963,2,0.9932432432432432
2016-06-30,XBI,0.45444217,3,0.9864864864864865
2016-06-30,IBB,0.40250772,4,0.9797297297297297
2016-06-30,TUR,0.32643527,5,0.972972972972973
2016-06-30,USO,0.2649518,6,0.9662162162162162
2016-06-30,EIRL,0.18476853,7,0.9594594594594594
2016-06-30,EPOL,0.17365259,8,0.9527027027027027
2016-06-30,UNG,0.1388079,9,0.9459459459459459
2016-06-30,EWZ,0.11412824,10,0.9391891891891891
2016-07-29,USL,0.48260295,1,1.0
2016-07-29,USO,0.45553634,2,0.9932432432432432
2016-07-29,URA,0.43173394,3,0.9864864864864865
2016-07-29,DBO,0.40795,4,0.9797297297297297
2016-07-29,BNO,0.39660057,5,0.972972972972973
2016-07-29,TUR,0.2873486,6,0.9662162162162162
2016-07-29,KRE,0.28729513,7,0.9594594594594594
2016-07-29,UNG,0.2591001,8,0.9527027027027027
2016-07-29,EZA,0.24340087,9,0.9459459459459459
2016-07-29,GDX,0.22022021,10,0.9391891891891891
2016-08-31,EZA,0.34907335,1,1.0
2016-08-31,IBB,0.22938089,2,0.9932432432432432
2016-08-31,GDX,0.21961284,3,0.9864864864864865
2016-08-31,TUR,0.1891741,4,0.9797297297297297
2016-08-31,GDXJ,0.1833806,5,0.972972972972973
2016-08-31,URA,0.1717302,6,0.9662162162162162
2016-08-31,DBO,0.15068923,7,0.9594594594594594
2016-08-31,XBI,0.13266304,8,0.9527027027027027
2016-08-31,USL,0.11134205,9,0.9459459459459459
2016-08-31,BNO,0.08060033,10,0.9391891891891891
2016-09-30,UNG,0.43687564,1,1.0
2016-09-30,TUR,0.38516712,2,0.9932432432432432
2016-09-30,GDX,0.38366756,3,0.9864864864864865
2016-09-30,GDXJ,0.3811799,4,0.9797297297297297
2016-09-30,EWI,0.2808329,5,0.972972972972973
2016-09-30,BNO,0.20467761,6,0.9662162162162162
2016-09-30,DBO,0.19859834,7,0.9594594594594594
2016-09-30,USL,0.18122858,8,0.9527027027027027
2016-09-30,XRT,0.17694761,9,0.9459459459459459
2016-09-30,SLV,0.17371364,10,0.9391891891891891
2016-10-31,USL,0.41319528,1,1.0
2016-10-31,XBI,0.38064006,2,0.9932432432432432
2016-10-31,DBO,0.35485217,3,0.9864864864864865
2016-10-31,GDXJ,0.2717702,4,0.9797297297297297
2016-10-31,BNO,0.2602818,5,0.972972972972973
2016-10-31,PALL,0.2426892,6,0.9662162162162162
2016-10-31,TAN,0.19173227,7,0.9594594594594594
2016-10-31,USO,0.18638471,8,0.9527027027027027
2016-10-31,EPHE,0.094800405,9,0.9459459459459459
2016-10-31,IHI,0.09459425,10,0.9391891891891891
2016-11-30,IBB,0.54381067,1,1.0
2016-11-30,GDX,0.49550024,2,0.9932432432432432
2016-11-30,GDXJ,0.4469384,3,0.9864864864864865
2016-11-30,XBI,0.3221129,4,0.9797297297297297
2016-11-30,KRE,0.32021734,5,0.972972972972973
2016-11-30,XRT,0.27591264,6,0.9662162162162162
2016-11-30,KBE,0.26643553,7,0.9594594594594594
2016-11-30,IJR,0.18857609,8,0.9527027027027027
2016-11-30,IWM,0.18343516,9,0.9459459459459459
2016-11-30,EZA,0.16182505,10,0.9391891891891891
2016-12-30,XBI,0.4921697,1,1.0
2016-12-30,IBB,0.4196092,2,0.9932432432432432
2016-12-30,KWEB,0.37517333,3,0.9864864864864865
2016-12-30,GDXJ,0.3297445,4,0.9797297297297297
2016-12-30,EWZ,0.22614418,5,0.972972972972973
2016-12-30,USO,0.22509985,6,0.9662162162162162
2016-12-30,DBO,0.19497412,7,0.9594594594594594
2016-12-30,GDX,0.16609478,8,0.9527027027027027
2016-12-30,BNO,0.13570024,9,0.9459459459459459
2016-12-30,TAN,0.12251761,10,0.9391891891891891
2017-01-31,PALL,0.87195104,1,1.0
2017-01-31,EZA,0.6013032,2,0.9932432432432432
2017-01-31,GDX,0.45795825,3,0.9864864864864865
2017-01-31,URA,0.43850347,4,0.9797297297297297
2017-01-31,GDXJ,0.43440226,5,0.972972972972973
2017-01-31,TUR,0.4153585,6,0.9662162162162162
2017-01-31,SLV,0.408724,7,0.9594594594594594
2017-01-31,DBA,0.3895939,8,0.9527027027027027
2017-01-31,DBB,0.28135,9,0.9459459459459459
2017-01-31,IAU,0.20865187,10,0.9391891891891891
2017-02-28,UNG,0.72268504,1,1.0
2017-02-28,XRT,0.6395596,2,0.9932432432432432
2017-02-28,GDX,0.63903767,3,0.9864864864864865
2017-02-28,GDXJ,0.5879761,4,0.9797297297297297
2017-02-28,URA,0.40581155,5,0.972972972972973
2017-02-28,EZA,0.23523465,6,0.9662162162162162
2017-02-28,XBI,0.17855643,7,0.9594594594594594
2017-02-28,EDV,0.1588729,8,0.9527027027027027
2017-02-28,TUR,0.15575238,9,0.9459459459459459
2017-02-28,SOXX,0.117292956,10,0.9391891891891891
2017-03-31,EZA,0.6462926,1,1.0
2017-03-31,TUR,0.35549578,2,0.9932432432432432
2017-03-31,DBO,0.19915496,3,0.9864864864864865
2017-03-31,FXI,0.16824052,4,0.9797297297297297
2017-03-31,EPOL,0.14252883,5,0.972972972972973
2017-03-31,URA,0.12675948,6,0.9662162162162162
2017-03-31,XLE,0.11226738,7,0.9594594594594594
2017-03-31,KRE,0.10693942,8,0.9527027027027027
2017-03-31,UNG,0.10656512,9,0.9459459459459459
2017-03-31,BNO,0.085941575,10,0.9391891891891891
2017-04-28,GDXJ,0.9535399,1,1.0
2017-04-28,GDX,0.5989966,2,0.9932432432432432
2017-04-28,BNO,0.59088683,3,0.9864864864864865
2017-04-28,SLV,0.58733684,4,0.9797297297297297
2017-04-28,URA,0.58469087,5,0.972972972972973
2017-04-28,DBO,0.4443599,6,0.9662162162162162
2017-04-28,USO,0.3698016,7,0.9594594594594594
2017-04-28,PPLT,0.3371461,8,0.9527027027027027
2017-04-28,UNG,0.32379624,9,0.9459459459459459
2017-04-28,XLE,0.20111652,10,0.9391891891891891
2017-05-31,USO,0.60961205,1,1.0
2017-05-31,KRE,0.55814826,2,0.9932432432432432
2017-05-31,UNG,0.5521492,3,0.9864864864864865
2017-05-31,XLE,0.5079726,4,0.9797297297297297
2017-05-31,URA,0.42912322,5,0.972972972972973
2017-05-31,GDXJ,0.3857566,6,0.9662162162162162
2017-05-31,EWZ,0.3797562,7,0.9594594594594594
2017-05-31,DBO,0.23777147,8,0.9527027027027027
2017-05-31,XBI,0.23347019,9,0.9459459459459459
2017-05-31,GSG,0.22997649,10,0.9391891891891891
2017-06-30,SMH,0.47878247,1,1.0
2017-06-30,UNG,0.3569226,2,0.9932432432432432
2017-06-30,EWZ,0.30416292,3,0.9864864864864865
2017-06-30,SOXX,0.23732087,4,0.9797297297297297
2017-06-30,USO,0.22684409,5,0.972972972972973
2017-06-30,BNO,0.16842988,6,0.9662162162162162
2017-06-30,GDXJ,0.15923582,7,0.9594594594594594
2017-06-30,URA,0.15633327,8,0.9527027027027027
2017-06-30,GDX,0.14282452,9,0.9459459459459459
2017-06-30,USL,0.13481608,10,0.9391891891891891
2017-07-31,IHI,0.8692565,1,1.0
2017-07-31,SOXX,0.6929775,2,0.9932432432432432
2017-07-31,HACK,0.571159,3,0.9864864864864865
2017-07-31,FDN,0.5673548,4,0.9797297297297297
2017-07-31,SMH,0.5514682,5,0.972972972972973
2017-07-31,USL,0.46442774,6,0.9662162162162162
2017-07-31,BNO,0.44439802,7,0.9594594594594594
2017-07-31,DBO,0.2977667,8,0.9527027027027027
2017-07-31,GDXJ,0.26810843,9,0.9459459459459459
2017-07-31,USO,0.2627912,10,0.9391891891891891
2017-08-31,USO,0.5633361,1,1.0
2017-08-31,USL,0.26200563,2,0.9932432432432432
2017-08-31,GDXJ,0.25131783,3,0.9864864864864865
2017-08-31,UNG,0.22292894,4,0.9797297297297297
2017-08-31,CORN,0.16926529,5,0.972972972972973
2017-08-31,GDX,0.11776184,6,0.9662162162162162
2017-08-31,EIDO,0.10353977,7,0.9594594594594594
2017-08-31,KWEB,0.06013497,8,0.9527027027027027
2017-08-31,EPHE,0.022559822,9,0.9459459459459459
2017-08-31,XBI,0.021932323,10,0.9391891891891891
2017-09-29,EZA,0.49582213,1,1.0
2017-09-29,UNG,0.31737775,2,0.9932432432432432
2017-09-29,URA,0.2799034,3,0.9864864864864865
2017-09-29,TAN,0.21878359,4,0.9797297297297297
2017-09-29,KWEB,0.20182502,5,0.972972972972973
2017-09-29,EPOL,0.17266645,6,0.9662162162162162
2017-09-29,EIDO,0.15417737,7,0.9594594594594594
2017-09-29,KRE,0.14504346,8,0.9527027027027027
2017-09-29,PPLT,0.06731243,9,0.9459459459459459
2017-09-29,XBI,0.06260528,10,0.9391891891891891
2017-10-31,IBB,1.0402348,1,1.0
2017-10-31,XBI,0.69214594,2,0.9932432432432432
2017-10-31,GDXJ,0.59309566,3,0.9864864864864865
2017-10-31,EWZ,0.55568206,4,0.9797297297297297
2017-10-31,UNG,0.5013883,5,0.972972972972973
2017-10-31,KWEB,0.47600868,6,0.9662162162162162
2017-10-31,TUR,0.40665486,7,0.9594594594594594
2017-10-31,XRT,0.3994887,8,0.9527027027027027
2017-10-31,GDX,0.3926315,9,0.9459459459459459
2017-10-31,XLV,0.32673612,10,0.9391891891891891
2017-11-30,UNG,0.7204747,1,1.0
2017-11-30,SLV,0.7190569,2,0.9932432432432432
2017-11-30,KWEB,0.62071073,3,0.9864864864864865
2017-11-30,TUR,0.5765045,4,0.9797297297297297
2017-11-30,FXI,0.33913457,5,0.972972972972973
2017-11-30,ASHR,0.24309312,6,0.9662162162162162
2017-11-30,GDXJ,0.22034062,7,0.9594594594594594
2017-11-30,SMH,0.14211035,8,0.9527027027027027
2017-11-30,MCHI,0.1252196,9,0.9459459459459459
2017-11-30,SOXX,0.10510628,10,0.9391891891891891
2017-12-29,UNG,0.55564886,1,1.0
2017-12-29,XBI,0.3904768,2,0.9932432432432432
2017-12-29,URA,0.2805921,3,0.9864864864864865
2017-12-29,EWZ,0.1819579,4,0.9797297297297297
2017-12-29,KBE,0.16214171,5,0.972972972972973
2017-12-29,SLV,0.13929148,6,0.9662162162162162
2017-12-29,KRE,0.105261706,7,0.9594594594594594
2017-12-29,GDXJ,0.05152741,8,0.9527027027027027
2017-12-29,EDV,0.02810302,9,0.9459459459459459
2017-12-29,IWN,0.014715089,10,0.9391891891891891
2018-01-31,URA,0.71035,1,1.0
2018-01-31,PALL,0.51862204,2,0.9932432432432432
2018-01-31,EPHE,0.471096,3,0.9864864864864865
2018-01-31,XLE,0.2580703,4,0.9797297297297297
2018-01-31,TAN,0.2302861,5,0.972972972972973
2018-01-31,SOXX,0.2043449,6,0.9662162162162162
2018-01-31,GDX,0.16959357,7,0.9594594594594594
2018-01-31,GDXJ,0.16041179,8,0.9527027027027027
2018-01-31,FXI,0.11022707,9,0.9459459459459459
2018-01-31,EPOL,0.09009147,10,0.9391891891891891
2018-02-28,URA,0.31380478,1,1.0
2018-02-28,GDX,0.24782042,2,0.9932432432432432
2018-02-28,EIDO,0.20175806,3,0.9864864864864865
2018-02-28,TUR,0.19229765,4,0.9797297297297297
2018-02-28,FXI,0.17572768,5,0.972972972972973
2018-02-28,GDXJ,0.13760065,6,0.9662162162162162
2018-02-28,EPOL,0.12416536,7,0.9594594594594594
2018-02-28,XBI,0.118105315,8,0.9527027027027027
2018-02-28,SOXX,0.051577948,9,0.9459459459459459
2018-02-28,MCHI,0.04591568,10,0.9391891891891891
2018-03-29,URA,0.7225875,1,1.0
2018-03-29,XBI,0.3577684,2,0.9932432432432432
2018-03-29,FDN,0.32311803,3,0.9864864864864865
2018-03-29,EWZ,0.32115602,4,0.9797297297297297
2018-03-29,SOXX,0.27127984,5,0.972972972972973
2018-03-29,IBB,0.25940138,6,0.9662162162162162
2018-03-29,QQQ,0.25173542,7,0.9594594594594594
2018-03-29,TUR,0.23938292,8,0.9527027027027027
2018-03-29,SMH,0.23005787,9,0.9459459459459459
2018-03-29,KWEB,0.17124146,10,0.9391891891891891
2018-04-30,EIDO,0.37913713,1,1.0
2018-04-30,ITA,0.33337745,2,0.9932432432432432
2018-04-30,XLI,0.26505208,3,0.9864864864864865
2018-04-30,KWEB,0.25316676,4,0.9797297297297297
2018-04-30,TUR,0.2143741,5,0.972972972972973
2018-04-30,SMH,0.19669333,6,0.9662162162162162
2018-04-30,EZA,0.16389014,7,0.9594594594594594
2018-04-30,URA,0.08945383,8,0.9527027027027027
2018-04-30,SOXX,0.08152626,9,0.9459459459459459
2018-04-30,DBB,0.04620742,10,0.9391891891891891
2018-05-31,DBO,0.5328426,1,1.0
2018-05-31,USL,0.51757216,2,0.9932432432432432
2018-05-31,USO,0.5162751,3,0.9864864864864865
2018-05-31,EZA,0.48222125,4,0.9797297297297297
2018-05-31,URA,0.43269327,5,0.972972972972973
2018-05-31,EWI,0.28385067,6,0.9662162162162162
2018-05-31,ARGT,0.23093218,7,0.9594594594594594
2018-05-31,EWP,0.21163829,8,0.9527027027027027
2018-05-31,EWZ,0.18778944,9,0.9459459459459459
2018-05-31,TUR,0.12719119,10,0.9391891891891891
2018-06-29,ARGT,0.34524792,1,1.0
2018-06-29,URA,0.2870891,2,0.9932432432432432
2018-06-29,FDN,0.27740943,3,0.9864864864864865
2018-06-29,KBE,0.2431034,4,0.9797297297297297
2018-06-29,XBI,0.20920931,5,0.972972972972973
2018-06-29,SMH,0.204882,6,0.9662162162162162
2018-06-29,TUR,0.17809767,7,0.9594594594594594
2018-06-29,IBB,0.16683179,8,0.9527027027027027
2018-06-29,MCHI,0.1551384,9,0.9459459459459459
2018-06-29,SOXX,0.14741251,10,0.9391891891891891
2018-07-31,XBI,0.75347924,1,1.0
2018-07-31,IGV,0.6609951,2,0.9932432432432432
2018-07-31,HACK,0.65236735,3,0.9864864864864865
2018-07-31,FDN,0.6281368,4,0.9797297297297297
2018-07-31,KWEB,0.4266776,5,0.972972972972973
2018-07-31,BNO,0.27071097,6,0.9662162162162162
2018-07-31,IBB,0.26592842,7,0.9594594594594594
2018-07-31,URA,0.23412241,8,0.9527027027027027
2018-07-31,TUR,0.2007874,9,0.9459459459459459
2018-07-31,EZA,0.11788949,10,0.9391891891891891
2018-08-31,EWZ,0.36644274,1,1.0
2018-08-31,EZA,0.2699693,2,0.9932432432432432
2018-08-31,ARGT,0.22238036,3,0.9864864864864865
2018-08-31,KWEB,0.16471282,4,0.9797297297297297
2018-08-31,ASHR,0.060138345,5,0.972972972972973
2018-08-31,TAN,0.03250183,6,0.9662162162162162
2018-08-31,SMH,0.025845148,7,0.9594594594594594
2018-08-31,SLV,0.011963099,8,0.9527027027027027
2018-08-31,TUR,-0.00818141,9,0.9459459459459459
2018-08-31,GDX,-0.010472789,10,0.9391891891891891
2018-09-28,KRE,0.3605047,1,1.0
2018-09-28,KBE,0.31036267,2,0.9932432432432432
2018-09-28,EPI,0.30472794,3,0.9864864864864865
2018-09-28,TUR,0.26600623,4,0.9797297297297297
2018-09-28,BNO,0.10344475,5,0.972972972972973
2018-09-28,USO,0.074147545,6,0.9662162162162162
2018-09-28,URA,0.024612157,7,0.9594594594594594
2018-09-28,INDA,0.02007201,8,0.9527027027027027
2018-09-28,DBO,0.011730643,9,0.9459459459459459
2018-09-28,ASHR,-0.013159425,10,0.9391891891891891
2018-10-31,GDXJ,0.35180628,1,1.0
2018-10-31,ARGT,0.34360045,2,0.9932432432432432
2018-10-31,GDX,0.27208486,3,0.9864864864864865
2018-10-31,XBI,0.2693461,4,0.9797297297297297
2018-10-31,EZA,0.24244502,5,0.972972972972973
2018-10-31,MCHI,0.15115128,6,0.9662162162162162
2018-10-31,KWEB,0.10963129,7,0.9594594594594594
2018-10-31,EWZ,0.07843861,8,0.9527027027027027
2018-10-31,TUR,-0.0037349036,9,0.9459459459459459
2018-10-31,EWI,-0.026733002,10,0.9391891891891891
2018-11-30,GDXJ,0.40777683,1,1.0
2018-11-30,GDX,0.4074282,2,0.9932432432432432
2018-11-30,USO,0.34101203,3,0.9864864864864865
2018-11-30,USL,0.31950873,4,0.9797297297297297
2018-11-30,BNO,0.2829827,5,0.972972972972973
2018-11-30,DBO,0.27502525,6,0.9662162162162162
2018-11-30,EWZ,0.25717956,7,0.9594594594594594
2018-11-30,ARGT,0.21890226,8,0.9527027027027027
2018-11-30,PPLT,0.18469712,9,0.9459459459459459
2018-11-30,KWEB,0.112223074,10,0.9391891891891891
2018-12-31,UNG,0.6043403,1,1.0
2018-12-31,KWEB,0.33095413,2,0.9932432432432432
2018-12-31,DBO,0.28280085,3,0.9864864864864865
2018-12-31,BNO,0.26196536,4,0.9797297297297297
2018-12-31,USO,0.24392116,5,0.972972972972973
2018-12-31,USL,0.21180472,6,0.9662162162162162
2018-12-31,XBI,0.16893575,7,0.9594594594594594
2018-12-31,EZA,0.108569145,8,0.9527027027027027
2018-12-31,ARGT,0.017418351,9,0.9459459459459459
2018-12-31,XLE,0.004600863,10,0.9391891891891891
2019-01-31,BNO,0.47968847,1,1.0
2019-01-31,USL,0.4465791,2,0.9932432432432432
2019-01-31,XBI,0.39786732,3,0.9864864864864865
2019-01-31,KWEB,0.360859,4,0.9797297297297297
2019-01-31,UNG,0.26759288,5,0.972972972972973
2019-01-31,USO,0.25940195,6,0.9662162162162162
2019-01-31,DBO,0.25180894,7,0.9594594594594594
2019-01-31,MCHI,0.09946001,8,0.9527027027027027
2019-01-31,SOXX,0.092515334,9,0.9459459459459459
2019-01-31,TAN,0.05080934,10,0.9391891891891891
2019-02-28,EZA,0.48582497,1,1.0
2019-02-28,UNG,0.36700088,2,0.9932432432432432
2019-02-28,GDX,0.27218112,3,0.9864864864864865
2019-02-28,GDXJ,0.21376555,4,0.9797297297297297
2019-02-28,XBI,0.14214167,5,0.972972972972973
2019-02-28,URA,0.09412299,6,0.9662162162162162
2019-02-28,EDV,0.07434323,7,0.9594594594594594
2019-02-28,DBO,0.07307726,8,0.9527027027027027
2019-02-28,USO,0.045282025,9,0.9459459459459459
2019-02-28,TUR,0.041342005,10,0.9391891891891891
2019-03-29,TAN,0.5440106,1,1.0
2019-03-29,UNG,0.43037927,2,0.9932432432432432
2019-03-29,ARGT,0.33854166,3,0.9864864864864865
2019-03-29,KWEB,0.33401048,4,0.9797297297297297
2019-03-29,XBI,0.22428149,5,0.972972972972973
2019-03-29,TUR,0.20223728,6,0.9662162162162162
2019-03-29,EWZ,0.15111646,7,0.9594594594594594
2019-03-29,GDXJ,0.14778873,8,0.9527027027027027
2019-03-29,PALL,0.14407101,9,0.9459459459459459
2019-03-29,EZA,0.13081396,10,0.9391891891891891
2019-04-30,ARGT,0.5348106,1,1.0
2019-04-30,XBI,0.5306763,2,0.9932432432432432
2019-04-30,GDXJ,0.39830244,3,0.9864864864864865
2019-04-30,ASHR,0.23956776,4,0.9797297297297297
2019-04-30,TUR,0.2293441,5,0.972972972972973
2019-04-30,KWEB,0.21480198,6,0.9662162162162162
2019-04-30,IBB,0.18549497,7,0.9594594594594594
2019-04-30,TAN,0.18418612,8,0.9527027027027027
2019-04-30,USO,0.16132106,9,0.9459459459459459
2019-04-30,UNG,0.09698363,10,0.9391891891891891
2019-05-31,PALL,0.43986523,1,1.0
2019-05-31,EWZ,0.3983597,2,0.9932432432432432
2019-05-31,USO,0.3682304,3,0.9864864864864865
2019-05-31,KWEB,0.36202604,4,0.9797297297297297
2019-05-31,TUR,0.28722003,5,0.972972972972973
2019-05-31,KBE,0.26095504,6,0.9662162162162162
2019-05-31,SOXX,0.25290918,7,0.9594594594594594
2019-05-31,WOOD,0.22607431,8,0.9527027027027027
2019-05-31,ASHR,0.22363392,9,0.9459459459459459
2019-05-31,GDXJ,0.20466238,10,0.9391891891891891
2019-06-28,UNG,0.3773879,1,1.0
2019-06-28,TUR,0.3050775,2,0.9932432432432432
2019-06-28,SMH,0.29676685,3,0.9864864864864865
2019-06-28,SOXX,0.25867653,4,0.9797297297297297
2019-06-28,IYR,0.23259693,5,0.972972972972973
2019-06-28,KWEB,0.22957626,6,0.9662162162162162
2019-06-28,USL,0.22586444,7,0.9594594594594594
2019-06-28,XLU,0.21497284,8,0.9527027027027027
2019-06-28,BNO,0.213277,9,0.9459459459459459
2019-06-28,VNQ,0.17421857,10,0.9391891891891891
2019-07-31,UNG,0.34154832,1,1.0
2019-07-31,XBI,0.2423467,2,0.9932432432432432
2019-07-31,DBO,0.20020005,3,0.9864864864864865
2019-07-31,KWEB,0.19912907,4,0.9797297297297297
2019-07-31,BNO,0.19806021,5,0.972972972972973
2019-07-31,EZA,0.18772148,6,0.9662162162162162
2019-07-31,USO,0.18235153,7,0.9594594594594594
2019-07-31,USL,0.1717229,8,0.9527027027027027
2019-07-31,TUR,0.16265321,9,0.9459459459459459
2019-07-31,CORN,0.14782992,10,0.9391891891891891
2019-08-30,ARGT,0.5115516,1,1.0
2019-08-30,UNG,0.3398159,2,0.9932432432432432
2019-08-30,EZA,0.2874323,3,0.9864864864864865
2019-08-30,EWZ,0.25481215,4,0.9797297297297297
2019-08-30,GDXJ,0.23455873,5,0.972972972972973
2019-08-30,EDV,0.20955789,6,0.9662162162162162
2019-08-30,XBI,0.19905116,7,0.9594594594594594
2019-08-30,TUR,0.19085093,8,0.9527027027027027
2019-08-30,DBO,0.13455711,9,0.9459459459459459
2019-08-30,KWEB,0.12604074,10,0.9391891891891891
2019-09-30,KWEB,0.6159346,1,1.0
2019-09-30,UNG,0.38402182,2,0.9932432432432432
2019-09-30,USL,0.35103288,3,0.9864864864864865
2019-09-30,GDXJ,0.32596228,4,0.9797297297297297
2019-09-30,USO,0.22924808,5,0.972972972972973
2019-09-30,SLV,0.21686424,6,0.9662162162162162
2019-09-30,DBO,0.21680702,7,0.9594594594594594
2019-09-30,EZA,0.20956808,8,0.9527027027027027
2019-09-30,GDX,0.19087732,9,0.9459459459459459
2019-09-30,EDV,0.18482284,10,0.9391891891891891
2019-10-31,TAN,0.7708782,1,1.0
2019-10-31,ARGT,0.66816646,2,0.9932432432432432
2019-10-31,USO,0.4262987,3,0.9864864864864865
2019-10-31,USL,0.3987206,4,0.9797297297297297
2019-10-31,BNO,0.3527977,5,0.972972972972973
2019-10-31,DBO,0.3392761,6,0.9662162162162162
2019-10-31,GDX,0.3001322,7,0.9594594594594594
2019-10-31,TUR,0.22346546,8,0.9527027027027027
2019-10-31,GDXJ,0.22150524,9,0.9459459459459459
2019-10-31,EDV,0.21294834,10,0.9391891891891891
2019-11-29,UNG,0.42284924,1,1.0
2019-11-29,DBO,0.25770247,2,0.9932432432432432
2019-11-29,BNO,0.2434964,3,0.9864864864864865
2019-11-29,SLV,0.2427198,4,0.9797297297297297
2019-11-29,TAN,0.21009758,5,0.972972972972973
2019-11-29,USL,0.20984635,6,0.9662162162162162
2019-11-29,EWZ,0.2059065,7,0.9594594594594594
2019-11-29,GDXJ,0.1914857,8,0.9527027027027027
2019-11-29,USO,0.17359877,9,0.9459459459459459
2019-11-29,KWEB,0.14271393,10,0.9391891891891891
2019-12-31,UNG,0.6099325,1,1.0
2019-12-31,EDV,0.5151129,2,0.9932432432432432
2019-12-31,USO,0.357201,3,0.9864864864864865
2019-12-31,BNO,0.30727854,4,0.9797297297297297
2019-12-31,DBO,0.24028322,5,0.972972972972973
2019-12-31,XBI,0.2312549,6,0.9662162162162162
2019-12-31,PALL,0.20323403,7,0.9594594594594594
2019-12-31,TLT,0.14641544,8,0.9527027027027027
2019-12-31,GDX,0.117765516,9,0.9459459459459459
2019-12-31,EWZ,0.087836206,10,0.9391891891891891
2020-01-31,USO,0.43999586,1,1.0
2020-01-31,GDXJ,0.33173683,2,0.9932432432432432
2020-01-31,SOXX,0.2861872,3,0.9864864864864865
2020-01-31,GDX,0.28148317,4,0.9797297297297297
2020-01-31,ASHR,0.27105123,5,0.972972972972973
2020-01-31,EWY,0.21698299,6,0.9662162162162162
2020-01-31,KWEB,0.20277397,7,0.9594594594594594
2020-01-31,DBO,0.20132324,8,0.9527027027027027
2020-01-31,SMH,0.1997828,9,0.9459459459459459
2020-01-31,EZA,0.17718479,10,0.9391891891891891
2020-02-28,XLE,0.3039883,1,1.0
2020-02-28,ARGT,0.21824072,2,0.9932432432432432
2020-02-28,TUR,0.20633356,3,0.9864864864864865
2020-02-28,PPLT,0.15292645,4,0.9797297297297297
2020-02-28,XBI,0.12831974,5,0.972972972972973
2020-02-28,USO,0.11052461,6,0.9662162162162162
2020-02-28,UNG,0.0956855,7,0.9594594594594594
2020-02-28,BNO,0.073720604,8,0.9527027027027027
2020-02-28,EZA,0.07087442,9,0.9459459459459459
2020-02-28,EWY,0.04107198,10,0.9391891891891891
2020-03-31,EWZ,0.6529768,1,1.0
2020-03-31,TAN,0.56350976,2,0.9932432432432432
2020-03-31,USO,0.48828983,3,0.9864864864864865
2020-03-31,USL,0.2649654,4,0.9797297297297297
2020-03-31,XLE,0.21484049,5,0.972972972972973
2020-03-31,KRE,0.19012855,6,0.9662162162162162
2020-03-31,BNO,0.1773689,7,0.9594594594594594
2020-03-31,SOXX,0.14898056,8,0.9527027027027027
2020-03-31,GDXJ,0.13547377,9,0.9459459459459459
2020-03-31,KBE,0.12241134,10,0.9391891891891891
2020-04-30,PALL,0.5270095,1,1.0
2020-04-30,EWZ,0.23744154,2,0.9932432432432432
2020-04-30,USO,0.23637034,3,0.9864864864864865
2020-04-30,USL,0.18487874,4,0.9797297297297297
2020-04-30,BNO,0.16721335,5,0.972972972972973
2020-04-30,GDX,0.1520842,6,0.9662162162162162
2020-04-30,GDXJ,0.09311458,7,0.9594594594594594
2020-04-30,TAN,0.06711772,8,0.9527027027027027
2020-04-30,XLF,-0.025106134,9,0.9459459459459459
2020-04-30,ITA,-0.03987928,10,0.9391891891891891
2020-05-29,XLE,0.6638323,1,1.0
2020-05-29,UNG,0.31791806,2,0.9932432432432432
2020-05-29,USL,0.3095384,3,0.9864864864864865
2020-05-29,USO,0.3017482,4,0.9797297297297297
2020-05-29,PALL,0.26252145,5,0.972972972972973
2020-05-29,GDX,0.22321884,6,0.9662162162162162
2020-05-29,KRE,0.21086724,7,0.9594594594594594
2020-05-29,ARGT,0.15708233,8,0.9527027027027027
2020-05-29,DBO,0.1391019,9,0.9459459459459459
2020-05-29,BNO,0.13471845,10,0.9391891891891891
2020-06-30,UNG,0.62178427,1,1.0
2020-06-30,EZA,0.5127352,2,0.9932432432432432
2020-06-30,EWZ,0.4799386,3,0.9864864864864865
2020-06-30,EIDO,0.31524566,4,0.9797297297297297
2020-06-30,XLE,0.31034914,5,0.972972972972973
2020-06-30,USO,0.24594684,6,0.9662162162162162
2020-06-30,KRE,0.18585286,7,0.9594594594594594
2020-06-30,BNO,0.17972553,8,0.9527027027027027
2020-06-30,KBE,0.1214747,9,0.9459459459459459
2020-06-30,PPA,0.08564755,10,0.9391891891891891
2020-07-31,XBI,0.49911472,1,1.0
2020-07-31,ITA,0.39285526,2,0.9932432432432432
2020-07-31,EZA,0.35982388,3,0.9864864864864865
2020-07-31,EWZ,0.22560157,4,0.9797297297297297
2020-07-31,BNO,0.19067007,5,0.972972972972973
2020-07-31,KRE,0.1562226,6,0.9662162162162162
2020-07-31,KBE,0.1500232,7,0.9594594594594594
2020-07-31,PALL,0.12109637,8,0.9527027027027027
2020-07-31,GDXJ,0.1059312,9,0.9459459459459459
2020-07-31,EWP,0.10070959,10,0.9391891891891891
2020-08-31,EWZ,0.55716914,1,1.0
2020-08-31,XLE,0.43091637,2,0.9932432432432432
2020-08-31,EZA,0.41250342,3,0.9864864864864865
2020-08-31,KBE,0.36469522,4,0.9797297297297297
2020-08-31,KRE,0.3116455,5,0.972972972972973
2020-08-31,ITA,0.26755765,6,0.9662162162162162
2020-08-31,IWN,0.2326895,7,0.9594594594594594
2020-08-31,XBI,0.17035717,8,0.9527027027027027
2020-08-31,GDX,0.14758958,9,0.9459459459459459
2020-08-31,GDXJ,0.11647287,10,0.9391891891891891
2020-09-30,KBE,0.48745465,1,1.0
2020-09-30,SLV,0.4710197,2,0.9932432432432432
2020-09-30,EWZ,0.46669295,3,0.9864864864864865
2020-09-30,GDXJ,0.3968788,4,0.9797297297297297
2020-09-30,GDX,0.3624248,5,0.972972972972973
2020-09-30,UNG,0.2698383,6,0.9662162162162162
2020-09-30,KRE,0.25810364,7,0.9594594594594594
2020-09-30,EZA,0.1814548,8,0.9527027027027027
2020-09-30,ARGT,0.12156434,9,0.9459459459459459
2020-09-30,XLE,0.07815902,10,0.9391891891891891
2020-10-30,ITA,0.34505796,1,1.0
2020-10-30,BNO,0.3386207,2,0.9932432432432432
2020-10-30,XRT,0.30090427,3,0.9864864864864865
2020-10-30,EPOL,0.27925116,4,0.9797297297297297
2020-10-30,UNG,0.27670586,5,0.972972972972973
2020-10-30,GDX,0.2599399,6,0.9662162162162162
2020-10-30,GDXJ,0.24427895,7,0.9594594594594594
2020-10-30,SLV,0.17580159,8,0.9527027027027027
2020-10-30,USL,0.15935773,9,0.9459459459459459
2020-10-30,USO,0.14307325,10,0.9391891891891891
2020-11-30,GDX,0.63925403,1,1.0
2020-11-30,UNG,0.55394936,2,0.9932432432432432
2020-11-30,SLV,0.43121177,3,0.9864864864864865
2020-11-30,GDXJ,0.41141027,4,0.9797297297297297
2020-11-30,EIDO,0.37459636,5,0.972972972972973
2020-11-30,EWZ,0.3557452,6,0.9662162162162162
2020-11-30,KWEB,0.35186574,7,0.9594594594594594
2020-11-30,EPHE,0.3381499,8,0.9527027027027027
2020-11-30,KRE,0.20353413,9,0.9459459459459459
2020-11-30,EZA,0.15016212,10,0.9391891891891891
2020-12-31,UNG,0.71866953,1,1.0
2020-12-31,XBI,0.5370339,2,0.9932432432432432
2020-12-31,XLE,0.4957569,3,0.9864864864864865
2020-12-31,IBB,0.43154183,4,0.9797297297297297
2020-12-31,KWEB,0.42001548,5,0.972972972972973
2020-12-31,GDX,0.3985154,6,0.9662162162162162
2020-12-31,EWZ,0.32290435,7,0.9594594594594594
2020-12-31,KBE,0.29369816,8,0.9527027027027027
2020-12-31,HACK,0.2675565,9,0.9459459459459459
2020-12-31,KRE,0.2504994,10,0.9391891891891891
2021-01-29,UNG,0.53615904,1,1.0
2021-01-29,KBE,0.37918043,2,0.9932432432432432
2021-01-29,KWEB,0.35364085,3,0.9864864864864865
2021-01-29,XLE,0.31187734,4,0.9797297297297297
2021-01-29,EWZ,0.25243688,5,0.972972972972973
2021-01-29,EIDO,0.23765238,6,0.9662162162162162
2021-01-29,KRE,0.22306317,7,0.9594594594594594
2021-01-29,GDX,0.20336658,8,0.9527027027027027
2021-01-29,GDXJ,0.1846067,9,0.9459459459459459
2021-01-29,EDV,-0.00209534,10,0.9391891891891891
2021-02-26,EWZ,0.4605937,1,1.0
2021-02-26,KWEB,0.29171118,2,0.9932432432432432
2021-02-26,TAN,0.27238545,3,0.9864864864864865
2021-02-26,UNG,0.270057,4,0.9797297297297297
2021-02-26,ICLN,0.24368718,5,0.972972972972973
2021-02-26,XLE,0.21917485,6,0.9662162162162162
2021-02-26,XBI,0.119649,7,0.9594594594594594
2021-02-26,XRT,0.11296271,8,0.9527027027027027
2021-02-26,GDXJ,0.07285392,9,0.9459459459459459
2021-02-26,SOXX,0.065985546,10,0.9391891891891891
2021-03-31,GDXJ,0.46806887,1,1.0
2021-03-31,ICLN,0.45502177,2,0.9932432432432432
2021-03-31,KWEB,0.30820367,3,0.9864864864864865
2021-03-31,TAN,0.2910905,4,0.9797297297297297
2021-03-31,KRE,0.2562853,5,0.972972972972973
2021-03-31,UNG,0.16564636,6,0.9662162162162162
2021-03-31,TUR,0.13965693,7,0.9594594594594594
2021-03-31,XBI,0.11422784,8,0.9527027027027027
2021-03-31,SLV,0.11378908,9,0.9459459459459459
2021-03-31,KBE,0.08448248,10,0.9391891891891891
2021-04-30,TUR,0.5035054,1,1.0
2021-04-30,XBI,0.3779451,2,0.9932432432432432
2021-04-30,KRE,0.36075512,3,0.9864864864864865
2021-04-30,TAN,0.36054978,4,0.9797297297297297
2021-04-30,GDXJ,0.30008984,5,0.972972972972973
2021-04-30,ICLN,0.28386638,6,0.9662162162162162
2021-04-30,IWM,0.24951673,7,0.9594594594594594
2021-04-30,KBE,0.227754,8,0.9527027027027027
2021-04-30,KWEB,0.21841396,9,0.9459459459459459
2021-04-30,SMH,0.19941731,10,0.9391891891891891
2021-05-28,TUR,0.66223526,1,1.0
2021-05-28,KRE,0.51117617,2,0.9932432432432432
2021-05-28,KBE,0.30467895,3,0.9864864864864865
2021-05-28,IWN,0.24099106,4,0.9797297297297297
2021-05-28,KWEB,0.22074713,5,0.972972972972973
2021-05-28,XBI,0.18850647,6,0.9662162162162162
2021-05-28,TAN,0.15655206,7,0.9594594594594594
2021-05-28,ICLN,0.121611655,8,0.9527027027027027
2021-05-28,USO,0.10950551,9,0.9459459459459459
2021-05-28,BNO,0.039910965,10,0.9391891891891891
2021-06-30,CORN,0.6366908,1,1.0
2021-06-30,KWEB,0.5718804,2,0.9932432432432432
2021-06-30,TAN,0.34128523,3,0.9864864864864865
2021-06-30,TUR,0.32554847,4,0.9797297297297297
2021-06-30,ICLN,0.16256908,5,0.972972972972973
2021-06-30,XLE,0.10801087,6,0.9662162162162162
2021-06-30,SOXX,0.08998495,7,0.9594594594594594
2021-06-30,GDXJ,0.06264816,8,0.9527027027027027
2021-06-30,PALL,0.050123226,9,0.9459459459459459
2021-06-30,SMH,0.035171974,10,0.9391891891891891
2021-07-30,CORN,0.5315737,1,1.0
2021-07-30,PALL,0.45760623,2,0.9932432432432432
2021-07-30,URA,0.36939138,3,0.9864864864864865
2021-07-30,KWEB,0.36895826,4,0.9797297297297297
2021-07-30,TAN,0.35683718,5,0.972972972972973
2021-07-30,MCHI,0.31527853,6,0.9662162162162162
2021-07-30,GDXJ,0.27441216,7,0.9594594594594594
2021-07-30,KRE,0.2715329,8,0.9527027027027027
2021-07-30,KBE,0.26633164,9,0.9459459459459459
2021-07-30,FXI,0.23038039,10,0.9391891891891891
2021-08-31,TAN,0.6795472,1,1.0
2021-08-31,PALL,0.48201784,2,0.9932432432432432
2021-08-31,URA,0.44563174,3,0.9864864864864865
2021-08-31,GDXJ,0.23088185,4,0.9797297297297297
2021-08-31,KRE,0.20603229,5,0.972972972972973
2021-08-31,CORN,0.20458604,6,0.9662162162162162
2021-08-31,MCHI,0.18516776,7,0.9594594594594594
2021-08-31,KBE,0.13449505,8,0.9527027027027027
2021-08-31,FXI,0.119134516,9,0.9459459459459459
2021-08-31,GDX,0.09010471,10,0.9391891891891891
2021-09-30,KWEB,0.48387635,1,1.0
2021-09-30,TAN,0.46153727,2,0.9932432432432432
2021-09-30,MCHI,0.41796333,3,0.9864864864864865
2021-09-30,EWZ,0.4177328,4,0.9797297297297297
2021-09-30,KRE,0.32804674,5,0.972972972972973
2021-09-30,EZA,0.29633513,6,0.9662162162162162
2021-09-30,FXI,0.24029939,7,0.9594594594594594
2021-09-30,GDXJ,0.22683157,8,0.9527027027027027
2021-09-30,PPLT,0.07555801,9,0.9459459459459459
2021-09-30,UNG,0.069987625,10,0.9391891891891891
2021-10-29,PPLT,0.39240324,1,1.0
2021-10-29,PALL,0.36312798,2,0.9932432432432432
2021-10-29,UNG,0.2618052,3,0.9864864864864865
2021-10-29,EWZ,0.2345318,4,0.9797297297297297
2021-10-29,GDXJ,0.16362405,5,0.972972972972973
2021-10-29,TAN,0.15239248,6,0.9662162162162162
2021-10-29,GDX,0.14726615,7,0.9594594594594594
2021-10-29,KWEB,0.13343917,8,0.9527027027027027
2021-10-29,KRE,0.046859555,9,0.9459459459459459
2021-10-29,EDV,0.041897234,10,0.9391891891891891
2021-11-30,PALL,0.46646324,1,1.0
2021-11-30,EWZ,0.400626,2,0.9932432432432432
2021-11-30,ARGT,0.36265194,3,0.9864864864864865
2021-11-30,KWEB,0.34203294,4,0.9797297297297297
2021-11-30,TUR,0.32475954,5,0.972972972972973
2021-11-30,TAN,0.27930033,6,0.9662162162162162
2021-11-30,PPLT,0.25663057,7,0.9594594594594594
2021-11-30,UNG,0.13851836,8,0.9527027027027027
2021-11-30,URA,0.091266766,9,0.9459459459459459
2021-11-30,DBO,0.08709188,10,0.9391891891891891
2021-12-31,UNG,0.79922736,1,1.0
2021-12-31,KWEB,0.5657899,2,0.9932432432432432
2021-12-31,TUR,0.5617897,3,0.9864864864864865
2021-12-31,PALL,0.49443525,4,0.9797297297297297
2021-12-31,URA,0.43682256,5,0.972972972972973
2021-12-31,EWZ,0.34244934,6,0.9662162162162162
2021-12-31,TAN,0.3423772,7,0.9594594594594594
2021-12-31,PPLT,0.30120385,8,0.9527027027027027
2021-12-31,EZA,0.24432085,9,0.9459459459459459
2021-12-31,DBO,0.19109203,10,0.9391891891891891
2022-01-31,URA,0.41235778,1,1.0
2022-01-31,UNG,0.33574072,2,0.9932432432432432
2022-01-31,KWEB,0.29487154,3,0.9864864864864865
2022-01-31,PALL,0.26386574,4,0.9797297297297297
2022-01-31,GDXJ,0.24276422,5,0.972972972972973
2022-01-31,TAN,0.22605227,6,0.9662162162162162
2022-01-31,XBI,0.17107844,7,0.9594594594594594
2022-01-31,TUR,0.14937219,8,0.9527027027027027
2022-01-31,SOXX,0.08224006,9,0.9459459459459459
2022-01-31,ICLN,0.077157006,10,0.9391891891891891
2022-02-28,EWO,0.4979264,1,1.0
2022-02-28,EPOL,0.47790995,2,0.9932432432432432
2022-02-28,XRT,0.4241888,3,0.9864864864864865
2022-02-28,KWEB,0.42234766,4,0.9797297297297297
2022-02-28,TAN,0.40926868,5,0.972972972972973
2022-02-28,URA,0.34557945,6,0.9662162162162162
2022-02-28,TUR,0.3244983,7,0.9594594594594594
2022-02-28,XBI,0.31130108,8,0.9527027027027027
2022-02-28,PALL,0.28960267,9,0.9459459459459459
2022-02-28,ICLN,0.19503295,10,0.9391891891891891
2022-03-31,USO,0.36578137,1,1.0
2022-03-31,UNG,0.35794264,2,0.9932432432432432
2022-03-31,PALL,0.3294303,3,0.9864864864864865
2022-03-31,USL,0.32047966,4,0.9797297297297297
2022-03-31,GSG,0.31375897,5,0.972972972972973
2022-03-31,EPOL,0.21378686,6,0.9662162162162162
2022-03-31,COMT,0.20669384,7,0.9594594594594594
2022-03-31,XBI,0.16735393,8,0.9527027027027027
2022-03-31,DBO,0.14078395,9,0.9459459459459459
2022-03-31,BNO,0.13693544,10,0.9391891891891891
2022-04-29,KWEB,0.25220895,1,1.0
2022-04-29,EPOL,0.1883778,2,0.9932432432432432
2022-04-29,URA,0.18475637,3,0.9864864864864865
2022-04-29,UNG,0.16874023,4,0.9797297297297297
2022-04-29,BNO,0.16370142,5,0.972972972972973
2022-04-29,EWZ,0.1378389,6,0.9662162162162162
2022-04-29,MCHI,0.13052598,7,0.9594594594594594
2022-04-29,PALL,0.10952838,8,0.9527027027027027
2022-04-29,GDX,0.10400064,9,0.9459459459459459
2022-04-29,GDXJ,0.087172456,10,0.9391891891891891
2022-05-31,PALL,0.47808203,1,1.0
2022-05-31,KWEB,0.41827276,2,0.9932432432432432
2022-05-31,FDN,0.40026763,3,0.9864864864864865
2022-05-31,XLY,0.3939128,4,0.9797297297297297
2022-05-31,IGV,0.3724438,5,0.972972972972973
2022-05-31,UNG,0.3545977,6,0.9662162162162162
2022-05-31,XRT,0.33846372,7,0.9594594594594594
2022-05-31,XBI,0.25551262,8,0.9527027027027027
2022-05-31,BNO,0.123545066,9,0.9459459459459459
2022-05-31,USO,0.10616746,10,0.9391891891891891
2022-06-30,ARGT,0.7219122,1,1.0
2022-06-30,GDXJ,0.62125385,2,0.9932432432432432
2022-06-30,SOXX,0.47092858,3,0.9864864864864865
2022-06-30,GDX,0.43916065,4,0.9797297297297297
2022-06-30,URA,0.3076134,5,0.972972972972973
2022-06-30,XRT,0.26735997,6,0.9662162162162162
2022-06-30,XLY,0.2245876,7,0.9594594594594594
2022-06-30,EWZ,0.15468058,8,0.9527027027027027
2022-06-30,FDN,0.15039814,9,0.9459459459459459
2022-06-30,EPOL,0.1478534,10,0.9391891891891891
2022-07-29,GDX,0.5056103,1,1.0
2022-07-29,URA,0.4396287,2,0.9932432432432432
2022-07-29,HACK,0.2672391,3,0.9864864864864865
2022-07-29,EPOL,0.24332297,4,0.9797297297297297
2022-07-29,GDXJ,0.22372569,5,0.972972972972973
2022-07-29,UNG,0.21237075,6,0.9662162162162162
2022-07-29,FDN,0.15599306,7,0.9594594594594594
2022-07-29,EWZ,0.13300782,8,0.9527027027027027
2022-07-29,EWI,0.13096927,9,0.9459459459459459
2022-07-29,ICLN,0.11795501,10,0.9391891891891891
2022-08-31,GDX,0.3973628,1,1.0
2022-08-31,GDXJ,0.3194718,2,0.9932432432432432
2022-08-31,KWEB,0.248678,3,0.9864864864864865
2022-08-31,SMH,0.18796927,4,0.9797297297297297
2022-08-31,PALL,0.18000221,5,0.972972972972973
2022-08-31,UNG,0.17604865,6,0.9662162162162162
2022-08-31,XBI,0.17535333,7,0.9594594594594594
2022-08-31,URA,0.108122885,8,0.9527027027027027
2022-08-31,SOXX,0.0710877,9,0.9459459459459459
2022-08-31,IGV,0.05685508,10,0.9391891891891891
2022-09-30,KWEB,0.52811104,1,1.0
2022-09-30,GDXJ,0.20417021,2,0.9932432432432432
2022-09-30,UNG,0.11761594,3,0.9864864864864865
2022-09-30,EPOL,0.115085356,4,0.9797297297297297
2022-09-30,MCHI,0.07295422,5,0.972972972972973
2022-09-30,GDX,0.068458006,6,0.9662162162162162
2022-09-30,PALL,0.063060254,7,0.9594594594594594
2022-09-30,URA,0.059077226,8,0.9527027027027027
2022-09-30,USO,-0.04654585,9,0.9459459459459459
2022-09-30,EWZ,-0.07826444,10,0.9391891891891891
2022-10-31,UNG,0.5720528,1,1.0
2022-10-31,FXI,0.4811557,2,0.9932432432432432
2022-10-31,MCHI,0.48001236,3,0.9864864864864865
2022-10-31,KWEB,0.47736287,4,0.9797297297297297
2022-10-31,PALL,0.37464792,5,0.972972972972973
2022-10-31,TAN,0.35892436,6,0.9662162162162162
2022-10-31,EWZ,0.13871494,7,0.9594594594594594
2022-10-31,XLE,0.09630402,8,0.9527027027027027
2022-10-31,SOXX,0.06918023,9,0.9459459459459459
2022-10-31,TUR,0.060395047,10,0.9391891891891891
2022-11-30,PALL,0.58682764,1,1.0
2022-11-30,DBO,0.35681516,2,0.9932432432432432
2022-11-30,URA,0.3437488,3,0.9864864864864865
2022-11-30,KWEB,0.3301264,4,0.9797297297297297
2022-11-30,FXI,0.22271879,5,0.972972972972973
2022-11-30,USO,0.21334118,6,0.9662162162162162
2022-11-30,GDX,0.11911365,7,0.9594594594594594
2022-11-30,UNG,0.11020574,8,0.9527027027027027
2022-11-30,FDN,0.108261675,9,0.9459459459459459
2022-11-30,BNO,0.10081846,10,0.9391891891891891
2022-12-30,EDV,0.5284344,1,1.0
2022-12-30,PALL,0.24915266,2,0.9932432432432432
2022-12-30,UNG,0.2071376,3,0.9864864864864865
2022-12-30,PPLT,0.17508611,4,0.9797297297297297
2022-12-30,SOXX,0.16608597,5,0.972972972972973
2022-12-30,XLY,0.1383338,6,0.9662162162162162
2022-12-30,GDXJ,0.08530156,7,0.9594594594594594
2022-12-30,KWEB,0.08156653,8,0.9527027027027027
2022-12-30,BNO,0.052591033,9,0.9459459459459459
2022-12-30,FXI,0.048713546,10,0.9391891891891891
2023-01-31,PALL,0.6499766,1,1.0
2023-01-31,FXI,0.46212116,2,0.9932432432432432
2023-01-31,UNG,0.45408052,3,0.9864864864864865
2023-01-31,KWEB,0.43850014,4,0.9797297297297297
2023-01-31,GDXJ,0.27630672,5,0.972972972972973
2023-01-31,TUR,0.26992664,6,0.9662162162162162
2023-01-31,GDX,0.17897387,7,0.9594594594594594
2023-01-31,MCHI,0.11557606,8,0.9527027027027027
2023-01-31,BNO,0.06765334,9,0.9459459459459459
2023-01-31,USO,0.062640525,10,0.9391891891891891
2023-02-28,TAN,0.38099292,1,1.0
2023-02-28,GDX,0.2757545,2,0.9932432432432432
2023-02-28,KWEB,0.27137983,3,0.9864864864864865
2023-02-28,GDXJ,0.25295007,4,0.9797297297297297
2023-02-28,PALL,0.21719767,5,0.972972972972973
2023-02-28,FXI,0.20329188,6,0.9662162162162162
2023-02-28,ARGT,0.0638324,7,0.9594594594594594
2023-02-28,SOXX,0.06238706,8,0.9527027027027027
2023-02-28,EDV,0.05183284,9,0.9459459459459459
2023-02-28,UNG,0.039865863,10,0.9391891891891891
2023-03-31,UNG,0.63155586,1,1.0
2023-03-31,TUR,0.39049062,2,0.9932432432432432
2023-03-31,PALL,0.3634781,3,0.9864864864864865
2023-03-31,EDV,0.31210354,4,0.9797297297297297
2023-03-31,XBI,0.26022223,5,0.972972972972973
2023-03-31,KWEB,0.22928548,6,0.9662162162162162
2023-03-31,BNO,0.19638513,7,0.9594594594594594
2023-03-31,USO,0.09538328,8,0.9527027027027027
2023-03-31,TAN,0.092785366,9,0.9459459459459459
2023-03-31,USL,0.09009008,10,0.9391891891891891
2023-04-28,KWEB,0.5530325,1,1.0
2023-04-28,KRE,0.47782633,2,0.9932432432432432
2023-04-28,TUR,0.40955868,3,0.9864864864864865
2023-04-28,TAN,0.39180303,4,0.9797297297297297
2023-04-28,FXI,0.3342824,5,0.972972972972973
2023-04-28,KBE,0.32148936,6,0.9662162162162162
2023-04-28,ICLN,0.2991752,7,0.9594594594594594
2023-04-28,SOXX,0.19207218,8,0.9527027027027027
2023-04-28,UNG,0.16205217,9,0.9459459459459459
2023-04-28,PALL,0.15373792,10,0.9391891891891891
2023-05-31,PALL,0.4684007,1,1.0
2023-05-31,GDX,0.3669018,2,0.9932432432432432
2023-05-31,KWEB,0.3390513,3,0.9864864864864865
2023-05-31,KRE,0.24409592,4,0.9797297297297297
2023-05-31,XRT,0.24385099,5,0.972972972972973
2023-05-31,EPOL,0.19668202,6,0.9662162162162162
2023-05-31,FXI,0.18566422,7,0.9594594594594594
2023-05-31,GDXJ,0.18421535,8,0.9527027027027027
2023-05-31,KBE,0.1344739,9,0.9459459459459459
2023-05-31,XBI,0.11990063,10,0.9391891891891891
2023-06-30,GDXJ,0.6037655,1,1.0
2023-06-30,XBI,0.44252408,2,0.9932432432432432
2023-06-30,TUR,0.413302,3,0.9864864864864865
2023-06-30,CORN,0.38083893,4,0.9797297297297297
2023-06-30,PALL,0.36335933,5,0.972972972972973
2023-06-30,GDX,0.3267738,6,0.9662162162162162
2023-06-30,KRE,0.3126291,7,0.9594594594594594
2023-06-30,KWEB,0.24845889,8,0.9527027027027027
2023-06-30,KBE,0.24760696,9,0.9459459459459459
2023-06-30,TAN,0.22988561,10,0.9391891891891891
2023-07-31,PALL,0.5264148,1,1.0
2023-07-31,TAN,0.456969,2,0.9932432432432432
2023-07-31,GDXJ,0.38676074,3,0.9864864864864865
2023-07-31,SOXX,0.3352477,4,0.9797297297297297
2023-07-31,GDX,0.326876,5,0.972972972972973
2023-07-31,TUR,0.31348413,6,0.9662162162162162
2023-07-31,CORN,0.26125133,7,0.9594594594594594
2023-07-31,ICLN,0.25779855,8,0.9527027027027027
2023-07-31,KRE,0.24223414,9,0.9459459459459459
2023-07-31,UNG,0.23828673,10,0.9391891891891891
2023-08-31,PALL,0.53498036,1,1.0
2023-08-31,UNG,0.35384232,2,0.9932432432432432
2023-08-31,CORN,0.28463852,3,0.9864864864864865
2023-08-31,KWEB,0.2544432,4,0.9797297297297297
2023-08-31,EWZ,0.25286797,5,0.972972972972973
2023-08-31,KRE,0.20280407,6,0.9662162162162162
2023-08-31,SOXX,0.1940356,7,0.9594594594594594
2023-08-31,GDX,0.17664322,8,0.9527027027027027
2023-08-31,GDXJ,0.1706554,9,0.9459459459459459
2023-08-31,KBE,0.16412964,10,0.9391891891891891
2023-09-29,EDV,0.89690346,1,1.0
2023-09-29,GDXJ,0.5526994,2,0.9932432432432432
2023-09-29,ARGT,0.5169184,3,0.9864864864864865
2023-09-29,UNG,0.37859672,4,0.9797297297297297
2023-09-29,GDX,0.37183356,5,0.972972972972973
2023-09-29,TAN,0.3286806,6,0.9662162162162162
2023-09-29,KRE,0.2977152,7,0.9594594594594594
2023-09-29,KWEB,0.25649342,8,0.9527027027027027
2023-09-29,TUR,0.25119004,9,0.9459459459459459
2023-09-29,SOXX,0.24399215,10,0.9391891891891891
2023-10-31,TUR,0.565448,1,1.0
2023-10-31,EDV,0.52820235,2,0.9932432432432432
2023-10-31,SMH,0.43389285,3,0.9864864864864865
2023-10-31,UNG,0.41494524,4,0.9797297297297297
2023-10-31,TAN,0.3766516,5,0.972972972972973
2023-10-31,SOXX,0.37262276,6,0.9662162162162162
2023-10-31,GDXJ,0.344726,7,0.9594594594594594
2023-10-31,GDX,0.28382355,8,0.9527027027027027
2023-10-31,KWEB,0.2588278,9,0.9459459459459459
2023-10-31,PALL,0.24687798,10,0.9391891891891891
2023-11-30,UNG,0.48115462,1,1.0
2023-11-30,EDV,0.42238668,2,0.9932432432432432
2023-11-30,SMH,0.28441253,3,0.9864864864864865
2023-11-30,URA,0.28368023,4,0.9797297297297297
2023-11-30,FXI,0.27884525,5,0.972972972972973
2023-11-30,DBO,0.23801215,6,0.9662162162162162
2023-11-30,ICLN,0.23548087,7,0.9594594594594594
2023-11-30,SOXX,0.19680658,8,0.9527027027027027
2023-11-30,XBI,0.13269868,9,0.9459459459459459
2023-11-30,GDXJ,0.1277732,10,0.9391891891891891
2023-12-29,DBO,0.55839616,1,1.0
2023-12-29,TUR,0.44383845,2,0.9932432432432432
2023-12-29,UNG,0.38641113,3,0.9864864864864865
2023-12-29,KWEB,0.35135257,4,0.9797297297297297
2023-12-29,USO,0.28186354,5,0.972972972972973
2023-12-29,FXI,0.25476828,6,0.9662162162162162
2023-12-29,XRT,0.20122431,7,0.9594594594594594
2023-12-29,BNO,0.15468618,8,0.9527027027027027
2023-12-29,KRE,0.14837202,9,0.9459459459459459
2023-12-29,XBI,0.1445429,10,0.9391891891891891
2024-01-31,UNG,0.42291233,1,1.0
2024-01-31,KWEB,0.3960935,2,0.9932432432432432
2024-01-31,EZA,0.32338765,3,0.9864864864864865
2024-01-31,PALL,0.31702745,4,0.9797297297297297
2024-01-31,GDXJ,0.22986442,5,0.972972972972973
2024-01-31,GDX,0.21443541,6,0.9662162162162162
2024-01-31,EDV,0.18453325,7,0.9594594594594594
2024-01-31,KBE,0.17892759,8,0.9527027027027027
2024-01-31,KRE,0.1668635,9,0.9459459459459459
2024-01-31,SOXX,0.1625069,10,0.9391891891891891
2024-02-29,GDXJ,0.55270356,1,1.0
2024-02-29,GDX,0.46232948,2,0.9932432432432432
2024-02-29,EZA,0.41752768,3,0.9864864864864865
2024-02-29,KWEB,0.34612277,4,0.9797297297297297
2024-02-29,UNG,0.31742153,5,0.972972972972973
2024-02-29,TAN,0.31157005,6,0.9662162162162162
2024-02-29,MCHI,0.28017297,7,0.9594594594594594
2024-02-29,KRE,0.25911808,8,0.9527027027027027
2024-02-29,PALL,0.25529674,9,0.9459459459459459
2024-02-29,URA,0.22648941,10,0.9391891891891891
2024-03-28,UNG,0.6310895,1,1.0
2024-03-28,KRE,0.2554121,2,0.9932432432432432
2024-03-28,PALL,0.25437298,3,0.9864864864864865
2024-03-28,SOXX,0.24877428,4,0.9797297297297297
2024-03-28,XBI,0.23665372,5,0.972972972972973
2024-03-28,SMH,0.23091894,6,0.9662162162162162
2024-03-28,EZA,0.20960003,7,0.9594594594594594
2024-03-28,FXI,0.20099552,8,0.9527027027027027
2024-03-28,EWH,0.19989543,9,0.9459459459459459
2024-03-28,TAN,0.1980939,10,0.9391891891891891
2024-04-30,PALL,0.6214609,1,1.0
2024-04-30,URA,0.48144487,2,0.9932432432432432
2024-04-30,UNG,0.47319147,3,0.9864864864864865
2024-04-30,KRE,0.41882825,4,0.9797297297297297
2024-04-30,XBI,0.35538316,5,0.972972972972973
2024-04-30,KWEB,0.3423827,6,0.9662162162162162
2024-04-30,PPLT,0.26482886,7,0.9594594594594594
2024-04-30,SOXX,0.24143769,8,0.9527027027027027
2024-04-30,SLV,0.23674072,9,0.9459459459459459
2024-04-30,TAN,0.23484805,10,0.9391891891891891
2024-05-31,PALL,0.2984296,1,1.0
2024-05-31,IGV,0.24075305,2,0.9932432432432432
2024-05-31,SMH,0.1625222,3,0.9864864864864865
2024-05-31,GDX,0.15762196,4,0.9797297297297297
2024-05-31,GDXJ,0.14231217,5,0.972972972972973
2024-05-31,FXI,0.11767905,6,0.9662162162162162
2024-05-31,SOXX,0.10108501,7,0.9594594594594594
2024-05-31,URA,0.098452345,8,0.9527027027027027
2024-05-31,KWEB,0.07655649,9,0.9459459459459459
2024-05-31,TAN,0.07294628,10,0.9391891891891891
2024-06-28,KWEB,0.6330413,1,1.0
2024-06-28,TAN,0.363468,2,0.9932432432432432
2024-06-28,SLV,0.2812721,3,0.9864864864864865
2024-06-28,GDXJ,0.26971892,4,0.9797297297297297
2024-06-28,URA,0.25906307,5,0.972972972972973
2024-06-28,ARGT,0.22315702,6,0.9662162162162162
2024-06-28,EDV,0.16097125,7,0.9594594594594594
2024-06-28,SOXX,0.15077761,8,0.9527027027027027
2024-06-28,UNG,0.1319164,9,0.9459459459459459
2024-06-28,SMH,0.09594418,10,0.9391891891891891
2024-07-31,SLV,0.49235576,1,1.0
2024-07-31,KWEB,0.48677346,2,0.9932432432432432
2024-07-31,PALL,0.45497605,3,0.9864864864864865
2024-07-31,UNG,0.4319853,4,0.9797297297297297
2024-07-31,URA,0.3870463,5,0.972972972972973
2024-07-31,SMH,0.118729316,6,0.9662162162162162
2024-07-31,GDXJ,0.093673356,7,0.9594594594594594
2024-07-31,TAN,0.060525365,8,0.9527027027027027
2024-07-31,KBE,0.03417838,9,0.9459459459459459
2024-07-31,SOXX,0.005533965,10,0.9391891891891891
2024-08-30,TAN,0.54812986,1,1.0
2024-08-30,UNG,0.4820555,2,0.9932432432432432
2024-08-30,PPLT,0.45323572,3,0.9864864864864865
2024-08-30,KWEB,0.35818303,4,0.9797297297297297
2024-08-30,PALL,0.3402296,5,0.972972972972973
2024-08-30,SLV,0.309916,6,0.9662162162162162
2024-08-30,URA,0.29602525,7,0.9594594594594594
2024-08-30,GDXJ,0.22535007,8,0.9527027027027027
2024-08-30,SMH,0.19340117,9,0.9459459459459459
2024-08-30,GDX,0.17323235,10,0.9391891891891891
2024-09-30,SOXX,0.3394432,1,1.0
2024-09-30,SMH,0.28644457,2,0.9932432432432432
2024-09-30,TAN,0.18901627,3,0.9864864864864865
2024-09-30,USO,0.17691551,4,0.9797297297297297
2024-09-30,SLV,0.17002693,5,0.972972972972973
2024-09-30,URA,0.15767232,6,0.9662162162162162
2024-09-30,KBE,0.13864835,7,0.9594594594594594
2024-09-30,PALL,0.12408927,8,0.9527027027027027
2024-09-30,KWEB,0.10116009,9,0.9459459459459459
2024-09-30,EWY,0.08821757,10,0.9391891891891891
2024-10-31,SOXX,0.629486,1,1.0
2024-10-31,SMH,0.4648203,2,0.9932432432432432
2024-10-31,UNG,0.29812446,3,0.9864864864864865
2024-10-31,TAN,0.21629591,4,0.9797297297297297
2024-10-31,XLK,0.16014001,5,0.972972972972973
2024-10-31,EDV,0.13928922,6,0.9662162162162162
2024-10-31,USO,0.13589059,7,0.9594594594594594
2024-10-31,FXI,0.09457804,8,0.9527027027027027
2024-10-31,KWEB,0.076791115,9,0.9459459459459459
2024-10-31,MCHI,0.06985636,10,0.9391891891891891
2024-11-29,SOXX,0.55474836,1,1.0
2024-11-29,SMH,0.37291986,2,0.9932432432432432
2024-11-29,PALL,0.34888223,3,0.9864864864864865
2024-11-29,KWEB,0.28482014,4,0.9797297297297297
2024-11-29,FXI,0.21516994,5,0.972972972972973
2024-11-29,MCHI,0.20425576,6,0.9662162162162162
2024-11-29,KRE,0.19980669,7,0.9594594594594594
2024-11-29,TAN,0.18147017,8,0.9527027027027027
2024-11-29,KBE,0.14928398,9,0.9459459459459459
2024-11-29,EDV,0.13180374,10,0.9391891891891891
2024-12-31,TAN,0.5908069,1,1.0
2024-12-31,URA,0.5103432,2,0.9932432432432432
2024-12-31,GDX,0.4141029,3,0.9864864864864865
2024-12-31,KWEB,0.40908417,4,0.9797297297297297
2024-12-31,PALL,0.33918577,5,0.972972972972973
2024-12-31,GDXJ,0.28888413,6,0.9662162162162162
2024-12-31,SMH,0.212165,7,0.9594594594594594
2024-12-31,IGV,0.21135005,8,0.9527027027027027
2024-12-31,FDN,0.20523606,9,0.9459459459459459
2024-12-31,HACK,0.16168784,10,0.9391891891891891
2025-01-31,SOXX,0.63307196,1,1.0
2025-01-31,XLK,0.61985797,2,0.9932432432432432
2025-01-31,SMH,0.5937916,3,0.9864864864864865
2025-01-31,IGV,0.31362602,4,0.9797297297297297
2025-01-31,EWZ,0.2615148,5,0.972972972972973
2025-01-31,GDXJ,0.24746014,6,0.9662162162162162
2025-01-31,URA,0.23518431,7,0.9594594594594594
2025-01-31,UNG,0.22568502,8,0.9527027027027027
2025-01-31,HACK,0.20992479,9,0.9459459459459459
2025-01-31,TAN,0.20147637,10,0.9391891891891891
2025-02-28,TAN,0.55133486,1,1.0
2025-02-28,URA,0.40954202,2,0.9932432432432432
2025-02-28,MCHI,0.33216375,3,0.9864864864864865
2025-02-28,KWEB,0.29482928,4,0.9797297297297297
2025-02-28,EIDO,0.28466818,5,0.972972972972973
2025-02-28,FXI,0.20569836,6,0.9662162162162162
2025-02-28,EPOL,0.15472162,7,0.9594594594594594
2025-02-28,SOXX,0.10683104,8,0.9527027027027027
2025-02-28,XRT,0.10146408,9,0.9459459459459459
2025-02-28,SMH,0.0986233,10,0.9391891891891891
2025-03-31,SMH,0.5913456,1,1.0
2025-03-31,SOXX,0.40824562,2,0.9932432432432432
2025-03-31,IGV,0.39309537,3,0.9864864864864865
2025-03-31,XLK,0.32944846,4,0.9797297297297297
2025-03-31,URA,0.28073987,5,0.972972972972973
2025-03-31,XBI,0.2256262,6,0.9662162162162162
2025-03-31,IWF,0.21397614,7,0.9594594594594594
2025-03-31,EIDO,0.19645517,8,0.9527027027027027
2025-03-31,FDN,0.17740636,9,0.9459459459459459
2025-03-31,VUG,0.16188774,10,0.9391891891891891
2025-04-30,DBO,0.7027423,1,1.0
2025-04-30,CPER,0.6605462,2,0.9932432432432432
2025-04-30,USO,0.651676,3,0.9864864864864865
2025-04-30,BNO,0.59121406,4,0.9797297297297297
2025-04-30,UNG,0.5416108,5,0.972972972972973
2025-04-30,XLE,0.51271385,6,0.9662162162162162
2025-04-30,ARGT,0.3207902,7,0.9594594594594594
2025-04-30,URA,0.32024106,8,0.9527027027027027
2025-04-30,TAN,0.23792008,9,0.9459459459459459
2025-04-30,IYT,0.22366756,10,0.9391891891891891
2025-05-30,USO,0.52924246,1,1.0
2025-05-30,DBO,0.52279204,2,0.9932432432432432
2025-05-30,UNG,0.5112566,3,0.9864864864864865
2025-05-30,PALL,0.45596755,4,0.9797297297297297
2025-05-30,BNO,0.42702976,5,0.972972972972973
2025-05-30,XLE,0.39655203,6,0.9662162162162162
2025-05-30,CPER,0.30992675,7,0.9594594594594594
2025-05-30,EWZ,0.2633919,8,0.9527027027027027
2025-05-30,KWEB,0.19648679,9,0.9459459459459459
2025-05-30,XBI,0.17273708,10,0.9391891891891891
2025-06-30,DBO,0.5995271,1,1.0
2025-06-30,USL,0.5895655,2,0.9932432432432432
2025-06-30,UNG,0.5740821,3,0.9864864864864865
2025-06-30,XLE,0.50609714,4,0.9797297297297297
2025-06-30,GSG,0.48951653,5,0.972972972972973
2025-06-30,TUR,0.39782116,6,0.9662162162162162
2025-06-30,BNO,0.39196002,7,0.9594594594594594
2025-06-30,USO,0.37617043,8,0.9527027027027027
2025-06-30,CPER,0.33945116,9,0.9459459459459459
2025-06-30,COMT,0.32617825,10,0.9391891891891891
2025-07-31,TAN,0.6855045,1,1.0
2025-07-31,WOOD,0.44092888,2,0.9932432432432432
2025-07-31,UNG,0.3532794,3,0.9864864864864865
2025-07-31,EWZ,0.33224145,4,0.9797297297297297
2025-07-31,KWEB,0.2963499,5,0.972972972972973
2025-07-31,CPER,0.21250539,6,0.9662162162162162
2025-07-31,PPLT,0.18988912,7,0.9594594594594594
2025-07-31,ARGT,0.15432423,8,0.9527027027027027
2025-07-31,SLV,0.13433987,9,0.9459459459459459
2025-07-31,GDXJ,0.10371738,10,0.9391891891891891
2025-08-29,ARGT,0.44791308,1,1.0
2025-08-29,UNG,0.33834556,2,0.9932432432432432
2025-08-29,EPOL,0.24418826,3,0.9864864864864865
2025-08-29,EIDO,0.23794563,4,0.9797297297297297
2025-08-29,PALL,0.0813984,5,0.972972972972973
2025-08-29,URA,0.027821146,6,0.9662162162162162
2025-08-29,SMH,0.018557534,7,0.9594594594594594
2025-08-29,GDXJ,-0.014335189,8,0.9527027027027027
2025-08-29,SOXX,-0.021814374,9,0.9459459459459459
2025-08-29,IGV,-0.029428907,10,0.9391891891891891
2025-09-30,EPHE,0.5079191,1,1.0
2025-09-30,CPER,0.4642621,2,0.9932432432432432
2025-09-30,UNG,0.43754283,3,0.9864864864864865
2025-09-30,ARGT,0.32830516,4,0.9797297297297297
2025-09-30,USO,0.21380635,5,0.972972972972973
2025-09-30,EWY,0.18128921,6,0.9662162162162162
2025-09-30,DBO,0.17549145,7,0.9594594594594594
2025-09-30,URA,0.16227256,8,0.9527027027027027
2025-09-30,PPLT,0.11628431,9,0.9459459459459459
2025-09-30,USL,0.085504964,10,0.9391891891891891
2025-10-31,XRT,0.15544403,1,1.0
2025-10-31,GLD,0.1552656,2,0.9932432432432432
2025-10-31,IAU,0.14452793,3,0.9864864864864865
2025-10-31,USO,0.14229709,4,0.9797297297297297
2025-10-31,BNO,0.13027036,5,0.972972972972973
2025-10-31,UNG,0.124515116,6,0.9662162162162162
2025-10-31,ARGT,0.115408614,7,0.9594594594594594
2025-10-31,DBO,0.10244706,8,0.9527027027027027
2025-10-31,KRE,0.08202936,9,0.9459459459459459
2025-10-31,PPLT,0.06525891,10,0.9391891891891891
2025-11-28,KRE,0.27117416,1,1.0
2025-11-28,KBE,0.21451329,2,0.9932432432432432
2025-11-28,URA,0.1699134,3,0.9864864864864865
2025-11-28,XRT,0.16583164,4,0.9797297297297297
2025-11-28,ICLN,0.11187579,5,0.972972972972973
2025-11-28,KWEB,0.09621599,6,0.9662162162162162
2025-11-28,EWY,0.08906488,7,0.9594594594594594
2025-11-28,IGV,0.07528087,8,0.9527027027027027
2025-11-28,ARGT,0.039912816,9,0.9459459459459459
2025-11-28,SLV,0.034955904,10,0.9391891891891891
2025-12-31,URA,0.6107552,1,1.0
2025-12-31,GDX,0.41763127,2,0.9932432432432432
2025-12-31,GLD,0.40353766,3,0.9864864864864865
2025-12-31,GDXJ,0.38968936,4,0.9797297297297297
2025-12-31,IAU,0.29386976,5,0.972972972972973
2025-12-31,PPLT,0.260628,6,0.9662162162162162
2025-12-31,PALL,0.24694616,7,0.9594594594594594
2025-12-31,SLV,0.23869501,8,0.9527027027027027
2025-12-31,UNG,0.22997157,9,0.9459459459459459
2025-12-31,KWEB,0.21786287,10,0.9391891891891891
2026-01-30,GDX,0.4081636,1,1.0
2026-01-30,URA,0.4069566,2,0.9932432432432432
2026-01-30,GDXJ,0.3459904,3,0.9864864864864865
2026-01-30,EZA,0.32612807,4,0.9797297297297297
2026-01-30,CPER,0.28117096,5,0.972972972972973
2026-01-30,GLD,0.26933968,6,0.9662162162162162
2026-01-30,PPLT,0.25059137,7,0.9594594594594594
2026-01-30,IAU,0.24548516,8,0.9527027027027027
2026-01-30,PALL,0.23660676,9,0.9459459459459459
2026-01-30,SMH,0.20959651,10,0.9391891891891891
2026-02-27,KBE,0.6004271,1,1.0
2026-02-27,KRE,0.58351,2,0.9932432432432432
2026-02-27,UNG,0.39135122,3,0.9864864864864865
2026-02-27,PALL,0.27424997,4,0.9797297297297297
2026-02-27,PPLT,0.22787596,5,0.972972972972973
2026-02-27,EWY,0.22711937,6,0.9662162162162162
2026-02-27,IGV,0.20176972,7,0.9594594594594594
2026-02-27,ARGT,0.18445487,8,0.9527027027027027
2026-02-27,HACK,0.17038839,9,0.9459459459459459
2026-02-27,URA,0.16621311,10,0.9391891891891891
2026-03-31,SOXX,0.5375216,1,1.0
2026-03-31,SMH,0.4996296,2,0.9932432432432432
2026-03-31,IGV,0.4964711,3,0.9864864864864865
2026-03-31,PPLT,0.32660332,4,0.9797297297297297
2026-03-31,PALL,0.25500676,5,0.972972972972973
2026-03-31,UNG,0.23191345,6,0.9662162162162162
2026-03-31,GDX,0.20135511,7,0.9594594594594594
2026-03-31,EWY,0.14379391,8,0.9527027027027027
2026-03-31,URA,0.14052194,9,0.9459459459459459
2026-03-31,GDXJ,0.11568536,10,0.9391891891891891
2026-04-30,GDXJ,0.61064595,1,1.0
2026-04-30,PALL,0.54060173,2,0.9932432432432432
2026-04-30,PPLT,0.50020605,3,0.9864864864864865
2026-04-30,GDX,0.4974856,4,0.9797297297297297
2026-04-30,SLV,0.4255508,5,0.972972972972973
2026-04-30,XBI,0.35863212,6,0.9662162162162162
2026-04-30,UNG,0.31779823,7,0.9594594594594594
2026-04-30,EZA,0.2846273,8,0.9527027027027027
2026-04-30,ICLN,0.20943601,9,0.9459459459459459
2026-04-30,ITA,0.20601164,10,0.9391891891891891
2026-05-29,BNO,0.5203367,1,1.0
2026-05-29,USL,0.51265645,2,0.9932432432432432
2026-05-29,DBO,0.51100576,3,0.9864864864864865
2026-05-29,USO,0.4365648,4,0.9797297297297297
2026-05-29,UNG,0.4245161,5,0.972972972972973
2026-05-29,KWEB,0.3013534,6,0.9662162162162162
2026-05-29,GDX,0.29259455,7,0.9594594594594594
2026-05-29,SLV,0.1677938,8,0.9527027027027027
2026-05-29,ARGT,0.14997858,9,0.9459459459459459
2026-05-29,URA,0.14984125,10,0.9391891891891891
2026-06-30,USO,0.37676102,1,1.0
2026-06-30,SLV,0.3712873,2,0.9932432432432432
2026-06-30,BNO,0.36947954,3,0.9864864864864865
2026-06-30,PPLT,0.36402673,4,0.9797297297297297
2026-06-30,DBO,0.32686034,5,0.972972972972973
2026-06-30,PALL,0.2923282,6,0.9662162162162162
2026-06-30,GDX,0.2393681,7,0.9594594594594594
2026-06-30,URA,0.22252478,8,0.9527027027027027
2026-06-30,TAN,0.209197,9,0.9459459459459459
2026-06-30,IGV,0.20796795,10,0.9391891891891891
