interval_signal_date,outcome_end,annual_return,monthly_return,skill
2017-01-31,2017-03-01,0.018032078726639034,0.035608629092695354,0.32382965604973896
2017-02-28,2017-04-03,0.038791341467102836,0.03879134146710306,2.826034873349547e-15
2017-03-31,2017-05-02,0.02698986746648191,0.02698986746648191,0.0
2017-04-28,2017-06-02,0.005160814777907419,-0.0022821672870596554,-0.9999999998654524
2017-05-31,2017-07-03,-0.021010592022518537,-0.0175676214995778,0.09011428752477707
2017-06-30,2017-08-07,0.015286711614164838,0.01449221654231625,-0.026483720733101138
2017-07-31,2017-09-01,0.0075189300536322445,0.007518930053632689,2.9410713108460734e-14
2017-08-31,2017-10-02,-0.03828753116093109,-0.03828753116093131,-3.021565463601506e-15
2017-09-29,2017-11-01,0.019412093985500478,0.009256894388983028,-0.3520264359949224
2017-10-31,2017-12-01,-0.023683153308507454,-0.03325894312253852,-0.17054906396886454
2017-11-30,2018-01-03,-0.011805407181736616,0.006120060599574595,0.9999999999443736
2017-12-29,2018-02-01,-0.006700559932708239,0.004064161222168794,0.9999999999072273
2018-01-31,2018-03-01,-0.05106260332302448,-0.07040050186628855,-0.16416828859719343
2018-02-28,2018-04-03,-0.011596814517478515,-0.0030988577130387496,0.5796835942035368
2018-03-29,2018-05-02,0.03587860346689964,0.010025012208504158,-0.558868625408507
2018-04-30,2018-06-01,-0.0012849393863950676,-0.016089296527752817,-0.8531048828066355
2018-05-31,2018-07-02,-0.008593308985866188,0.0032757381281975917,0.9999999999159722
2018-06-29,2018-08-02,0.01815433377880593,0.01819369090797296,0.0010730932630063418
2018-07-31,2018-09-04,0.028264651943174623,0.02313752103623079,-0.09850279031465246
2018-08-31,2018-10-01,-0.01690970502699063,0.000839190170927484,0.9999999999441127
2018-09-28,2018-11-01,-0.043453881670898364,-0.047763156770190385,-0.04835945937076117
2018-10-31,2018-12-03,0.01942045123399061,0.017679832050639277,-0.04648899713457981
2018-11-30,2019-01-03,-0.04958521763336732,-0.073114128960451,-0.19772631051282646
2018-12-31,2019-02-01,-0.0008093013832978224,-0.013118672926730968,-0.8844634198442801
2019-01-31,2019-03-01,-0.015138305711404954,-0.014114088387894186,0.03527200784424412
2019-02-28,2019-04-01,0.05441813115264327,0.053363713021490566,-0.009530602325944543
2019-03-29,2019-05-02,0.03251905675464739,0.025574910661984473,-0.11786179181976775
2019-04-30,2019-06-03,-0.056554585873616614,-0.05655538737024579,-7.2963193214108415e-06
2019-05-31,2019-07-01,0.0339378617438042,0.053817753207320074,0.22198289846651148
2019-06-28,2019-08-02,0.003877849757105034,0.051150317043129334,0.8560015800259171
2019-07-31,2019-09-03,0.008029936819665018,0.004539678347990517,-0.27687296358637575
2019-08-30,2019-10-01,0.016615385676145067,-0.0016838357074118182,-0.9999999999449465
2019-09-30,2019-11-01,-0.020908413829305417,-0.04795356069697043,-0.39861612044431094
2019-10-31,2019-12-02,0.0229583269174225,0.025345373893186807,0.04883388130061352
2019-11-29,2020-01-03,0.04193649593623472,0.04638318416130982,0.0492779838458549
2019-12-31,2020-02-03,-0.013061767527102752,0.026967837225050806,0.9999999999748481
2020-01-31,2020-03-02,-0.009973726486991796,-0.009002039716483612,0.05145093506131979
2020-02-28,2020-04-01,-0.10433718819648485,-0.11346058051855079,-0.04439503455696552
2020-03-31,2020-05-04,0.04183458811080665,0.03783369833696382,-0.04925357902855513
2020-04-30,2020-06-02,0.0973687793383482,0.0865873384093836,-0.0561124699365134
2020-05-29,2020-07-01,0.015559977062711727,0.030847425154558517,0.32607155459626613
2020-06-30,2020-08-03,0.028419522421616827,0.015924838481173875,-0.278938845774836
2020-07-31,2020-09-01,0.04917467136515463,0.04917467136515463,0.0
2020-08-31,2020-10-01,-0.021804778678302106,-0.021804778678302217,-2.5179674671840413e-15
2020-09-30,2020-11-02,-0.06742512717162985,-0.06526159513096053,0.01687809735603282
2020-10-30,2020-12-01,0.1622352020374802,0.15263571608472914,-0.028364936552775815
2020-11-30,2021-01-04,0.04161571922548091,0.04161571922548135,5.275679224459378e-15
2020-12-31,2021-02-01,-0.03865216172552788,-0.03865216172552799,-1.4962486772569646e-15
2021-01-29,2021-03-01,0.051397498398408015,0.051397498398408015,0.0
2021-02-26,2021-04-01,0.04323031828131718,0.03723405618939579,-0.07307804386441416
2021-03-31,2021-05-04,0.028405329665405654,0.03304950311046162,0.07444477164931658
2021-04-30,2021-07-01,0.0011927067279855486,-0.00033038141431451784,-0.9999999993431562
2021-06-30,2021-08-02,0.003327293908973017,-0.007733108195428717,-0.9999999999097874
2021-07-30,2021-09-01,0.01469119326760926,0.02020619446053984,0.15670942852677522
2021-08-31,2021-10-01,-0.07733814644205506,-0.0681570985503075,0.06553612956227242
2021-09-30,2021-11-01,0.061298647318293265,0.05701368117076577,-0.035197613400054034
2021-10-29,2021-12-01,-0.0621506103029239,-0.0918922283869047,-0.20071427782917362
2021-11-30,2022-01-04,0.07315882814429675,0.07486568371911906,0.011128913856700232
2021-12-31,2022-02-01,-0.06097837370811143,-0.08328015772694208,-0.16038285167303618
2022-01-31,2022-03-01,-0.08729486999820224,-0.05163506949025165,0.2654957144529485
2022-02-28,2022-04-01,0.022616632797046066,0.011826121712481541,-0.3108877867178135
2022-03-31,2022-05-03,-0.036023300457433516,-0.03495649691927849,0.015304464423898798
2022-04-29,2022-06-01,-0.0073727990725896975,-0.007279368186024704,0.006400091902615396
2022-05-31,2022-07-01,-0.0672618902652884,-0.09121059763473638,-0.15738277802185752
2022-06-30,2022-08-02,0.03359392191871646,0.0737464131912684,0.36577165594144856
2022-07-29,2022-09-01,-0.02383445736428258,-0.023834457364282913,-7.119220569214642e-15
2022-08-31,2022-10-03,-0.07686036140677321,-0.06648257878258723,0.07514339273984415
2022-09-30,2022-11-01,0.08381897726313459,0.08402352603768293,0.0011708832670492145
2022-10-31,2022-12-01,0.02893125492411741,0.029139765078090907,0.0035397083249319506
2022-11-30,2023-01-03,-0.024337282587270304,-0.02851246892880621,-0.08006165115835447
2022-12-30,2023-02-01,0.1252996619706157,0.13205124690169945,0.024710295190449632
2023-01-31,2023-03-01,-0.012215730630015909,-0.01221573063001602,-4.586991715738714e-15
2023-02-28,2023-04-03,-0.10008748619423724,-0.04215468509787745,0.42005069224118036
2023-03-31,2023-05-02,-0.005139755620251374,-0.004382739331223573,0.07968648794444456
2023-04-28,2023-06-01,-0.0902497979457848,-0.012926341268321373,0.7581576727537799
2023-05-31,2023-07-03,0.02453345657611372,0.008755284708448885,-0.47095704206344324
2023-06-30,2023-08-02,-0.007459770856945713,-0.012202715895619054,-0.24234361503633955
2023-07-31,2023-09-01,-0.028482132587461018,-0.028482132587460907,1.9811264530762556e-15
2023-08-31,2023-10-02,-0.035316921337211316,-0.013354451314952498,0.45569212591270314
2023-09-29,2023-11-01,-0.03475937359246872,-0.03834726489436191,-0.0500004596726944
2023-10-31,2023-12-01,0.014995218672812172,0.13906667182021382,0.7948365598692396
2023-11-30,2024-01-03,0.03459474152420361,0.0031500238176094264,-0.830704670200216
2023-12-29,2024-02-05,0.03905420689292893,0.03905420689292893,0.0
2024-01-31,2024-03-01,0.048570571346175484,-0.007203686655239738,-0.9999999999817043
2024-02-29,2024-04-02,0.0584306464545854,0.05964349434995375,0.009982901559741061
2024-03-28,2024-05-07,0.018023526952989144,0.06611017660146401,0.5636762747879303
2024-04-30,2024-06-03,0.019156761462789218,-0.008542860501982719,-0.9999999999637091
2024-05-31,2024-07-01,-0.033214449861525996,-0.033214449861525996,0.0
2024-06-28,2024-08-02,0.02465083532962553,-0.0025633850245361245,-0.9999999999628509
2024-07-31,2024-09-03,0.04932320105784127,0.046567856011239694,-0.02807220213000672
2024-08-30,2024-10-01,0.009594342538975287,-0.009914382459144777,-0.9999999999487508
2024-09-30,2024-11-01,-0.030488840674974482,-0.04185387747966718,-0.15995612322321662
2024-10-31,2024-12-02,-0.014649211195852163,-0.01507693285544065,-0.014496986914706163
2024-11-29,2025-01-03,0.017256862881703805,0.014637105958842822,-0.08149753907313055
2024-12-31,2025-02-03,0.06732773502689038,0.06732773502689016,-1.597398317231905e-15
2025-01-31,2025-03-03,0.025358660405979894,0.04630586928831382,0.2876375097001241
2025-02-28,2025-04-01,-0.04376668710441822,-0.061516264645537944,-0.1730956461644969
2025-03-31,2025-05-02,-0.09298902474033133,-0.0929890247403311,1.2086097961815134e-15
2025-04-30,2025-06-02,0.05778083153104441,0.04305368335741111,-0.14259241333932546
2025-05-30,2025-07-01,0.038523409009940446,0.037922104033648374,-0.0077201099344158764
2025-06-30,2025-08-04,-0.021915221660735007,0.01489945317330954,0.9999999999729353
2025-07-31,2025-09-02,0.030131641790059227,0.03732725558395322,0.10493639245038237
2025-08-29,2025-10-01,0.010022893352561901,0.04596836303683838,0.6367916064500436
2025-09-30,2025-11-03,0.14467099036682618,0.06640367318446438,-0.35517579877194
2025-10-31,2025-12-01,0.02163008643694564,0.02528404482050517,0.07699546355852485
2025-11-28,2026-01-05,0.0647304717661017,0.026806026240020486,-0.40671444556742015
2025-12-31,2026-02-02,-0.00846452923486396,0.017134633300194047,0.999999999960769
2026-01-30,2026-03-02,-0.10774560376289344,-0.10766032066809583,0.000419358589455856
2026-02-27,2026-04-01,-0.017755880939763657,-0.0473967968643354,-0.46096569377124874
2026-03-31,2026-05-05,0.051078961406666235,0.04359794923139004,-0.07722771828982122
2026-04-30,2026-06-01,0.06756886356212566,0.06668724727283348,-0.006357908194914112
