signal_date,last_matured_outcome_end,observations_seen,p_monthly,p_change_last_update,map_run_length,expected_run_length,state,w_annual,w_monthly
2017-01-31,,0,0.5,,0,0.0,50-50,0.5,0.5
2017-02-28,,0,0.5,,0,0.0,50-50,0.5,0.5
2017-03-31,2017-03-01,1,0.6541719858621103,1.0,1,1.0,50-50,0.34582801413788966,0.6541719858621103
2017-04-28,2017-04-03,2,0.6174722848961594,0.07477731417029748,2,1.9252226858297026,50-50,0.38252771510384065,0.6174722848961594
2017-05-31,2017-05-02,3,0.5953240496002143,0.07016434074247149,3,2.7930292659706804,50-50,0.40467595039978566,0.5953240496002143
2017-06-30,2017-06-02,4,0.25888574332103476,0.11671862025909584,4,3.415799551748001,50-50,0.7411142566789652,0.25888574332103476
2017-07-31,2017-07-03,5,0.3275778146880465,0.0734222959534026,5,4.278157290612294,50-50,0.6724221853119535,0.3275778146880465
2017-08-31,2017-08-07,6,0.34455141264054306,0.06693840387349805,6,5.04830796995148,50-50,0.6554485873594569,0.34455141264054306
2017-09-29,2017-09-01,7,0.36397682816725485,0.06635258492255768,7,5.77123092979854,50-50,0.6360231718327451,0.36397682816725485
2017-10-31,2017-10-02,8,0.3791584117015343,0.06566052533174875,8,6.45984583547287,50-50,0.6208415882984657,0.3791584117015343
2017-11-30,2017-11-01,9,0.30477921006790387,0.06567505499430935,9,7.137791247230664,50-50,0.6952207899320961,0.30477921006790387
2017-12-29,2017-12-01,10,0.28823767804623024,0.063574585585846,10,7.781762451651365,50-50,0.7117623219537698,0.28823767804623024
2018-01-31,2018-01-03,11,0.5824207669868815,0.14155135000158145,11,7.480068299533192,50-50,0.4175792330131185,0.5824207669868815
2018-02-28,2018-02-01,12,0.8192401938118306,0.08565893612753366,12,6.3608133459389204,Monthly,0.18075980618816945,0.8192401938118306
2018-03-29,2018-03-01,13,0.7117218837616935,0.08482660078408745,13,7.976082807645912,50-50,0.28827811623830646,0.7117218837616935
2018-04-30,2018-04-03,14,0.811452629821386,0.06549152917372852,14,8.171168449829372,Monthly,0.188547370178614,0.811452629821386
2018-05-31,2018-05-02,15,0.6266330388630224,0.10672984261685382,15,9.20192374713685,50-50,0.37336696113697765,0.6266330388630224
2018-06-29,2018-06-01,16,0.3686000991576425,0.104197582656968,16,8.650448688107703,50-50,0.6313999008423574,0.3686000991576425
2018-07-31,2018-07-02,17,0.6851931140457415,0.13610141416893548,17,9.868373225815418,50-50,0.31480688595425854,0.6851931140457415
2018-08-31,2018-08-02,18,0.6558280306332087,0.06704015136704165,18,10.760562224976578,50-50,0.3441719693667913,0.6558280306332087
2018-09-28,2018-09-04,19,0.6141311971504448,0.06692571116306914,19,11.419069609779136,50-50,0.38586880284955516,0.6141311971504448
2018-10-31,2018-10-01,20,0.8114467587167383,0.09584577819014355,20,10.996695130580973,Monthly,0.18855324128326167,0.8114467587167383
2018-11-30,2018-11-01,21,0.7628008914571063,0.06968109770886115,21,11.947888847637117,Monthly,0.23719910854289372,0.7628008914571063
2018-12-31,2018-12-03,22,0.726692998620984,0.0671171760577751,22,12.595495102054066,50-50,0.273307001379016,0.726692998620984
2019-01-31,2019-01-03,23,0.6633130150249643,0.07014161591287221,23,13.046735989086876,50-50,0.3366869849750357,0.6633130150249643
2019-02-28,2019-02-01,24,0.41884310717748385,0.11100404016042241,24,11.644674458259738,50-50,0.5811568928225161,0.41884310717748385
2019-03-29,2019-03-01,25,0.4637350511069895,0.06772069247438466,25,12.761305005615965,50-50,0.5362649488930105,0.4637350511069895
2019-04-30,2019-04-01,26,0.4780453571803738,0.06519130785597063,26,13.452410956614012,50-50,0.5219546428196262,0.4780453571803738
2019-05-31,2019-05-02,27,0.4597285441426224,0.06456309508697103,27,13.871887928193406,50-50,0.5402714558573776,0.4597285441426224
2019-06-28,2019-06-03,28,0.4709655321508127,0.06436432756004752,28,14.419633317401448,50-50,0.5290344678491873,0.4709655321508127
2019-07-31,2019-07-01,29,0.5299593929508681,0.06669530808164577,29,15.04776731814478,50-50,0.47004060704913186,0.5299593929508681
2019-08-30,2019-08-02,30,0.7161064085512439,0.09305330795244968,30,14.520921233046003,50-50,0.28389359144875614,0.7161064085512439
2019-09-30,2019-09-03,31,0.6233923516149258,0.07452296925265389,31,15.626791249165631,50-50,0.3766076483850742,0.6233923516149258
2019-10-31,2019-10-01,32,0.36561810327579314,0.12281028591953298,32,13.98077512518249,50-50,0.6343818967242069,0.36561810327579314
2019-11-29,2019-11-01,33,0.30542513189591364,0.06629046311862864,33,13.74536693236008,50-50,0.6945748681040864,0.30542513189591364
2019-12-31,2019-12-02,34,0.3562379751087018,0.06873054180806243,34,15.004827631849356,50-50,0.6437620248912982,0.3562379751087018
2020-01-31,2020-01-03,35,0.39028816099576935,0.06617869692670292,35,15.820050646525285,50-50,0.6097118390042306,0.39028816099576935
2020-02-28,2020-02-03,36,0.6490275382512876,0.12488811357928441,36,15.128057385020082,50-50,0.35097246174871244,0.6490275382512876
2020-03-31,2020-03-02,37,0.626413351426004,0.06640413386614874,37,16.176065174871976,50-50,0.37358664857399604,0.626413351426004
2020-04-30,2020-04-01,38,0.5951174564371058,0.06577620588368772,38,16.972160185554422,50-50,0.4048825435628942,0.5951174564371058
2020-05-29,2020-05-04,39,0.5720978137488376,0.06477740596680594,39,17.537621789770284,50-50,0.4279021862511624,0.5720978137488376
2020-06-30,2020-06-02,40,0.5527378281615749,0.06432934732551808,40,17.989632380696577,50-50,0.4472621718384251,0.5527378281615749
2020-07-31,2020-07-01,41,0.6188119557880793,0.06654236992891578,41,18.207253289065626,50-50,0.38118804421192065,0.6188119557880793
2020-08-31,2020-08-03,42,0.5447745228165801,0.06934226774124401,42,18.648332997975047,50-50,0.4552254771834199,0.5447745228165801
2020-09-30,2020-09-01,43,0.5441240701950815,0.06366455790708225,43,19.02702140721905,50-50,0.45587592980491853,0.5441240701950815
2020-10-30,2020-10-01,44,0.5423833702311949,0.06353916004840855,44,19.367691850592266,50-50,0.4576166297688051,0.5423833702311949
2020-11-30,2020-11-02,45,0.5439831881321817,0.06344645834440346,45,19.691661649925678,50-50,0.4560168118678183,0.5439831881321817
2020-12-31,2020-12-01,46,0.5355521155782224,0.06352018632996098,46,19.98425710908394,50-50,0.46444788442177765,0.5355521155782224
2021-01-29,2021-01-04,47,0.5342537753050498,0.06339412996539945,47,20.275633222336463,50-50,0.4657462246949502,0.5342537753050498
2021-02-26,2021-02-01,48,0.5328518479601299,0.06336672316939901,48,20.55591627606867,50-50,0.46714815203987015,0.5328518479601299
2021-03-31,2021-03-01,49,0.531463487961418,0.0633448163773693,49,20.826589205511944,50-50,0.46853651203858204,0.531463487961418
2021-04-30,2021-04-01,50,0.5150239703110652,0.0636236235195176,50,21.05035148134405,50-50,0.48497602968893483,0.5150239703110652
2021-06-30,2021-05-04,51,0.5313911404282518,0.06351632062076898,51,21.338860079354472,50-50,0.46860885957174825,0.5313911404282518
2021-07-30,2021-07-01,52,0.3159849806818734,0.11300021306252099,1,18.766127524278733,50-50,0.6840150193181266,0.3159849806818734
2021-08-31,2021-08-02,53,0.15054989466782706,0.08061710310247777,2,13.821984198717072,Annual,0.8494501053321729,0.15054989466782706
2021-09-30,2021-09-01,54,0.24157685353515865,0.08277266862212791,3,16.879871694472563,Annual,0.7584231464648413,0.24157685353515865
2021-10-29,2021-10-01,55,0.2879971896861476,0.06940864882502902,55,18.2211629138361,50-50,0.7120028103138524,0.2879971896861476
2021-11-30,2021-11-01,56,0.3019068948325498,0.06516561500033596,56,18.941687886312202,50-50,0.6980931051674502,0.3019068948325498
2021-12-31,2021-12-01,57,0.27937815075360073,0.06338455938939713,57,19.207487609750913,50-50,0.7206218492463993,0.27937815075360073
2022-01-31,2022-01-04,58,0.3034226304464582,0.06511074493391576,58,19.781875137740126,50-50,0.6965773695535418,0.3034226304464582
2022-02-28,2022-02-01,59,0.2882900299066941,0.06315877938228652,59,20.050373652401333,50-50,0.7117099700933058,0.2882900299066941
2022-03-31,2022-03-01,60,0.36301941183006853,0.07131872411495381,60,20.558920551283162,50-50,0.6369805881699315,0.36301941183006853
2022-04-29,2022-04-01,61,0.3056172386672844,0.065017525178389,61,20.807643701972403,50-50,0.6943827613327156,0.3056172386672844
2022-05-31,2022-05-03,62,0.32564202662925323,0.06435087066353466,62,21.188724832136963,50-50,0.6743579733707468,0.32564202662925323
2022-06-30,2022-06-01,63,0.33992531740253473,0.06400403664560578,63,21.51246332086032,50-50,0.6600746825974653,0.33992531740253473
2022-07-29,2022-07-01,64,0.3195502800238505,0.06317997307041642,64,21.755491096439386,50-50,0.6804497199761494,0.3195502800238505
2022-08-31,2022-08-02,65,0.4108130061973925,0.07347289672462652,1,21.776283161796727,50-50,0.5891869938026075,0.4108130061973925
2022-09-30,2022-09-01,66,0.40977123582185504,0.06384077209350676,66,22.127264166152493,50-50,0.590228764178145,0.40977123582185504
2022-10-31,2022-10-03,67,0.4276944907596301,0.06415279352840422,67,22.323842814970988,50-50,0.5723055092403699,0.4276944907596301
2022-11-30,2022-11-01,68,0.42816117809946536,0.06359365262521192,1,22.600679996796813,50-50,0.5718388219005346,0.42816117809946536
2022-12-30,2022-12-01,69,0.4303061529609549,0.0635242615752028,1,22.850462491955568,50-50,0.5696938470390451,0.4303061529609549
2023-01-31,2023-01-03,70,0.41550255910374356,0.06347109794129757,1,23.1488873444617,50-50,0.5844974408962564,0.41550255910374356
2023-02-28,2023-02-01,71,0.42527827270590396,0.06355094017234139,1,23.35090167886239,50-50,0.5747217272940961,0.42527827270590396
2023-03-31,2023-03-01,72,0.42841728000831636,0.06339495187242289,1,23.561866192096396,50-50,0.5715827199916836,0.42841728000831636
2023-04-28,2023-04-03,73,0.5207409470435089,0.07155467516790733,1,22.94781804105366,50-50,0.47925905295649107,0.5207409470435089
2023-05-31,2023-05-02,74,0.5263946139710819,0.06371710989566916,1,23.13216461785159,50-50,0.4736053860289181,0.5263946139710819
2023-06-30,2023-06-01,75,0.6810605191472788,0.08315317900365664,1,20.37043464976856,50-50,0.31893948085272117,0.6810605191472788
2023-07-31,2023-07-03,76,0.5430006436334923,0.08423534657133637,1,22.61304487969406,50-50,0.4569993563665077,0.5430006436334923
2023-08-31,2023-08-02,77,0.48572894476103246,0.06725058161216453,2,23.210907634644705,50-50,0.5142710552389675,0.48572894476103246
2023-09-29,2023-09-01,78,0.4903828148782686,0.06389371748847511,1,23.6201038988334,50-50,0.5096171851217314,0.4903828148782686
2023-10-31,2023-10-02,79,0.5887864469165123,0.07165137766788382,1,23.14078061903509,50-50,0.4112135530834877,0.5887864469165123
2023-11-30,2023-11-01,80,0.5634407075267087,0.06443041507048489,1,23.652327762572266,50-50,0.4365592924732913,0.5634407075267087
2023-12-29,2023-12-01,81,0.7166865358130444,0.08470233293527524,1,21.106525613177823,50-50,0.2833134641869556,0.7166865358130444
2024-01-31,2024-01-03,82,0.4981285446127668,0.1209422846112632,1,22.824407053091843,50-50,0.5018714553872332,0.4981285446127668
2024-02-29,2024-02-05,83,0.5117720746752811,0.06494615891847304,2,23.604890625043144,50-50,0.4882279253247189,0.5117720746752811
2024-03-28,2024-03-01,84,0.2865658183030181,0.10742195897996101,3,20.12179517422503,50-50,0.7134341816969819,0.2865658183030181
2024-04-30,2024-04-02,85,0.3334402731531129,0.06869229430685972,4,21.88585671380478,50-50,0.666559726846887,0.3334402731531129
2024-05-31,2024-05-07,86,0.48971587309637205,0.08804219491075412,1,23.225765851966514,50-50,0.510284126903628,0.48971587309637205
2024-06-28,2024-06-03,87,0.26719162456526585,0.10999896865573136,1,21.056338445478374,50-50,0.7328083754347341,0.26719162456526585
2024-07-31,2024-07-01,88,0.3035231661462975,0.06694906748838599,2,22.32085970637355,50-50,0.6964768338537025,0.3035231661462975
2024-08-30,2024-08-02,89,0.1476252132075522,0.08528313265853744,3,17.75412848777068,Annual,0.8523747867924478,0.1476252132075522
2024-09-30,2024-09-03,90,0.188562420136301,0.0694641493550901,9,19.375727743601715,Annual,0.811437579863699,0.188562420136301
2024-10-31,2024-10-01,91,0.08056627439594487,0.07184733492238704,5,15.006470306999832,Annual,0.9194337256040551,0.08056627439594487
2024-11-29,2024-11-01,92,0.10509564856927003,0.06662827229266659,11,16.032008224027017,Annual,0.89490435143073,0.10509564856927003
2024-12-31,2024-12-02,93,0.1431059608538429,0.07060370971649416,12,17.33892484570982,Annual,0.8568940391461571,0.1431059608538429
2025-01-31,2025-01-03,94,0.16176925805885925,0.06620597003550355,13,18.155001698477243,Annual,0.8382307419411408,0.16176925805885925
2025-02-28,2025-02-03,95,0.19175808541851697,0.06770091324888472,14,18.975870213295426,Annual,0.808241914581483,0.19175808541851697
2025-03-31,2025-03-03,96,0.280572970552876,0.07790927235738805,1,19.645269764204052,50-50,0.719427029447124,0.280572970552876
2025-04-30,2025-04-01,97,0.2521991292411736,0.06401197798075735,1,20.296121957551026,50-50,0.7478008707588264,0.2521991292411736
2025-05-30,2025-05-02,98,0.26987163146780185,0.06529104792707334,1,20.76935294280066,50-50,0.7301283685321982,0.26987163146780185
2025-06-30,2025-06-02,99,0.2557380155013878,0.06338352800077207,1,21.200565658723328,50-50,0.7442619844986123,0.2557380155013878
2025-07-31,2025-07-01,100,0.2722648188595787,0.06466270458916495,1,21.566534038766804,50-50,0.7277351811404213,0.2722648188595787
2025-08-29,2025-08-04,101,0.5526228424777893,0.13518623676606664,1,18.000816794066075,50-50,0.44737715752221074,0.5526228424777893
2025-09-30,2025-09-02,102,0.5438194320757406,0.06684675691283411,2,18.78205865916355,50-50,0.45618056792425943,0.5438194320757406
2025-10-31,2025-10-01,103,0.6910577619943802,0.07302015794817991,3,15.971391638803107,50-50,0.3089422380056198,0.6910577619943802
2025-11-28,2025-11-03,104,0.5523620019787399,0.08225626305637687,1,18.85938359732856,50-50,0.44763799802126014,0.5523620019787399
2025-12-31,2025-12-01,105,0.5590655602234508,0.06494539918763505,1,19.35432088150467,50-50,0.4409344397765492,0.5590655602234508
2026-01-30,2026-01-05,106,0.4450374621564072,0.07413751741174818,1,20.627878298656913,50-50,0.5549625378435927,0.4450374621564072
2026-02-27,2026-02-02,107,0.6929273689667885,0.11304338239678839,1,17.476718518031344,50-50,0.3070726310332115,0.6929273689667885
2026-03-31,2026-03-02,108,0.6563408085761799,0.06702348604855465,2,18.582199467538018,50-50,0.34365919142382007,0.6563408085761799
2026-04-30,2026-04-01,109,0.5207641146382691,0.08139276162915456,1,20.203531235899682,50-50,0.4792358853617309,0.5207641146382691
