year,cutoff,n_train_rows,train_signal_dates,n_train_positive,n_train_negative,n_predict_rows,max_train_exit21,maturity_ok
2017,2017-01-01,700,70,70,630,120,2016-12-01,True
2018,2018-01-01,820,82,82,738,120,2017-12-01,True
2019,2019-01-01,940,94,94,846,120,2018-12-03,True
2020,2020-01-01,1060,106,106,954,120,2019-12-03,True
2021,2021-01-01,1190,119,119,1071,120,2020-12-31,True
2022,2022-01-01,1310,131,131,1179,120,2021-12-31,True
2023,2023-01-01,1420,142,142,1278,120,2022-12-01,True
2024,2024-01-01,1540,154,154,1386,120,2023-12-01,True
2025,2025-01-01,1660,166,166,1494,120,2024-12-03,True
2026,2026-01-01,1790,179,179,1611,60,2025-12-31,True
