signal_date,ari,n_common
2005-10-31,0.7402747044112448,58
2005-11-30,0.8809592395218205,58
2005-12-30,0.5922076592258857,60
2006-01-31,0.8086900129701686,60
2006-02-28,0.748276332855485,60
2006-03-31,0.6777937060550209,60
2006-04-28,0.647586865997679,60
2006-05-31,0.7633797528841559,60
2006-06-30,0.5753805009752068,60
2006-07-31,0.6302873062118538,61
2006-08-31,0.8164845173041895,62
2006-09-29,0.7882513661202186,62
2006-10-31,0.6829305250397757,62
2006-11-30,0.6655074172315552,64
2006-12-29,0.6770371532818078,64
2007-01-31,0.7675666345420809,66
2007-02-28,0.6398377281947262,69
2007-03-30,0.6894968710485411,72
2007-04-30,0.8398445980689024,73
2007-05-31,0.6763526252642404,73
2007-06-29,0.6696794835171114,73
2007-07-31,0.4761583728503685,73
2007-08-31,0.5962749242986917,73
2007-09-28,0.8234588651942163,74
2007-10-31,0.8295159386068477,77
2007-11-30,0.7027282019026653,77
2007-12-31,0.7137862217609963,78
2008-01-31,0.5980016870069226,79
2008-02-29,0.501748569811397,79
2008-03-31,0.4819317515652594,79
2008-04-30,0.5056384384025793,81
2008-05-30,0.5808673716891433,81
2008-06-30,0.5754938764543888,81
2008-07-31,0.7141436985858787,81
2008-08-29,0.6751412072828248,82
2008-09-30,0.4274451835427445,83
2008-10-31,0.5117947770386795,83
2008-11-28,0.5359236107988188,84
2008-12-31,0.5679253980073042,88
2009-01-30,0.7325480846298517,89
2009-02-27,0.6440385445131598,90
2009-03-31,0.6552086739633627,92
2009-04-30,0.6709422792303897,92
2009-05-29,0.8123181459662842,93
2009-06-30,0.8526798350057929,93
2009-07-31,0.9011138618532034,93
2009-08-31,0.899095777401228,93
2009-09-30,0.733612852339242,93
2009-10-30,0.47327995803441025,93
2009-11-30,0.4551171979666313,93
2009-12-31,0.6286724608365192,93
2010-01-29,0.600419278508863,93
2010-02-26,0.6044554474128139,93
2010-03-31,0.5842746028930594,93
2010-04-30,0.45108102906268044,93
2010-05-28,0.6024373629608384,93
2010-06-30,0.8506617505538174,93
2010-07-30,0.7191001504801291,93
2010-08-31,0.5350870903528996,96
2010-09-30,0.6527406725583432,96
2010-10-29,0.6487096774193548,99
2010-11-30,0.7320967741935483,99
2010-12-31,0.42693548387096775,99
2011-01-31,0.579447849233635,99
2011-02-28,0.4410349400221903,103
2011-03-31,0.8060718138388041,104
2011-04-29,0.5191863153028201,104
2011-05-31,0.5741772619524059,104
2011-06-30,0.7565192107995846,106
2011-07-29,0.6887144340602285,106
2011-08-31,0.5421604597811404,107
2011-09-30,0.8368096688328817,107
2011-10-31,0.7183498548197873,107
2011-11-30,0.5815242931187379,108
2011-12-30,0.9371929949879162,110
2012-01-31,0.8957974689572247,110
2012-02-29,0.6356060606060606,111
2012-03-30,0.416969696969697,111
2012-04-30,0.5851515151515152,111
2012-05-31,0.8626515151515152,111
2012-06-29,0.9173106060606061,111
2012-07-31,0.5893245579786938,112
2012-08-31,0.4920342132590042,113
2012-09-28,0.5258085341859321,113
2012-10-31,0.7171105809651028,113
2012-11-30,0.775846099228857,114
2012-12-31,0.6750431616039643,114
2013-01-31,0.6830012882585611,114
2013-02-28,0.8793017457386153,114
2013-03-28,0.755950782592365,114
2013-04-30,0.6803485793736955,114
2013-05-31,0.7280973393012762,114
2013-06-28,0.6692345286879235,114
2013-07-31,0.46511668953493013,116
2013-08-30,0.8054969780127018,116
2013-09-30,0.8259709803271543,116
2013-10-31,0.704406591585093,116
2013-11-29,0.8861133621258583,116
2013-12-31,0.6437905269425367,116
2014-01-31,0.7384544686402111,117
2014-02-28,0.8340191820216725,117
2014-03-31,0.9019204257400791,117
2014-04-30,0.5155019272666331,118
2014-05-30,0.5175687922227714,119
2014-06-30,0.588049925852694,119
2014-07-31,0.6386404109236518,119
2014-08-29,0.7325350322817252,120
2014-09-30,0.5677575075267166,120
2014-10-31,0.5737277076989996,120
2014-11-28,0.5486528669754113,120
2014-12-31,0.721788671971616,120
2015-01-30,0.7683562333154227,120
2015-02-27,0.9612105711849958,120
2015-03-31,0.9237168623398927,121
2015-04-30,0.5153086791750106,121
2015-05-29,0.5223501995744051,121
2015-06-30,0.6068484443671394,121
2015-07-31,0.7099416757170492,122
2015-08-31,0.6074139604939616,123
2015-09-30,0.7231474172269555,123
2015-10-30,0.6959160156427217,123
2015-11-30,0.6766271061872227,123
2015-12-31,1.0,123
2016-01-29,0.7912259211875403,123
2016-02-29,0.7390324014844253,123
2016-03-31,0.8388808739599496,123
2016-04-29,0.942133271633503,123
2016-05-31,0.7265513424249848,123
2016-06-30,0.7083970747021622,123
2016-07-29,0.7866873542568347,123
2016-08-31,0.5722400667809928,123
2016-09-30,0.6119525274246672,123
2016-10-31,0.961422181089002,123
2016-11-30,0.6425878542069303,123
2016-12-30,0.8706508424748891,123
2017-01-31,0.834342307029244,123
2017-02-28,0.8695162007422127,123
2017-03-31,0.8910743936630645,123
2017-04-28,0.922844362178004,123
2017-05-31,0.5767786337116985,123
2017-06-30,0.5461433069294354,123
2017-07-31,0.6403185707415775,123
2017-08-31,0.8173226810390978,123
2017-09-29,0.8377462322272732,123
2017-10-31,0.8888051101977117,123
2017-11-30,0.633510720345519,123
2017-12-29,0.6096832439593144,123
2018-01-31,0.8388808739599496,123
2018-02-28,0.627837511682137,123
2018-03-29,0.506430846285761,123
2018-04-30,0.6255682282167842,123
2018-05-31,0.7072624329694858,123
2018-06-29,0.6834349565832811,123
2018-07-31,0.5642975746522579,123
2018-08-31,0.6788963896525755,123
2018-09-28,0.7571866692072479,123
2018-10-31,0.6562035549990473,123
2018-11-30,0.6493957046029888,123
2018-12-31,0.5245851140085835,123
2019-01-31,0.8173226810390978,123
2019-02-28,0.7163395668308971,123
2019-03-29,0.4882765785629384,123
2019-04-30,0.5722400667809928,123
2019-05-31,0.3759470470279736,123
2019-06-28,0.49735371242434967,123
2019-07-31,0.8263998149005091,123
2019-08-30,0.9069593779205343,123
2019-09-30,0.5245851140085835,123
2019-10-31,0.5234504722759071,123
2019-11-29,0.6198950195534021,123
2019-12-31,0.5268543974739364,123
2020-01-31,0.5926636179691682,123
2020-02-28,0.5972021848998739,123
2020-03-31,0.4394869840578527,123
2020-04-30,0.467853027374763,123
2020-05-29,0.8184573227717742,123
2020-06-30,0.8524965747520665,123
2020-07-31,0.9625568228216784,123
2020-08-31,0.834342307029244,123
2020-09-30,0.9432679133661794,123
2020-10-30,0.9239790039106804,123
2020-11-30,0.7413016849497781,123
2020-12-31,0.9239790039106804,123
2021-01-29,0.801437696781628,123
2021-02-26,0.7832834290588054,123
2021-03-31,0.5642975746522579,123
2021-04-30,0.6686846140584878,123
2021-05-28,0.7038585077714565,123
2021-06-30,0.8910743936630645,123
2021-07-30,0.9432679133661794,123
2021-08-31,0.8706508424748891,123
2021-09-30,0.8683815590095363,123
2021-10-29,0.8729201259402419,123
2021-11-30,0.7855527125241583,123
2021-12-31,0.942133271633503,123
2022-01-31,0.7991684133162752,123
2022-02-28,0.6788963896525755,123
2022-03-31,0.4587758935133517,123
2022-04-29,0.8865358267323589,123
2022-05-31,0.942133271633503,123
2022-06-30,0.4996229958897025,123
2022-07-29,0.5586243659888759,123
2022-08-31,0.942133271633503,123
2022-09-30,0.9432679133661794,123
2022-10-31,0.9092286613858871,123
2022-11-30,0.9239790039106804,123
2022-12-30,1.0,123
2023-01-31,0.9239790039106804,123
2023-02-28,0.8706508424748891,123
2023-03-31,0.6232989447514313,123
2023-04-28,0.7923605629202167,123
2023-05-31,0.7934952046528931,123
2023-06-30,0.6800310313852519,123
2023-07-31,0.820726606237127,123
2023-08-31,0.795764488118246,123
2023-09-29,0.8003030550489516,123
2023-10-31,0.8173226810390978,123
2023-11-30,0.9080940196532107,123
2023-12-29,0.9046900944551814,123
2024-01-31,0.8751894094055948,123
2024-02-29,0.7390324014844253,123
2024-03-28,0.7855527125241583,123
2024-04-30,0.8366115904945968,123
2024-05-31,0.768533086534012,123
2024-06-28,0.8570351416827722,123
2024-07-31,0.7413016849497781,123
2024-08-30,0.8524965747520665,123
2024-09-30,0.5540857990581702,123
2024-10-31,0.7673984448013356,123
2024-11-29,0.7889566377221875,123
2024-12-31,0.9432679133661794,123
2025-01-31,0.834342307029244,123
2025-02-28,0.8195919645044506,123
2025-03-31,0.7980337715835988,123
2025-04-30,0.8865358267323589,123
2025-05-30,0.7118009999001914,123
2025-06-30,0.8888051101977117,123
2025-07-31,0.7934952046528931,123
2025-08-29,0.9239790039106804,123
2025-09-30,0.7866873542568347,123
2025-10-31,0.7537827440092186,123
2025-11-28,0.8513619330193901,123
2025-12-31,0.8876704684650353,123
2026-01-30,0.754917385741895,123
2026-02-27,0.7503788188111894,123
2026-03-31,0.9239790039106804,123
2026-04-30,0.8173226810390978,123
2026-05-29,0.7061277912368094,123
2026-06-30,0.5563550825235231,123
2026-07-31,0.6108178856919908,123
